-- MySQL dump 10.13  Distrib 5.6.24, for Win64 (x86_64)
--
-- Host: localhost    Database: yimo
-- ------------------------------------------------------
-- Server version	5.6.24

/*!40101 SET @OLD_CHARACTER_SET_CLIENT=@@CHARACTER_SET_CLIENT */;
/*!40101 SET @OLD_CHARACTER_SET_RESULTS=@@CHARACTER_SET_RESULTS */;
/*!40101 SET @OLD_COLLATION_CONNECTION=@@COLLATION_CONNECTION */;
/*!40101 SET NAMES utf8 */;
/*!40103 SET @OLD_TIME_ZONE=@@TIME_ZONE */;
/*!40103 SET TIME_ZONE='+00:00' */;
/*!40014 SET @OLD_UNIQUE_CHECKS=@@UNIQUE_CHECKS, UNIQUE_CHECKS=0 */;
/*!40014 SET @OLD_FOREIGN_KEY_CHECKS=@@FOREIGN_KEY_CHECKS, FOREIGN_KEY_CHECKS=0 */;
/*!40101 SET @OLD_SQL_MODE=@@SQL_MODE, SQL_MODE='NO_AUTO_VALUE_ON_ZERO' */;
/*!40111 SET @OLD_SQL_NOTES=@@SQL_NOTES, SQL_NOTES=0 */;

--
-- Table structure for table `qrtz_blob_triggers`
--

DROP TABLE IF EXISTS `qrtz_blob_triggers`;
/*!40101 SET @saved_cs_client     = @@character_set_client */;
/*!40101 SET character_set_client = utf8 */;
CREATE TABLE `qrtz_blob_triggers` (
  `SCHED_NAME` varchar(120) NOT NULL,
  `TRIGGER_NAME` varchar(190) NOT NULL,
  `TRIGGER_GROUP` varchar(190) NOT NULL,
  `BLOB_DATA` blob,
  PRIMARY KEY (`SCHED_NAME`,`TRIGGER_NAME`,`TRIGGER_GROUP`),
  KEY `SCHED_NAME` (`SCHED_NAME`,`TRIGGER_NAME`,`TRIGGER_GROUP`),
  CONSTRAINT `qrtz_blob_triggers_ibfk_1` FOREIGN KEY (`SCHED_NAME`, `TRIGGER_NAME`, `TRIGGER_GROUP`) REFERENCES `qrtz_triggers` (`SCHED_NAME`, `TRIGGER_NAME`, `TRIGGER_GROUP`)
) ENGINE=InnoDB DEFAULT CHARSET=utf8;
/*!40101 SET character_set_client = @saved_cs_client */;

--
-- Dumping data for table `qrtz_blob_triggers`
--

LOCK TABLES `qrtz_blob_triggers` WRITE;
/*!40000 ALTER TABLE `qrtz_blob_triggers` DISABLE KEYS */;
/*!40000 ALTER TABLE `qrtz_blob_triggers` ENABLE KEYS */;
UNLOCK TABLES;

--
-- Table structure for table `qrtz_calendars`
--

DROP TABLE IF EXISTS `qrtz_calendars`;
/*!40101 SET @saved_cs_client     = @@character_set_client */;
/*!40101 SET character_set_client = utf8 */;
CREATE TABLE `qrtz_calendars` (
  `SCHED_NAME` varchar(120) NOT NULL,
  `CALENDAR_NAME` varchar(190) NOT NULL,
  `CALENDAR` blob NOT NULL,
  PRIMARY KEY (`SCHED_NAME`,`CALENDAR_NAME`)
) ENGINE=InnoDB DEFAULT CHARSET=utf8;
/*!40101 SET character_set_client = @saved_cs_client */;

--
-- Dumping data for table `qrtz_calendars`
--

LOCK TABLES `qrtz_calendars` WRITE;
/*!40000 ALTER TABLE `qrtz_calendars` DISABLE KEYS */;
/*!40000 ALTER TABLE `qrtz_calendars` ENABLE KEYS */;
UNLOCK TABLES;

--
-- Table structure for table `qrtz_cron_triggers`
--

DROP TABLE IF EXISTS `qrtz_cron_triggers`;
/*!40101 SET @saved_cs_client     = @@character_set_client */;
/*!40101 SET character_set_client = utf8 */;
CREATE TABLE `qrtz_cron_triggers` (
  `SCHED_NAME` varchar(120) NOT NULL,
  `TRIGGER_NAME` varchar(190) NOT NULL,
  `TRIGGER_GROUP` varchar(190) NOT NULL,
  `CRON_EXPRESSION` varchar(120) NOT NULL,
  `TIME_ZONE_ID` varchar(80) DEFAULT NULL,
  PRIMARY KEY (`SCHED_NAME`,`TRIGGER_NAME`,`TRIGGER_GROUP`),
  CONSTRAINT `qrtz_cron_triggers_ibfk_1` FOREIGN KEY (`SCHED_NAME`, `TRIGGER_NAME`, `TRIGGER_GROUP`) REFERENCES `qrtz_triggers` (`SCHED_NAME`, `TRIGGER_NAME`, `TRIGGER_GROUP`)
) ENGINE=InnoDB DEFAULT CHARSET=utf8;
/*!40101 SET character_set_client = @saved_cs_client */;

--
-- Dumping data for table `qrtz_cron_triggers`
--

LOCK TABLES `qrtz_cron_triggers` WRITE;
/*!40000 ALTER TABLE `qrtz_cron_triggers` DISABLE KEYS */;
INSERT INTO `qrtz_cron_triggers` VALUES ('YiMoScheduler','myCronJobTrigger','DEFAULT','* 6 * * * ?','Asia/Shanghai');
/*!40000 ALTER TABLE `qrtz_cron_triggers` ENABLE KEYS */;
UNLOCK TABLES;

--
-- Table structure for table `qrtz_fired_triggers`
--

DROP TABLE IF EXISTS `qrtz_fired_triggers`;
/*!40101 SET @saved_cs_client     = @@character_set_client */;
/*!40101 SET character_set_client = utf8 */;
CREATE TABLE `qrtz_fired_triggers` (
  `SCHED_NAME` varchar(120) NOT NULL,
  `ENTRY_ID` varchar(95) NOT NULL,
  `TRIGGER_NAME` varchar(190) NOT NULL,
  `TRIGGER_GROUP` varchar(190) NOT NULL,
  `INSTANCE_NAME` varchar(190) NOT NULL,
  `FIRED_TIME` bigint(13) NOT NULL,
  `SCHED_TIME` bigint(13) NOT NULL,
  `PRIORITY` int(11) NOT NULL,
  `STATE` varchar(16) NOT NULL,
  `JOB_NAME` varchar(190) DEFAULT NULL,
  `JOB_GROUP` varchar(190) DEFAULT NULL,
  `IS_NONCONCURRENT` varchar(1) DEFAULT NULL,
  `REQUESTS_RECOVERY` varchar(1) DEFAULT NULL,
  PRIMARY KEY (`SCHED_NAME`,`ENTRY_ID`),
  KEY `IDX_QRTZ_FT_TRIG_INST_NAME` (`SCHED_NAME`,`INSTANCE_NAME`),
  KEY `IDX_QRTZ_FT_INST_JOB_REQ_RCVRY` (`SCHED_NAME`,`INSTANCE_NAME`,`REQUESTS_RECOVERY`),
  KEY `IDX_QRTZ_FT_J_G` (`SCHED_NAME`,`JOB_NAME`,`JOB_GROUP`),
  KEY `IDX_QRTZ_FT_JG` (`SCHED_NAME`,`JOB_GROUP`),
  KEY `IDX_QRTZ_FT_T_G` (`SCHED_NAME`,`TRIGGER_NAME`,`TRIGGER_GROUP`),
  KEY `IDX_QRTZ_FT_TG` (`SCHED_NAME`,`TRIGGER_GROUP`)
) ENGINE=InnoDB DEFAULT CHARSET=utf8;
/*!40101 SET character_set_client = @saved_cs_client */;

--
-- Dumping data for table `qrtz_fired_triggers`
--

LOCK TABLES `qrtz_fired_triggers` WRITE;
/*!40000 ALTER TABLE `qrtz_fired_triggers` DISABLE KEYS */;
/*!40000 ALTER TABLE `qrtz_fired_triggers` ENABLE KEYS */;
UNLOCK TABLES;

--
-- Table structure for table `qrtz_job_details`
--

DROP TABLE IF EXISTS `qrtz_job_details`;
/*!40101 SET @saved_cs_client     = @@character_set_client */;
/*!40101 SET character_set_client = utf8 */;
CREATE TABLE `qrtz_job_details` (
  `SCHED_NAME` varchar(120) NOT NULL,
  `JOB_NAME` varchar(190) NOT NULL,
  `JOB_GROUP` varchar(190) NOT NULL,
  `DESCRIPTION` varchar(250) DEFAULT NULL,
  `JOB_CLASS_NAME` varchar(250) NOT NULL,
  `IS_DURABLE` varchar(1) NOT NULL,
  `IS_NONCONCURRENT` varchar(1) NOT NULL,
  `IS_UPDATE_DATA` varchar(1) NOT NULL,
  `REQUESTS_RECOVERY` varchar(1) NOT NULL,
  `JOB_DATA` blob,
  PRIMARY KEY (`SCHED_NAME`,`JOB_NAME`,`JOB_GROUP`),
  KEY `IDX_QRTZ_J_REQ_RECOVERY` (`SCHED_NAME`,`REQUESTS_RECOVERY`),
  KEY `IDX_QRTZ_J_GRP` (`SCHED_NAME`,`JOB_GROUP`)
) ENGINE=InnoDB DEFAULT CHARSET=utf8;
/*!40101 SET character_set_client = @saved_cs_client */;

--
-- Dumping data for table `qrtz_job_details`
--

LOCK TABLES `qrtz_job_details` WRITE;
/*!40000 ALTER TABLE `qrtz_job_details` DISABLE KEYS */;
INSERT INTO `qrtz_job_details` VALUES ('YiMoScheduler','SyncOnlineStatusJob','DEFAULT',NULL,'top.yimo.common.quartz.job.SyncOnlineStatusJob','1','0','0','0','¬í\0sr\0org.quartz.JobDataMapŸ°ƒè¿©°Ë\0\0xr\0&org.quartz.utils.StringKeyDirtyFlagMap‚èÃûÅ](\0Z\0allowsTransientDataxr\0org.quartz.utils.DirtyFlagMapæ.­(v\nÎ\0Z\0dirtyL\0mapt\0Ljava/util/Map;xp\0sr\0java.util.HashMapÚÁÃ`Ñ\0F\0\nloadFactorI\0	thresholdxp?@\0\0\0\0\0w\0\0\0\0\0\0\0x\0');
/*!40000 ALTER TABLE `qrtz_job_details` ENABLE KEYS */;
UNLOCK TABLES;

--
-- Table structure for table `qrtz_locks`
--

DROP TABLE IF EXISTS `qrtz_locks`;
/*!40101 SET @saved_cs_client     = @@character_set_client */;
/*!40101 SET character_set_client = utf8 */;
CREATE TABLE `qrtz_locks` (
  `SCHED_NAME` varchar(120) NOT NULL,
  `LOCK_NAME` varchar(40) NOT NULL,
  PRIMARY KEY (`SCHED_NAME`,`LOCK_NAME`)
) ENGINE=InnoDB DEFAULT CHARSET=utf8;
/*!40101 SET character_set_client = @saved_cs_client */;

--
-- Dumping data for table `qrtz_locks`
--

LOCK TABLES `qrtz_locks` WRITE;
/*!40000 ALTER TABLE `qrtz_locks` DISABLE KEYS */;
INSERT INTO `qrtz_locks` VALUES ('clusteredScheduler','TRIGGER_ACCESS'),('YiMoScheduler','TRIGGER_ACCESS');
/*!40000 ALTER TABLE `qrtz_locks` ENABLE KEYS */;
UNLOCK TABLES;

--
-- Table structure for table `qrtz_paused_trigger_grps`
--

DROP TABLE IF EXISTS `qrtz_paused_trigger_grps`;
/*!40101 SET @saved_cs_client     = @@character_set_client */;
/*!40101 SET character_set_client = utf8 */;
CREATE TABLE `qrtz_paused_trigger_grps` (
  `SCHED_NAME` varchar(120) NOT NULL,
  `TRIGGER_GROUP` varchar(190) NOT NULL,
  PRIMARY KEY (`SCHED_NAME`,`TRIGGER_GROUP`)
) ENGINE=InnoDB DEFAULT CHARSET=utf8;
/*!40101 SET character_set_client = @saved_cs_client */;

--
-- Dumping data for table `qrtz_paused_trigger_grps`
--

LOCK TABLES `qrtz_paused_trigger_grps` WRITE;
/*!40000 ALTER TABLE `qrtz_paused_trigger_grps` DISABLE KEYS */;
/*!40000 ALTER TABLE `qrtz_paused_trigger_grps` ENABLE KEYS */;
UNLOCK TABLES;

--
-- Table structure for table `qrtz_scheduler_state`
--

DROP TABLE IF EXISTS `qrtz_scheduler_state`;
/*!40101 SET @saved_cs_client     = @@character_set_client */;
/*!40101 SET character_set_client = utf8 */;
CREATE TABLE `qrtz_scheduler_state` (
  `SCHED_NAME` varchar(120) NOT NULL,
  `INSTANCE_NAME` varchar(190) NOT NULL,
  `LAST_CHECKIN_TIME` bigint(13) NOT NULL,
  `CHECKIN_INTERVAL` bigint(13) NOT NULL,
  PRIMARY KEY (`SCHED_NAME`,`INSTANCE_NAME`)
) ENGINE=InnoDB DEFAULT CHARSET=utf8;
/*!40101 SET character_set_client = @saved_cs_client */;

--
-- Dumping data for table `qrtz_scheduler_state`
--

LOCK TABLES `qrtz_scheduler_state` WRITE;
/*!40000 ALTER TABLE `qrtz_scheduler_state` DISABLE KEYS */;
/*!40000 ALTER TABLE `qrtz_scheduler_state` ENABLE KEYS */;
UNLOCK TABLES;

--
-- Table structure for table `qrtz_simple_triggers`
--

DROP TABLE IF EXISTS `qrtz_simple_triggers`;
/*!40101 SET @saved_cs_client     = @@character_set_client */;
/*!40101 SET character_set_client = utf8 */;
CREATE TABLE `qrtz_simple_triggers` (
  `SCHED_NAME` varchar(120) NOT NULL,
  `TRIGGER_NAME` varchar(190) NOT NULL,
  `TRIGGER_GROUP` varchar(190) NOT NULL,
  `REPEAT_COUNT` bigint(7) NOT NULL,
  `REPEAT_INTERVAL` bigint(12) NOT NULL,
  `TIMES_TRIGGERED` bigint(10) NOT NULL,
  PRIMARY KEY (`SCHED_NAME`,`TRIGGER_NAME`,`TRIGGER_GROUP`),
  CONSTRAINT `qrtz_simple_triggers_ibfk_1` FOREIGN KEY (`SCHED_NAME`, `TRIGGER_NAME`, `TRIGGER_GROUP`) REFERENCES `qrtz_triggers` (`SCHED_NAME`, `TRIGGER_NAME`, `TRIGGER_GROUP`)
) ENGINE=InnoDB DEFAULT CHARSET=utf8;
/*!40101 SET character_set_client = @saved_cs_client */;

--
-- Dumping data for table `qrtz_simple_triggers`
--

LOCK TABLES `qrtz_simple_triggers` WRITE;
/*!40000 ALTER TABLE `qrtz_simple_triggers` DISABLE KEYS */;
/*!40000 ALTER TABLE `qrtz_simple_triggers` ENABLE KEYS */;
UNLOCK TABLES;

--
-- Table structure for table `qrtz_simprop_triggers`
--

DROP TABLE IF EXISTS `qrtz_simprop_triggers`;
/*!40101 SET @saved_cs_client     = @@character_set_client */;
/*!40101 SET character_set_client = utf8 */;
CREATE TABLE `qrtz_simprop_triggers` (
  `SCHED_NAME` varchar(120) NOT NULL,
  `TRIGGER_NAME` varchar(190) NOT NULL,
  `TRIGGER_GROUP` varchar(190) NOT NULL,
  `STR_PROP_1` varchar(512) DEFAULT NULL,
  `STR_PROP_2` varchar(512) DEFAULT NULL,
  `STR_PROP_3` varchar(512) DEFAULT NULL,
  `INT_PROP_1` int(11) DEFAULT NULL,
  `INT_PROP_2` int(11) DEFAULT NULL,
  `LONG_PROP_1` bigint(20) DEFAULT NULL,
  `LONG_PROP_2` bigint(20) DEFAULT NULL,
  `DEC_PROP_1` decimal(13,4) DEFAULT NULL,
  `DEC_PROP_2` decimal(13,4) DEFAULT NULL,
  `BOOL_PROP_1` varchar(1) DEFAULT NULL,
  `BOOL_PROP_2` varchar(1) DEFAULT NULL,
  PRIMARY KEY (`SCHED_NAME`,`TRIGGER_NAME`,`TRIGGER_GROUP`),
  CONSTRAINT `qrtz_simprop_triggers_ibfk_1` FOREIGN KEY (`SCHED_NAME`, `TRIGGER_NAME`, `TRIGGER_GROUP`) REFERENCES `qrtz_triggers` (`SCHED_NAME`, `TRIGGER_NAME`, `TRIGGER_GROUP`)
) ENGINE=InnoDB DEFAULT CHARSET=utf8;
/*!40101 SET character_set_client = @saved_cs_client */;

--
-- Dumping data for table `qrtz_simprop_triggers`
--

LOCK TABLES `qrtz_simprop_triggers` WRITE;
/*!40000 ALTER TABLE `qrtz_simprop_triggers` DISABLE KEYS */;
/*!40000 ALTER TABLE `qrtz_simprop_triggers` ENABLE KEYS */;
UNLOCK TABLES;

--
-- Table structure for table `qrtz_triggers`
--

DROP TABLE IF EXISTS `qrtz_triggers`;
/*!40101 SET @saved_cs_client     = @@character_set_client */;
/*!40101 SET character_set_client = utf8 */;
CREATE TABLE `qrtz_triggers` (
  `SCHED_NAME` varchar(120) NOT NULL,
  `TRIGGER_NAME` varchar(190) NOT NULL,
  `TRIGGER_GROUP` varchar(190) NOT NULL,
  `JOB_NAME` varchar(190) NOT NULL,
  `JOB_GROUP` varchar(190) NOT NULL,
  `DESCRIPTION` varchar(250) DEFAULT NULL,
  `NEXT_FIRE_TIME` bigint(13) DEFAULT NULL,
  `PREV_FIRE_TIME` bigint(13) DEFAULT NULL,
  `PRIORITY` int(11) DEFAULT NULL,
  `TRIGGER_STATE` varchar(16) NOT NULL,
  `TRIGGER_TYPE` varchar(8) NOT NULL,
  `START_TIME` bigint(13) NOT NULL,
  `END_TIME` bigint(13) DEFAULT NULL,
  `CALENDAR_NAME` varchar(190) DEFAULT NULL,
  `MISFIRE_INSTR` smallint(2) DEFAULT NULL,
  `JOB_DATA` blob,
  PRIMARY KEY (`SCHED_NAME`,`TRIGGER_NAME`,`TRIGGER_GROUP`),
  KEY `IDX_QRTZ_T_J` (`SCHED_NAME`,`JOB_NAME`,`JOB_GROUP`),
  KEY `IDX_QRTZ_T_JG` (`SCHED_NAME`,`JOB_GROUP`),
  KEY `IDX_QRTZ_T_C` (`SCHED_NAME`,`CALENDAR_NAME`),
  KEY `IDX_QRTZ_T_G` (`SCHED_NAME`,`TRIGGER_GROUP`),
  KEY `IDX_QRTZ_T_STATE` (`SCHED_NAME`,`TRIGGER_STATE`),
  KEY `IDX_QRTZ_T_N_STATE` (`SCHED_NAME`,`TRIGGER_NAME`,`TRIGGER_GROUP`,`TRIGGER_STATE`),
  KEY `IDX_QRTZ_T_N_G_STATE` (`SCHED_NAME`,`TRIGGER_GROUP`,`TRIGGER_STATE`),
  KEY `IDX_QRTZ_T_NEXT_FIRE_TIME` (`SCHED_NAME`,`NEXT_FIRE_TIME`),
  KEY `IDX_QRTZ_T_NFT_ST` (`SCHED_NAME`,`TRIGGER_STATE`,`NEXT_FIRE_TIME`),
  KEY `IDX_QRTZ_T_NFT_MISFIRE` (`SCHED_NAME`,`MISFIRE_INSTR`,`NEXT_FIRE_TIME`),
  KEY `IDX_QRTZ_T_NFT_ST_MISFIRE` (`SCHED_NAME`,`MISFIRE_INSTR`,`NEXT_FIRE_TIME`,`TRIGGER_STATE`),
  KEY `IDX_QRTZ_T_NFT_ST_MISFIRE_GRP` (`SCHED_NAME`,`MISFIRE_INSTR`,`NEXT_FIRE_TIME`,`TRIGGER_GROUP`,`TRIGGER_STATE`),
  CONSTRAINT `qrtz_triggers_ibfk_1` FOREIGN KEY (`SCHED_NAME`, `JOB_NAME`, `JOB_GROUP`) REFERENCES `qrtz_job_details` (`SCHED_NAME`, `JOB_NAME`, `JOB_GROUP`)
) ENGINE=InnoDB DEFAULT CHARSET=utf8;
/*!40101 SET character_set_client = @saved_cs_client */;

--
-- Dumping data for table `qrtz_triggers`
--

LOCK TABLES `qrtz_triggers` WRITE;
/*!40000 ALTER TABLE `qrtz_triggers` DISABLE KEYS */;
INSERT INTO `qrtz_triggers` VALUES ('YiMoScheduler','myCronJobTrigger','DEFAULT','SyncOnlineStatusJob','DEFAULT',NULL,1553511960000,1553509128735,5,'WAITING','CRON',1553502806000,0,NULL,0,'');
/*!40000 ALTER TABLE `qrtz_triggers` ENABLE KEYS */;
UNLOCK TABLES;

--
-- Table structure for table `sys_dept`
--

DROP TABLE IF EXISTS `sys_dept`;
/*!40101 SET @saved_cs_client     = @@character_set_client */;
/*!40101 SET character_set_client = utf8 */;
CREATE TABLE `sys_dept` (
  `dept_id` bigint(20) NOT NULL AUTO_INCREMENT,
  `parent_id` bigint(20) DEFAULT NULL COMMENT 'ä¸Šçº§éƒ¨é—¨IDï¼Œä¸€çº§éƒ¨é—¨ä¸º0',
  `dept_name` varchar(50) DEFAULT NULL COMMENT 'éƒ¨é—¨åç§°',
  `order_no` int(11) DEFAULT NULL COMMENT 'æ’åº',
  `status` varchar(5) DEFAULT NULL COMMENT 'çŠ¶æ€',
  PRIMARY KEY (`dept_id`)
) ENGINE=InnoDB AUTO_INCREMENT=6 DEFAULT CHARSET=utf8 COMMENT='éƒ¨é—¨ç®¡ç†';
/*!40101 SET character_set_client = @saved_cs_client */;

--
-- Dumping data for table `sys_dept`
--

LOCK TABLES `sys_dept` WRITE;
/*!40000 ALTER TABLE `sys_dept` DISABLE KEYS */;
INSERT INTO `sys_dept` VALUES (1,0,'æ·±åœ³å¸‚ä¸€å¢¨ç§‘æŠ€æœ‰é™å…¬å¸',1,'1'),(2,1,'ç§‘æŠ€éƒ¨',2,'1'),(4,1,'å®¡æ‰¹éƒ¨',4,'1'),(5,1,'ä¸šåŠ¡éƒ¨',3,'1');
/*!40000 ALTER TABLE `sys_dept` ENABLE KEYS */;
UNLOCK TABLES;

--
-- Table structure for table `sys_dict`
--

DROP TABLE IF EXISTS `sys_dict`;
/*!40101 SET @saved_cs_client     = @@character_set_client */;
/*!40101 SET character_set_client = utf8 */;
CREATE TABLE `sys_dict` (
  `dict_type` varchar(50) NOT NULL DEFAULT '' COMMENT 'å­—å…¸ç±»å‹',
  `dict_describe` varchar(50) DEFAULT NULL COMMENT 'å­—å…¸æè¿°',
  `status` tinyint(255) DEFAULT NULL COMMENT 'çŠ¶æ€ 0:ç¦ç”¨ï¼Œ1:æ­£å¸¸',
  `create_user_id` bigint(255) DEFAULT NULL COMMENT 'åˆ›å»ºç”¨æˆ·id',
  `create_time` datetime DEFAULT NULL COMMENT 'åˆ›å»ºæ—¶é—´',
  `update_time` datetime DEFAULT NULL COMMENT 'ä¿®æ”¹æ—¶é—´',
  PRIMARY KEY (`dict_type`)
) ENGINE=InnoDB DEFAULT CHARSET=utf8 COMMENT='æ•°æ®å­—å…¸ç›®æ ‡è¡¨';
/*!40101 SET character_set_client = @saved_cs_client */;

--
-- Dumping data for table `sys_dict`
--

LOCK TABLES `sys_dict` WRITE;
/*!40000 ALTER TABLE `sys_dict` DISABLE KEYS */;
INSERT INTO `sys_dict` VALUES ('OnlineStatus','åœ¨çº¿çŠ¶æ€',1,NULL,NULL,NULL),('Sex','æ€§åˆ«',1,NULL,NULL,NULL),('Status','çŠ¶æ€',1,NULL,NULL,NULL);
/*!40000 ALTER TABLE `sys_dict` ENABLE KEYS */;
UNLOCK TABLES;

--
-- Table structure for table `sys_dict_data`
--

DROP TABLE IF EXISTS `sys_dict_data`;
/*!40101 SET @saved_cs_client     = @@character_set_client */;
/*!40101 SET character_set_client = utf8 */;
CREATE TABLE `sys_dict_data` (
  `dict_type` varchar(20) NOT NULL COMMENT 'å­—å…¸ç±»å‹',
  `dict_no` varchar(50) NOT NULL COMMENT 'å­—å…¸ç¼–ç ',
  `dict_name` varchar(100) DEFAULT NULL COMMENT 'å­—å…¸å«ä¹‰',
  `dict_describe` varchar(50) DEFAULT NULL COMMENT 'å­—å…¸æè¿°',
  `status` tinyint(255) DEFAULT NULL COMMENT 'çŠ¶æ€ 0:ç¦ç”¨ï¼Œ1:æ­£å¸¸',
  `create_user_id` bigint(255) DEFAULT NULL COMMENT 'åˆ›å»ºç”¨æˆ·id',
  `create_time` datetime DEFAULT NULL COMMENT 'åˆ›å»ºæ—¶é—´',
  `update_time` datetime DEFAULT NULL COMMENT 'ä¿®æ”¹æ—¶é—´',
  PRIMARY KEY (`dict_type`,`dict_no`),
  CONSTRAINT `sys_dict_data_sys_dict_fk` FOREIGN KEY (`dict_type`) REFERENCES `sys_dict` (`dict_type`) ON DELETE CASCADE
) ENGINE=InnoDB DEFAULT CHARSET=utf8 COMMENT='æ•°æ®å­—å…¸æ•°æ®è¡¨';
/*!40101 SET character_set_client = @saved_cs_client */;

--
-- Dumping data for table `sys_dict_data`
--

LOCK TABLES `sys_dict_data` WRITE;
/*!40000 ALTER TABLE `sys_dict_data` DISABLE KEYS */;
INSERT INTO `sys_dict_data` VALUES ('OnlineStatus','off_line','ä¸‹çº¿',NULL,1,NULL,NULL,NULL),('OnlineStatus','on_line','åœ¨çº¿',NULL,1,NULL,NULL,NULL),('Sex','1','ç”·',NULL,1,NULL,NULL,NULL),('Sex','2','å¥³',NULL,1,NULL,NULL,NULL),('Status','1','æ­£å¸¸',NULL,1,NULL,NULL,NULL),('Status','2','å¤±æ•ˆ',NULL,1,NULL,NULL,NULL);
/*!40000 ALTER TABLE `sys_dict_data` ENABLE KEYS */;
UNLOCK TABLES;

--
-- Table structure for table `sys_job`
--

DROP TABLE IF EXISTS `sys_job`;
/*!40101 SET @saved_cs_client     = @@character_set_client */;
/*!40101 SET character_set_client = utf8 */;
CREATE TABLE `sys_job` (
  `job_id` int(11) NOT NULL AUTO_INCREMENT COMMENT 'ä»»åŠ¡ID',
  `job_name` varchar(64) NOT NULL DEFAULT '' COMMENT 'ä»»åŠ¡åç§°',
  `job_group` varchar(64) NOT NULL DEFAULT '' COMMENT 'ä»»åŠ¡ç»„å',
  `job_class_name` varchar(500) DEFAULT '' COMMENT 'ä»»åŠ¡æ–¹æ³•',
  `method_params` varchar(50) DEFAULT NULL COMMENT 'æ–¹æ³•å‚æ•°',
  `cron_expression` varchar(255) DEFAULT '' COMMENT 'cronæ‰§è¡Œè¡¨è¾¾å¼',
  `misfire_policy` varchar(20) DEFAULT '3' COMMENT 'è®¡åˆ’æ‰§è¡Œé”™è¯¯ç­–ç•¥ï¼ˆ1ç«‹å³æ‰§è¡Œ 2æ‰§è¡Œä¸€æ¬¡ 3æ”¾å¼ƒæ‰§è¡Œï¼‰',
  `status` char(1) DEFAULT '0' COMMENT 'çŠ¶æ€ï¼ˆ0æ­£å¸¸ 1æš‚åœï¼‰',
  `create_user_id` varchar(64) DEFAULT '' COMMENT 'åˆ›å»ºè€…',
  `create_time` datetime DEFAULT NULL COMMENT 'åˆ›å»ºæ—¶é—´',
  `update_user_id` varchar(64) DEFAULT '' COMMENT 'æ›´æ–°è€…',
  `update_time` datetime DEFAULT NULL COMMENT 'æ›´æ–°æ—¶é—´',
  `remark` varchar(500) DEFAULT '' COMMENT 'å¤‡æ³¨ä¿¡æ¯',
  PRIMARY KEY (`job_id`,`job_name`,`job_group`)
) ENGINE=InnoDB AUTO_INCREMENT=2 DEFAULT CHARSET=utf8 COMMENT='å®šæ—¶ä»»åŠ¡è°ƒåº¦è¡¨';
/*!40101 SET character_set_client = @saved_cs_client */;

--
-- Dumping data for table `sys_job`
--

LOCK TABLES `sys_job` WRITE;
/*!40000 ALTER TABLE `sys_job` DISABLE KEYS */;
INSERT INTO `sys_job` VALUES (1,'SyncOnlineStatusJob','DEFAULT','top.yimo.common.quartz.job.SyncOnlineStatusJob',NULL,'* 6 * * * ?','3','1','0',NULL,'0',NULL,'');
/*!40000 ALTER TABLE `sys_job` ENABLE KEYS */;
UNLOCK TABLES;

--
-- Table structure for table `sys_log`
--

DROP TABLE IF EXISTS `sys_log`;
/*!40101 SET @saved_cs_client     = @@character_set_client */;
/*!40101 SET character_set_client = utf8 */;
CREATE TABLE `sys_log` (
  `id` bigint(20) NOT NULL AUTO_INCREMENT,
  `user_id` bigint(20) DEFAULT NULL COMMENT 'ç”¨æˆ·id',
  `user_name` varchar(50) DEFAULT NULL COMMENT 'ç”¨æˆ·å',
  `operation_type` varchar(50) DEFAULT NULL COMMENT 'ç”¨æˆ·æ“ä½œç±»å‹',
  `time` bigint(20) DEFAULT NULL COMMENT 'å“åº”æ—¶é—´',
  `method` varchar(200) DEFAULT NULL COMMENT 'è¯·æ±‚æ–¹æ³•',
  `params` varchar(5000) DEFAULT NULL COMMENT 'è¯·æ±‚å‚æ•°',
  `ip` varchar(64) DEFAULT NULL COMMENT 'IPåœ°å€',
  `create_time` datetime DEFAULT NULL COMMENT 'åˆ›å»ºæ—¶é—´',
  `url` varchar(200) DEFAULT NULL COMMENT 'æ“ä½œurl',
  `describe` varchar(100) DEFAULT NULL COMMENT 'æ—¥å¿—æè¿°',
  `title` varchar(50) DEFAULT NULL COMMENT 'æ ‡é¢˜',
  PRIMARY KEY (`id`)
) ENGINE=InnoDB AUTO_INCREMENT=1084 DEFAULT CHARSET=utf8 COMMENT='ç³»ç»Ÿæ—¥å¿—';
/*!40101 SET character_set_client = @saved_cs_client */;

--
-- Dumping data for table `sys_log`
--

LOCK TABLES `sys_log` WRITE;
/*!40000 ALTER TABLE `sys_log` DISABLE KEYS */;
INSERT INTO `sys_log` VALUES (703,1,'æ²™æ¼ éª†é©¼','LOGIN',43,'top.yimo.common.controller.AuthController.doLogin',NULL,'0:0:0:0:0:0:0:1','2019-03-19 11:17:47','http://localhost/YiMo/login','è®¤è¯æ“ä½œ','ç”¨æˆ·è®¤è¯'),(704,1,'æ²™æ¼ éª†é©¼','LOGIN',50832,'top.yimo.common.controller.AuthController.doLogin',NULL,'0:0:0:0:0:0:0:1','2019-03-19 11:23:31','http://localhost/YiMo/login','è®¤è¯æ“ä½œ','ç”¨æˆ·è®¤è¯'),(705,1,'æ²™æ¼ éª†é©¼','LOGIN',34418,'top.yimo.common.controller.AuthController.doLogin',NULL,'0:0:0:0:0:0:0:1','2019-03-19 11:30:45','http://localhost/YiMo/login','è®¤è¯æ“ä½œ','ç”¨æˆ·è®¤è¯'),(706,1,'æ²™æ¼ éª†é©¼','LOGIN',17409,'top.yimo.common.controller.AuthController.doLogin',NULL,'0:0:0:0:0:0:0:1','2019-03-19 11:40:40','http://localhost/YiMo/login','è®¤è¯æ“ä½œ','ç”¨æˆ·è®¤è¯'),(707,1,'æ²™æ¼ éª†é©¼','LOGIN',9437,'top.yimo.common.controller.AuthController.doLogin',NULL,'0:0:0:0:0:0:0:1','2019-03-19 11:42:52','http://localhost/YiMo/login','è®¤è¯æ“ä½œ','ç”¨æˆ·è®¤è¯'),(708,1,'æ²™æ¼ éª†é©¼','QUERY',145,'top.yimo.sys.controller.MenuController.list',NULL,'0:0:0:0:0:0:0:1','2019-03-19 11:43:59','http://localhost/YiMo/sys/menu/list','è·å–èœå•åˆ—è¡¨','èœå•ç®¡ç†'),(709,1,'æ²™æ¼ éª†é©¼','QUERY',34,'top.yimo.sys.controller.UserOnlineController.listByPage',NULL,'0:0:0:0:0:0:0:1','2019-03-19 11:44:02','http://localhost/YiMo/sys/userOnline/list','è·å–åœ¨çº¿ç”¨æˆ·è®°å½•','åœ¨çº¿ç”¨æˆ·è®°å½•'),(710,1,'æ²™æ¼ éª†é©¼','LOGIN',10298,'top.yimo.common.controller.AuthController.doLogin',NULL,'0:0:0:0:0:0:0:1','2019-03-19 11:45:16','http://localhost/YiMo/login','è®¤è¯æ“ä½œ','ç”¨æˆ·è®¤è¯'),(711,1,'æ²™æ¼ éª†é©¼','LOGIN',9770,'top.yimo.common.controller.AuthController.doLogin',NULL,'0:0:0:0:0:0:0:1','2019-03-19 11:45:16','http://localhost/YiMo/login','è®¤è¯æ“ä½œ','ç”¨æˆ·è®¤è¯'),(712,1,'æ²™æ¼ éª†é©¼','LOGIN',4999,'top.yimo.common.controller.AuthController.doLogin',NULL,'0:0:0:0:0:0:0:1','2019-03-19 11:50:35','http://localhost/YiMo/login','è®¤è¯æ“ä½œ','ç”¨æˆ·è®¤è¯'),(713,1,'æ²™æ¼ éª†é©¼','QUERY',83,'top.yimo.sys.controller.UserOnlineController.listByPage',NULL,'0:0:0:0:0:0:0:1','2019-03-19 11:52:52','http://localhost/YiMo/sys/userOnline/list','è·å–åœ¨çº¿ç”¨æˆ·è®°å½•','åœ¨çº¿ç”¨æˆ·è®°å½•'),(714,1,'æ²™æ¼ éª†é©¼','LOGIN',3318,'top.yimo.common.controller.AuthController.doLogin',NULL,'0:0:0:0:0:0:0:1','2019-03-19 11:54:58','http://localhost/YiMo/login','è®¤è¯æ“ä½œ','ç”¨æˆ·è®¤è¯'),(715,1,'æ²™æ¼ éª†é©¼','LOGIN',2319,'top.yimo.common.controller.AuthController.doLogin',NULL,'0:0:0:0:0:0:0:1','2019-03-19 11:58:39','http://localhost/YiMo/login','è®¤è¯æ“ä½œ','ç”¨æˆ·è®¤è¯'),(716,1,'æ²™æ¼ éª†é©¼','QUERY',16,'top.yimo.sys.controller.UserOnlineController.listByPage',NULL,'0:0:0:0:0:0:0:1','2019-03-19 11:58:46','http://localhost/YiMo/sys/userOnline/list','è·å–åœ¨çº¿ç”¨æˆ·è®°å½•','åœ¨çº¿ç”¨æˆ·è®°å½•'),(717,1,'æ²™æ¼ éª†é©¼','QUERY',15,'top.yimo.sys.controller.UserOnlineController.listByPage',NULL,'0:0:0:0:0:0:0:1','2019-03-19 11:59:26','http://localhost/YiMo/sys/userOnline/list','è·å–åœ¨çº¿ç”¨æˆ·è®°å½•','åœ¨çº¿ç”¨æˆ·è®°å½•'),(718,1,'æ²™æ¼ éª†é©¼','QUERY',41,'top.yimo.sys.controller.MenuController.list',NULL,'0:0:0:0:0:0:0:1','2019-03-19 11:59:31','http://localhost/YiMo/sys/menu/list','è·å–èœå•åˆ—è¡¨','èœå•ç®¡ç†'),(719,1,'æ²™æ¼ éª†é©¼','LOGIN',1695,'top.yimo.common.controller.AuthController.doLogin',NULL,'0:0:0:0:0:0:0:1','2019-03-19 12:00:24','http://localhost/YiMo/login','è®¤è¯æ“ä½œ','ç”¨æˆ·è®¤è¯'),(720,1,'æ²™æ¼ éª†é©¼','LOGIN',57,'top.yimo.common.controller.AuthController.doLogin',NULL,'0:0:0:0:0:0:0:1','2019-03-19 12:01:25','http://localhost/YiMo/login','è®¤è¯æ“ä½œ','ç”¨æˆ·è®¤è¯'),(721,NULL,NULL,'LOGOUT',3,'top.yimo.common.controller.AuthController.logout',NULL,'0:0:0:0:0:0:0:1','2019-03-19 12:01:53','http://localhost/YiMo/logout','ç³»ç»Ÿé€€å‡º','ç”¨æˆ·è®¤è¯'),(722,1,'æ²™æ¼ éª†é©¼','LOGIN',9,'top.yimo.common.controller.AuthController.doLogin',NULL,'0:0:0:0:0:0:0:1','2019-03-19 12:02:10','http://localhost/YiMo/login','è®¤è¯æ“ä½œ','ç”¨æˆ·è®¤è¯'),(723,NULL,NULL,'LOGOUT',95,'top.yimo.common.controller.AuthController.logout',NULL,'0:0:0:0:0:0:0:1','2019-03-19 12:02:31','http://localhost/YiMo/logout','ç³»ç»Ÿé€€å‡º','ç”¨æˆ·è®¤è¯'),(724,1,'æ²™æ¼ éª†é©¼','LOGIN',11,'top.yimo.common.controller.AuthController.doLogin',NULL,'0:0:0:0:0:0:0:1','2019-03-19 12:02:46','http://localhost/YiMo/login','è®¤è¯æ“ä½œ','ç”¨æˆ·è®¤è¯'),(725,1,'æ²™æ¼ éª†é©¼','LOGIN',12,'top.yimo.common.controller.AuthController.doLogin',NULL,'0:0:0:0:0:0:0:1','2019-03-19 12:03:47','http://localhost/YiMo/login','è®¤è¯æ“ä½œ','ç”¨æˆ·è®¤è¯'),(726,NULL,NULL,'LOGOUT',1,'top.yimo.common.controller.AuthController.logout',NULL,'0:0:0:0:0:0:0:1','2019-03-19 12:04:15','http://localhost/YiMo/logout','ç³»ç»Ÿé€€å‡º','ç”¨æˆ·è®¤è¯'),(727,1,'æ²™æ¼ éª†é©¼','LOGIN',73,'top.yimo.common.controller.AuthController.doLogin',NULL,'0:0:0:0:0:0:0:1','2019-03-19 12:06:33','http://localhost/YiMo/login','è®¤è¯æ“ä½œ','ç”¨æˆ·è®¤è¯'),(728,NULL,NULL,'LOGOUT',53,'top.yimo.common.controller.AuthController.logout',NULL,'0:0:0:0:0:0:0:1','2019-03-19 12:06:37','http://localhost/YiMo/logout','ç³»ç»Ÿé€€å‡º','ç”¨æˆ·è®¤è¯'),(729,1,'æ²™æ¼ éª†é©¼','LOGIN',70,'top.yimo.common.controller.AuthController.doLogin',NULL,'0:0:0:0:0:0:0:1','2019-03-19 12:09:51','http://localhost/YiMo/login','è®¤è¯æ“ä½œ','ç”¨æˆ·è®¤è¯'),(730,NULL,NULL,'LOGOUT',2,'top.yimo.common.controller.AuthController.logout',NULL,'0:0:0:0:0:0:0:1','2019-03-19 12:10:11','http://localhost/YiMo/logout','ç³»ç»Ÿé€€å‡º','ç”¨æˆ·è®¤è¯'),(731,1,'æ²™æ¼ éª†é©¼','LOGIN',10,'top.yimo.common.controller.AuthController.doLogin',NULL,'0:0:0:0:0:0:0:1','2019-03-19 12:10:57','http://localhost/YiMo/login','è®¤è¯æ“ä½œ','ç”¨æˆ·è®¤è¯'),(732,1,'æ²™æ¼ éª†é©¼','LOGIN',12,'top.yimo.common.controller.AuthController.doLogin',NULL,'0:0:0:0:0:0:0:1','2019-03-19 12:12:32','http://localhost/YiMo/login','è®¤è¯æ“ä½œ','ç”¨æˆ·è®¤è¯'),(733,1,'æ²™æ¼ éª†é©¼','QUERY',15,'top.yimo.sys.controller.UserOnlineController.listByPage',NULL,'0:0:0:0:0:0:0:1','2019-03-19 12:12:37','http://localhost/YiMo/sys/userOnline/list','è·å–åœ¨çº¿ç”¨æˆ·è®°å½•','åœ¨çº¿ç”¨æˆ·è®°å½•'),(734,NULL,NULL,'LOGOUT',74,'top.yimo.common.controller.AuthController.logout',NULL,'0:0:0:0:0:0:0:1','2019-03-19 12:12:42','http://localhost/YiMo/logout','ç³»ç»Ÿé€€å‡º','ç”¨æˆ·è®¤è¯'),(735,1,'æ²™æ¼ éª†é©¼','LOGIN',9,'top.yimo.common.controller.AuthController.doLogin',NULL,'0:0:0:0:0:0:0:1','2019-03-19 12:12:59','http://localhost/YiMo/login','è®¤è¯æ“ä½œ','ç”¨æˆ·è®¤è¯'),(736,1,'æ²™æ¼ éª†é©¼','LOGIN',50,'top.yimo.common.controller.AuthController.doLogin',NULL,'0:0:0:0:0:0:0:1','2019-03-19 12:14:31','http://localhost/YiMo/login','è®¤è¯æ“ä½œ','ç”¨æˆ·è®¤è¯'),(737,1,'æ²™æ¼ éª†é©¼','QUERY',17,'top.yimo.sys.controller.UserOnlineController.listByPage',NULL,'0:0:0:0:0:0:0:1','2019-03-19 12:14:37','http://localhost/YiMo/sys/userOnline/list','è·å–åœ¨çº¿ç”¨æˆ·è®°å½•','åœ¨çº¿ç”¨æˆ·è®°å½•'),(738,1,'æ²™æ¼ éª†é©¼','QUERY',10,'top.yimo.sys.controller.UserOnlineController.listByPage',NULL,'0:0:0:0:0:0:0:1','2019-03-19 12:14:54','http://localhost/YiMo/sys/userOnline/list','è·å–åœ¨çº¿ç”¨æˆ·è®°å½•','åœ¨çº¿ç”¨æˆ·è®°å½•'),(739,NULL,NULL,'LOGOUT',3,'top.yimo.common.controller.AuthController.logout',NULL,'0:0:0:0:0:0:0:1','2019-03-19 12:14:55','http://localhost/YiMo/logout','ç³»ç»Ÿé€€å‡º','ç”¨æˆ·è®¤è¯'),(740,1,'æ²™æ¼ éª†é©¼','LOGIN',9,'top.yimo.common.controller.AuthController.doLogin',NULL,'0:0:0:0:0:0:0:1','2019-03-19 12:14:57','http://localhost/YiMo/login','è®¤è¯æ“ä½œ','ç”¨æˆ·è®¤è¯'),(741,1,'æ²™æ¼ éª†é©¼','LOGIN',8,'top.yimo.common.controller.AuthController.doLogin',NULL,'0:0:0:0:0:0:0:1','2019-03-19 12:15:00','http://localhost/YiMo/login','è®¤è¯æ“ä½œ','ç”¨æˆ·è®¤è¯'),(742,1,'æ²™æ¼ éª†é©¼','QUERY',11,'top.yimo.sys.controller.UserOnlineController.listByPage',NULL,'0:0:0:0:0:0:0:1','2019-03-19 12:15:04','http://localhost/YiMo/sys/userOnline/list','è·å–åœ¨çº¿ç”¨æˆ·è®°å½•','åœ¨çº¿ç”¨æˆ·è®°å½•'),(743,1,'æ²™æ¼ éª†é©¼','LOGIN',10,'top.yimo.common.controller.AuthController.doLogin',NULL,'0:0:0:0:0:0:0:1','2019-03-19 12:15:29','http://localhost/YiMo/login','è®¤è¯æ“ä½œ','ç”¨æˆ·è®¤è¯'),(744,1,'æ²™æ¼ éª†é©¼','QUERY',11,'top.yimo.sys.controller.UserOnlineController.listByPage',NULL,'0:0:0:0:0:0:0:1','2019-03-19 12:15:35','http://localhost/YiMo/sys/userOnline/list','è·å–åœ¨çº¿ç”¨æˆ·è®°å½•','åœ¨çº¿ç”¨æˆ·è®°å½•'),(745,1,'æ²™æ¼ éª†é©¼','QUERY',12,'top.yimo.sys.controller.UserOnlineController.listByPage',NULL,'0:0:0:0:0:0:0:1','2019-03-19 12:15:56','http://localhost/YiMo/sys/userOnline/list','è·å–åœ¨çº¿ç”¨æˆ·è®°å½•','åœ¨çº¿ç”¨æˆ·è®°å½•'),(746,1,'æ²™æ¼ éª†é©¼','QUERY',10,'top.yimo.sys.controller.UserOnlineController.listByPage',NULL,'0:0:0:0:0:0:0:1','2019-03-19 12:15:58','http://localhost/YiMo/sys/userOnline/list','è·å–åœ¨çº¿ç”¨æˆ·è®°å½•','åœ¨çº¿ç”¨æˆ·è®°å½•'),(747,1,'æ²™æ¼ éª†é©¼','QUERY',12,'top.yimo.sys.controller.UserOnlineController.listByPage',NULL,'0:0:0:0:0:0:0:1','2019-03-19 12:16:00','http://localhost/YiMo/sys/userOnline/list','è·å–åœ¨çº¿ç”¨æˆ·è®°å½•','åœ¨çº¿ç”¨æˆ·è®°å½•'),(748,1,'æ²™æ¼ éª†é©¼','QUERY',10,'top.yimo.sys.controller.UserOnlineController.listByPage',NULL,'0:0:0:0:0:0:0:1','2019-03-19 12:16:04','http://localhost/YiMo/sys/userOnline/list','è·å–åœ¨çº¿ç”¨æˆ·è®°å½•','åœ¨çº¿ç”¨æˆ·è®°å½•'),(749,1,'æ²™æ¼ éª†é©¼','LOGIN',9,'top.yimo.common.controller.AuthController.doLogin',NULL,'0:0:0:0:0:0:0:1','2019-03-19 12:16:40','http://localhost/YiMo/login','è®¤è¯æ“ä½œ','ç”¨æˆ·è®¤è¯'),(750,1,'æ²™æ¼ éª†é©¼','QUERY',12,'top.yimo.sys.controller.UserOnlineController.listByPage',NULL,'0:0:0:0:0:0:0:1','2019-03-19 12:16:44','http://localhost/YiMo/sys/userOnline/list','è·å–åœ¨çº¿ç”¨æˆ·è®°å½•','åœ¨çº¿ç”¨æˆ·è®°å½•'),(751,1,'æ²™æ¼ éª†é©¼','LOGIN',11,'top.yimo.common.controller.AuthController.doLogin',NULL,'0:0:0:0:0:0:0:1','2019-03-19 12:17:02','http://localhost/YiMo/login','è®¤è¯æ“ä½œ','ç”¨æˆ·è®¤è¯'),(752,1,'æ²™æ¼ éª†é©¼','LOGIN',263,'top.yimo.common.controller.AuthController.doLogin',NULL,'0:0:0:0:0:0:0:1','2019-03-19 16:05:09','http://localhost/YiMo/login','è®¤è¯æ“ä½œ','ç”¨æˆ·è®¤è¯'),(753,1,'æ²™æ¼ éª†é©¼','LOGIN',14,'top.yimo.common.controller.AuthController.doLogin',NULL,'0:0:0:0:0:0:0:1','2019-03-19 16:07:32','http://localhost/YiMo/login','è®¤è¯æ“ä½œ','ç”¨æˆ·è®¤è¯'),(754,1,'æ²™æ¼ éª†é©¼','QUERY',92,'top.yimo.sys.controller.MenuController.list',NULL,'0:0:0:0:0:0:0:1','2019-03-19 16:07:41','http://localhost/YiMo/sys/menu/list','è·å–èœå•åˆ—è¡¨','èœå•ç®¡ç†'),(755,1,'æ²™æ¼ éª†é©¼','QUERY',16,'top.yimo.sys.controller.DeptController.list',NULL,'0:0:0:0:0:0:0:1','2019-03-19 16:08:00','http://localhost/YiMo/sys/dept/list','è·å–éƒ¨é—¨ç®¡ç†åˆ—è¡¨','éƒ¨é—¨ç®¡ç†'),(756,1,'æ²™æ¼ éª†é©¼','QUERY',18,'top.yimo.sys.controller.UserOnlineController.listByPage',NULL,'0:0:0:0:0:0:0:1','2019-03-19 16:08:02','http://localhost/YiMo/sys/userOnline/list','è·å–åœ¨çº¿ç”¨æˆ·è®°å½•','åœ¨çº¿ç”¨æˆ·è®°å½•'),(757,1,'æ²™æ¼ éª†é©¼','LOGIN',40,'top.yimo.common.controller.AuthController.doLogin',NULL,'0:0:0:0:0:0:0:1','2019-03-19 16:09:34','http://localhost/YiMo/login','è®¤è¯æ“ä½œ','ç”¨æˆ·è®¤è¯'),(758,1,'æ²™æ¼ éª†é©¼','QUERY',14,'top.yimo.sys.controller.MenuController.list',NULL,'0:0:0:0:0:0:0:1','2019-03-19 16:09:41','http://localhost/YiMo/sys/menu/list','è·å–èœå•åˆ—è¡¨','èœå•ç®¡ç†'),(759,1,'æ²™æ¼ éª†é©¼','QUERY',21,'top.yimo.sys.controller.UserOnlineController.listByPage',NULL,'0:0:0:0:0:0:0:1','2019-03-19 16:09:46','http://localhost/YiMo/sys/userOnline/list','è·å–åœ¨çº¿ç”¨æˆ·è®°å½•','åœ¨çº¿ç”¨æˆ·è®°å½•'),(760,NULL,NULL,'LOGOUT',17,'top.yimo.common.controller.AuthController.logout',NULL,'0:0:0:0:0:0:0:1','2019-03-19 16:11:34','http://localhost/YiMo/logout','ç³»ç»Ÿé€€å‡º','ç”¨æˆ·è®¤è¯'),(761,1,'æ²™æ¼ éª†é©¼','LOGIN',19,'top.yimo.common.controller.AuthController.doLogin',NULL,'0:0:0:0:0:0:0:1','2019-03-19 16:11:36','http://localhost/YiMo/login','è®¤è¯æ“ä½œ','ç”¨æˆ·è®¤è¯'),(762,1,'æ²™æ¼ éª†é©¼','QUERY',16,'top.yimo.sys.controller.UserOnlineController.listByPage',NULL,'0:0:0:0:0:0:0:1','2019-03-19 16:11:43','http://localhost/YiMo/sys/userOnline/list','è·å–åœ¨çº¿ç”¨æˆ·è®°å½•','åœ¨çº¿ç”¨æˆ·è®°å½•'),(763,1,'æ²™æ¼ éª†é©¼','LOGIN',49,'top.yimo.common.controller.AuthController.doLogin',NULL,'0:0:0:0:0:0:0:1','2019-03-19 16:14:22','http://localhost/YiMo/login','è®¤è¯æ“ä½œ','ç”¨æˆ·è®¤è¯'),(764,1,'æ²™æ¼ éª†é©¼','QUERY',16,'top.yimo.sys.controller.UserOnlineController.listByPage',NULL,'0:0:0:0:0:0:0:1','2019-03-19 16:14:26','http://localhost/YiMo/sys/userOnline/list','è·å–åœ¨çº¿ç”¨æˆ·è®°å½•','åœ¨çº¿ç”¨æˆ·è®°å½•'),(765,1,'æ²™æ¼ éª†é©¼','QUERY',14,'top.yimo.sys.controller.UserOnlineController.listByPage',NULL,'0:0:0:0:0:0:0:1','2019-03-19 16:14:55','http://localhost/YiMo/sys/userOnline/list','è·å–åœ¨çº¿ç”¨æˆ·è®°å½•','åœ¨çº¿ç”¨æˆ·è®°å½•'),(766,NULL,NULL,'LOGOUT',95,'top.yimo.common.controller.AuthController.logout',NULL,'0:0:0:0:0:0:0:1','2019-03-19 16:14:57','http://localhost/YiMo/logout','ç³»ç»Ÿé€€å‡º','ç”¨æˆ·è®¤è¯'),(767,1,'æ²™æ¼ éª†é©¼','LOGIN',9,'top.yimo.common.controller.AuthController.doLogin',NULL,'0:0:0:0:0:0:0:1','2019-03-19 16:14:59','http://localhost/YiMo/login','è®¤è¯æ“ä½œ','ç”¨æˆ·è®¤è¯'),(768,NULL,NULL,'LOGOUT',2,'top.yimo.common.controller.AuthController.logout',NULL,'0:0:0:0:0:0:0:1','2019-03-19 16:15:19','http://localhost/YiMo/logout','ç³»ç»Ÿé€€å‡º','ç”¨æˆ·è®¤è¯'),(769,1,'æ²™æ¼ éª†é©¼','LOGIN',9,'top.yimo.common.controller.AuthController.doLogin',NULL,'0:0:0:0:0:0:0:1','2019-03-19 16:15:29','http://localhost/YiMo/login','è®¤è¯æ“ä½œ','ç”¨æˆ·è®¤è¯'),(770,1,'æ²™æ¼ éª†é©¼','LOGIN',384,'top.yimo.common.controller.AuthController.doLogin',NULL,'0:0:0:0:0:0:0:1','2019-03-19 16:21:59','http://localhost/YiMo/login','è®¤è¯æ“ä½œ','ç”¨æˆ·è®¤è¯'),(771,1,'æ²™æ¼ éª†é©¼','QUERY',74,'top.yimo.sys.controller.UserOnlineController.listByPage',NULL,'0:0:0:0:0:0:0:1','2019-03-19 16:22:03','http://localhost/YiMo/sys/userOnline/list','è·å–åœ¨çº¿ç”¨æˆ·è®°å½•','åœ¨çº¿ç”¨æˆ·è®°å½•'),(772,1,'æ²™æ¼ éª†é©¼','LOGIN',37,'top.yimo.common.controller.AuthController.doLogin',NULL,'0:0:0:0:0:0:0:1','2019-03-19 16:53:56','http://localhost/YiMo/login','è®¤è¯æ“ä½œ','ç”¨æˆ·è®¤è¯'),(773,1,'æ²™æ¼ éª†é©¼','LOGIN',28,'top.yimo.common.controller.AuthController.doLogin',NULL,'0:0:0:0:0:0:0:1','2019-03-19 16:57:53','http://localhost/YiMo/login','è®¤è¯æ“ä½œ','ç”¨æˆ·è®¤è¯'),(774,1,'æ²™æ¼ éª†é©¼','QUERY',17,'top.yimo.sys.controller.UserOnlineController.listByPage',NULL,'0:0:0:0:0:0:0:1','2019-03-19 16:58:16','http://localhost/YiMo/sys/userOnline/list','è·å–åœ¨çº¿ç”¨æˆ·è®°å½•','åœ¨çº¿ç”¨æˆ·è®°å½•'),(775,1,'æ²™æ¼ éª†é©¼','QUERY',13,'top.yimo.sys.controller.UserOnlineController.listByPage',NULL,'0:0:0:0:0:0:0:1','2019-03-19 16:58:20','http://localhost/YiMo/sys/userOnline/list','è·å–åœ¨çº¿ç”¨æˆ·è®°å½•','åœ¨çº¿ç”¨æˆ·è®°å½•'),(776,1,'æ²™æ¼ éª†é©¼','QUERY',21,'top.yimo.sys.controller.UserOnlineController.listByPage',NULL,'0:0:0:0:0:0:0:1','2019-03-19 16:58:24','http://localhost/YiMo/sys/userOnline/list','è·å–åœ¨çº¿ç”¨æˆ·è®°å½•','åœ¨çº¿ç”¨æˆ·è®°å½•'),(777,1,'æ²™æ¼ éª†é©¼','FORCE',64,'top.yimo.sys.controller.UserOnlineController.kickout',NULL,'0:0:0:0:0:0:0:1','2019-03-19 16:58:32','http://localhost/YiMo/sys/userOnline/kickout','å¼ºåˆ¶è¸¢å‡º','åœ¨çº¿ç”¨æˆ·è®°å½•'),(778,1,'æ²™æ¼ éª†é©¼','QUERY',13,'top.yimo.sys.controller.UserOnlineController.listByPage',NULL,'0:0:0:0:0:0:0:1','2019-03-19 16:58:32','http://localhost/YiMo/sys/userOnline/list','è·å–åœ¨çº¿ç”¨æˆ·è®°å½•','åœ¨çº¿ç”¨æˆ·è®°å½•'),(779,1,'æ²™æ¼ éª†é©¼','LOGIN',48,'top.yimo.common.controller.AuthController.doLogin',NULL,'0:0:0:0:0:0:0:1','2019-03-19 17:06:40','http://localhost/YiMo/login','è®¤è¯æ“ä½œ','ç”¨æˆ·è®¤è¯'),(780,1,'æ²™æ¼ éª†é©¼','QUERY',17,'top.yimo.sys.controller.UserOnlineController.listByPage',NULL,'0:0:0:0:0:0:0:1','2019-03-19 17:06:46','http://localhost/YiMo/sys/userOnline/list','è·å–åœ¨çº¿ç”¨æˆ·è®°å½•','åœ¨çº¿ç”¨æˆ·è®°å½•'),(781,1,'æ²™æ¼ éª†é©¼','QUERY',11,'top.yimo.sys.controller.UserOnlineController.listByPage',NULL,'0:0:0:0:0:0:0:1','2019-03-19 17:07:00','http://localhost/YiMo/sys/userOnline/list','è·å–åœ¨çº¿ç”¨æˆ·è®°å½•','åœ¨çº¿ç”¨æˆ·è®°å½•'),(782,NULL,NULL,'LOGOUT',64,'top.yimo.common.controller.AuthController.logout',NULL,'0:0:0:0:0:0:0:1','2019-03-19 17:07:01','http://localhost/YiMo/logout','ç³»ç»Ÿé€€å‡º','ç”¨æˆ·è®¤è¯'),(783,1,'æ²™æ¼ éª†é©¼','LOGIN',10,'top.yimo.common.controller.AuthController.doLogin',NULL,'0:0:0:0:0:0:0:1','2019-03-19 17:07:02','http://localhost/YiMo/login','è®¤è¯æ“ä½œ','ç”¨æˆ·è®¤è¯'),(784,1,'æ²™æ¼ éª†é©¼','QUERY',14,'top.yimo.sys.controller.UserOnlineController.listByPage',NULL,'0:0:0:0:0:0:0:1','2019-03-19 17:07:06','http://localhost/YiMo/sys/userOnline/list','è·å–åœ¨çº¿ç”¨æˆ·è®°å½•','åœ¨çº¿ç”¨æˆ·è®°å½•'),(785,NULL,NULL,'LOGOUT',75,'top.yimo.common.controller.AuthController.logout',NULL,'0:0:0:0:0:0:0:1','2019-03-19 17:07:14','http://localhost/YiMo/logout','ç³»ç»Ÿé€€å‡º','ç”¨æˆ·è®¤è¯'),(786,1,'æ²™æ¼ éª†é©¼','LOGIN',10,'top.yimo.common.controller.AuthController.doLogin',NULL,'0:0:0:0:0:0:0:1','2019-03-19 17:07:16','http://localhost/YiMo/login','è®¤è¯æ“ä½œ','ç”¨æˆ·è®¤è¯'),(787,1,'æ²™æ¼ éª†é©¼','QUERY',9,'top.yimo.sys.controller.UserOnlineController.listByPage',NULL,'0:0:0:0:0:0:0:1','2019-03-19 17:07:19','http://localhost/YiMo/sys/userOnline/list','è·å–åœ¨çº¿ç”¨æˆ·è®°å½•','åœ¨çº¿ç”¨æˆ·è®°å½•'),(788,1,'æ²™æ¼ éª†é©¼','FORCE',249,'top.yimo.sys.controller.UserOnlineController.kickout',NULL,'0:0:0:0:0:0:0:1','2019-03-19 17:07:25','http://localhost/YiMo/sys/userOnline/kickout','å¼ºåˆ¶è¸¢å‡º','åœ¨çº¿ç”¨æˆ·è®°å½•'),(789,1,'æ²™æ¼ éª†é©¼','QUERY',11,'top.yimo.sys.controller.UserOnlineController.listByPage',NULL,'0:0:0:0:0:0:0:1','2019-03-19 17:07:25','http://localhost/YiMo/sys/userOnline/list','è·å–åœ¨çº¿ç”¨æˆ·è®°å½•','åœ¨çº¿ç”¨æˆ·è®°å½•'),(790,1,'æ²™æ¼ éª†é©¼','QUERY',29,'top.yimo.sys.controller.MenuController.list',NULL,'0:0:0:0:0:0:0:1','2019-03-19 17:07:33','http://localhost/YiMo/sys/menu/list','è·å–èœå•åˆ—è¡¨','èœå•ç®¡ç†'),(791,1,'æ²™æ¼ éª†é©¼','QUERY',11,'top.yimo.sys.controller.UserOnlineController.listByPage',NULL,'0:0:0:0:0:0:0:1','2019-03-19 17:07:40','http://localhost/YiMo/sys/userOnline/list','è·å–åœ¨çº¿ç”¨æˆ·è®°å½•','åœ¨çº¿ç”¨æˆ·è®°å½•'),(792,1,'æ²™æ¼ éª†é©¼','QUERY',11,'top.yimo.sys.controller.UserOnlineController.listByPage',NULL,'0:0:0:0:0:0:0:1','2019-03-19 17:07:48','http://localhost/YiMo/sys/userOnline/list','è·å–åœ¨çº¿ç”¨æˆ·è®°å½•','åœ¨çº¿ç”¨æˆ·è®°å½•'),(793,NULL,NULL,'LOGOUT',92,'top.yimo.common.controller.AuthController.logout',NULL,'0:0:0:0:0:0:0:1','2019-03-19 17:08:02','http://localhost/YiMo/logout','ç³»ç»Ÿé€€å‡º','ç”¨æˆ·è®¤è¯'),(794,1,'æ²™æ¼ éª†é©¼','LOGIN',10,'top.yimo.common.controller.AuthController.doLogin',NULL,'0:0:0:0:0:0:0:1','2019-03-19 17:08:03','http://localhost/YiMo/login','è®¤è¯æ“ä½œ','ç”¨æˆ·è®¤è¯'),(795,1,'æ²™æ¼ éª†é©¼','QUERY',12,'top.yimo.sys.controller.UserOnlineController.listByPage',NULL,'0:0:0:0:0:0:0:1','2019-03-19 17:08:07','http://localhost/YiMo/sys/userOnline/list','è·å–åœ¨çº¿ç”¨æˆ·è®°å½•','åœ¨çº¿ç”¨æˆ·è®°å½•'),(796,1,'æ²™æ¼ éª†é©¼','LOGIN',279,'top.yimo.common.controller.AuthController.doLogin',NULL,'0:0:0:0:0:0:0:1','2019-03-19 17:10:48','http://localhost/YiMo/login','è®¤è¯æ“ä½œ','ç”¨æˆ·è®¤è¯'),(797,1,'æ²™æ¼ éª†é©¼','LOGIN',39,'top.yimo.common.controller.AuthController.doLogin',NULL,'0:0:0:0:0:0:0:1','2019-03-19 17:14:34','http://localhost/YiMo/login','è®¤è¯æ“ä½œ','ç”¨æˆ·è®¤è¯'),(798,1,'æ²™æ¼ éª†é©¼','QUERY',57,'top.yimo.sys.controller.UserOnlineController.listByPage',NULL,'0:0:0:0:0:0:0:1','2019-03-19 17:14:37','http://localhost/YiMo/sys/userOnline/list','è·å–åœ¨çº¿ç”¨æˆ·è®°å½•','åœ¨çº¿ç”¨æˆ·è®°å½•'),(799,1,'æ²™æ¼ éª†é©¼','FORCE',83,'top.yimo.sys.controller.UserOnlineController.kickout',NULL,'0:0:0:0:0:0:0:1','2019-03-19 17:14:43','http://localhost/YiMo/sys/userOnline/kickout','å¼ºåˆ¶è¸¢å‡º','åœ¨çº¿ç”¨æˆ·è®°å½•'),(800,1,'æ²™æ¼ éª†é©¼','QUERY',18,'top.yimo.sys.controller.UserOnlineController.listByPage',NULL,'0:0:0:0:0:0:0:1','2019-03-19 17:14:43','http://localhost/YiMo/sys/userOnline/list','è·å–åœ¨çº¿ç”¨æˆ·è®°å½•','åœ¨çº¿ç”¨æˆ·è®°å½•'),(801,1,'æ²™æ¼ éª†é©¼','FORCE',61,'top.yimo.sys.controller.UserOnlineController.kickout',NULL,'0:0:0:0:0:0:0:1','2019-03-19 17:14:46','http://localhost/YiMo/sys/userOnline/kickout','å¼ºåˆ¶è¸¢å‡º','åœ¨çº¿ç”¨æˆ·è®°å½•'),(802,1,'æ²™æ¼ éª†é©¼','QUERY',35,'top.yimo.sys.controller.UserOnlineController.listByPage',NULL,'0:0:0:0:0:0:0:1','2019-03-19 17:14:46','http://localhost/YiMo/sys/userOnline/list','è·å–åœ¨çº¿ç”¨æˆ·è®°å½•','åœ¨çº¿ç”¨æˆ·è®°å½•'),(803,1,'æ²™æ¼ éª†é©¼','FORCE',100,'top.yimo.sys.controller.UserOnlineController.kickout',NULL,'0:0:0:0:0:0:0:1','2019-03-19 17:14:49','http://localhost/YiMo/sys/userOnline/kickout','å¼ºåˆ¶è¸¢å‡º','åœ¨çº¿ç”¨æˆ·è®°å½•'),(804,1,'æ²™æ¼ éª†é©¼','LOGIN',11,'top.yimo.common.controller.AuthController.doLogin',NULL,'0:0:0:0:0:0:0:1','2019-03-19 17:14:53','http://localhost/YiMo/login','è®¤è¯æ“ä½œ','ç”¨æˆ·è®¤è¯'),(805,1,'æ²™æ¼ éª†é©¼','LOGIN',278,'top.yimo.common.controller.AuthController.doLogin',NULL,'0:0:0:0:0:0:0:1','2019-03-19 17:39:29','http://localhost/YiMo/login','è®¤è¯æ“ä½œ','ç”¨æˆ·è®¤è¯'),(806,1,'æ²™æ¼ éª†é©¼','LOGIN',336,'top.yimo.common.controller.AuthController.doLogin',NULL,'0:0:0:0:0:0:0:1','2019-03-19 17:58:58','http://localhost/YiMo/login','è®¤è¯æ“ä½œ','ç”¨æˆ·è®¤è¯'),(807,1,'æ²™æ¼ éª†é©¼','QUERY',89,'top.yimo.sys.controller.UserOnlineController.listByPage',NULL,'0:0:0:0:0:0:0:1','2019-03-19 17:59:02','http://localhost/YiMo/sys/userOnline/list','è·å–åœ¨çº¿ç”¨æˆ·è®°å½•','åœ¨çº¿ç”¨æˆ·è®°å½•'),(808,1,'æ²™æ¼ éª†é©¼','FORCE',68,'top.yimo.sys.controller.UserOnlineController.kickout',NULL,'0:0:0:0:0:0:0:1','2019-03-19 17:59:06','http://localhost/YiMo/sys/userOnline/kickout','å¼ºåˆ¶è¸¢å‡º','åœ¨çº¿ç”¨æˆ·è®°å½•'),(809,1,'æ²™æ¼ éª†é©¼','QUERY',29,'top.yimo.sys.controller.UserOnlineController.listByPage',NULL,'0:0:0:0:0:0:0:1','2019-03-19 17:59:06','http://localhost/YiMo/sys/userOnline/list','è·å–åœ¨çº¿ç”¨æˆ·è®°å½•','åœ¨çº¿ç”¨æˆ·è®°å½•'),(810,1,'æ²™æ¼ éª†é©¼','FORCE',64,'top.yimo.sys.controller.UserOnlineController.kickout',NULL,'0:0:0:0:0:0:0:1','2019-03-19 17:59:09','http://localhost/YiMo/sys/userOnline/kickout','å¼ºåˆ¶è¸¢å‡º','åœ¨çº¿ç”¨æˆ·è®°å½•'),(811,1,'æ²™æ¼ éª†é©¼','LOGIN',11,'top.yimo.common.controller.AuthController.doLogin',NULL,'0:0:0:0:0:0:0:1','2019-03-19 17:59:14','http://localhost/YiMo/login','è®¤è¯æ“ä½œ','ç”¨æˆ·è®¤è¯'),(812,1,'æ²™æ¼ éª†é©¼','LOGIN',43,'top.yimo.common.controller.AuthController.doLogin',NULL,'0:0:0:0:0:0:0:1','2019-03-19 18:01:48','http://localhost/YiMo/login','è®¤è¯æ“ä½œ','ç”¨æˆ·è®¤è¯'),(813,1,'æ²™æ¼ éª†é©¼','QUERY',17,'top.yimo.sys.controller.UserOnlineController.listByPage',NULL,'0:0:0:0:0:0:0:1','2019-03-19 18:01:51','http://localhost/YiMo/sys/userOnline/list','è·å–åœ¨çº¿ç”¨æˆ·è®°å½•','åœ¨çº¿ç”¨æˆ·è®°å½•'),(814,1,'æ²™æ¼ éª†é©¼','FORCE',63,'top.yimo.sys.controller.UserOnlineController.kickout',NULL,'0:0:0:0:0:0:0:1','2019-03-19 18:01:55','http://localhost/YiMo/sys/userOnline/kickout','å¼ºåˆ¶è¸¢å‡º','åœ¨çº¿ç”¨æˆ·è®°å½•'),(815,1,'æ²™æ¼ éª†é©¼','LOGIN',8,'top.yimo.common.controller.AuthController.doLogin',NULL,'0:0:0:0:0:0:0:1','2019-03-19 18:02:02','http://localhost/YiMo/login','è®¤è¯æ“ä½œ','ç”¨æˆ·è®¤è¯'),(816,1,'æ²™æ¼ éª†é©¼','LOGIN',278,'top.yimo.common.controller.AuthController.doLogin',NULL,'0:0:0:0:0:0:0:1','2019-03-19 18:04:50','http://localhost/YiMo/login','è®¤è¯æ“ä½œ','ç”¨æˆ·è®¤è¯'),(817,1,'æ²™æ¼ éª†é©¼','QUERY',75,'top.yimo.sys.controller.UserOnlineController.listByPage',NULL,'0:0:0:0:0:0:0:1','2019-03-19 18:04:54','http://localhost/YiMo/sys/userOnline/list','è·å–åœ¨çº¿ç”¨æˆ·è®°å½•','åœ¨çº¿ç”¨æˆ·è®°å½•'),(818,1,'æ²™æ¼ éª†é©¼','LOGIN',319,'top.yimo.common.controller.AuthController.doLogin',NULL,'0:0:0:0:0:0:0:1','2019-03-19 18:06:44','http://localhost/YiMo/login','è®¤è¯æ“ä½œ','ç”¨æˆ·è®¤è¯'),(819,1,'æ²™æ¼ éª†é©¼','QUERY',80,'top.yimo.sys.controller.UserOnlineController.listByPage',NULL,'0:0:0:0:0:0:0:1','2019-03-19 18:06:47','http://localhost/YiMo/sys/userOnline/list','è·å–åœ¨çº¿ç”¨æˆ·è®°å½•','åœ¨çº¿ç”¨æˆ·è®°å½•'),(820,NULL,NULL,'FORCE',36737,'top.yimo.sys.controller.UserOnlineController.kickout',NULL,'0:0:0:0:0:0:0:1','2019-03-19 18:06:52','http://localhost/YiMo/sys/userOnline/kickout','å¼ºåˆ¶è¸¢å‡º','åœ¨çº¿ç”¨æˆ·è®°å½•'),(821,1,'æ²™æ¼ éª†é©¼','LOGIN',51,'top.yimo.common.controller.AuthController.doLogin',NULL,'0:0:0:0:0:0:0:1','2019-03-19 18:09:18','http://localhost/YiMo/login','è®¤è¯æ“ä½œ','ç”¨æˆ·è®¤è¯'),(822,1,'æ²™æ¼ éª†é©¼','QUERY',34,'top.yimo.sys.controller.UserOnlineController.listByPage',NULL,'0:0:0:0:0:0:0:1','2019-03-19 18:09:21','http://localhost/YiMo/sys/userOnline/list','è·å–åœ¨çº¿ç”¨æˆ·è®°å½•','åœ¨çº¿ç”¨æˆ·è®°å½•'),(823,1,'æ²™æ¼ éª†é©¼','QUERY',13,'top.yimo.sys.controller.UserOnlineController.listByPage',NULL,'0:0:0:0:0:0:0:1','2019-03-19 18:09:24','http://localhost/YiMo/sys/userOnline/list','è·å–åœ¨çº¿ç”¨æˆ·è®°å½•','åœ¨çº¿ç”¨æˆ·è®°å½•'),(824,1,'æ²™æ¼ éª†é©¼','QUERY',27,'top.yimo.sys.controller.UserOnlineController.listByPage',NULL,'0:0:0:0:0:0:0:1','2019-03-19 18:09:25','http://localhost/YiMo/sys/userOnline/list','è·å–åœ¨çº¿ç”¨æˆ·è®°å½•','åœ¨çº¿ç”¨æˆ·è®°å½•'),(825,1,'æ²™æ¼ éª†é©¼','QUERY',14,'top.yimo.sys.controller.UserOnlineController.listByPage',NULL,'0:0:0:0:0:0:0:1','2019-03-19 18:09:28','http://localhost/YiMo/sys/userOnline/list','è·å–åœ¨çº¿ç”¨æˆ·è®°å½•','åœ¨çº¿ç”¨æˆ·è®°å½•'),(826,NULL,NULL,'LOGOUT',10,'top.yimo.common.controller.AuthController.logout',NULL,'0:0:0:0:0:0:0:1','2019-03-19 18:09:39','http://localhost/YiMo/logout','ç³»ç»Ÿé€€å‡º','ç”¨æˆ·è®¤è¯'),(827,1,'æ²™æ¼ éª†é©¼','LOGIN',12,'top.yimo.common.controller.AuthController.doLogin',NULL,'0:0:0:0:0:0:0:1','2019-03-19 18:09:41','http://localhost/YiMo/login','è®¤è¯æ“ä½œ','ç”¨æˆ·è®¤è¯'),(828,1,'æ²™æ¼ éª†é©¼','QUERY',17,'top.yimo.sys.controller.UserOnlineController.listByPage',NULL,'0:0:0:0:0:0:0:1','2019-03-19 18:09:44','http://localhost/YiMo/sys/userOnline/list','è·å–åœ¨çº¿ç”¨æˆ·è®°å½•','åœ¨çº¿ç”¨æˆ·è®°å½•'),(829,1,'æ²™æ¼ éª†é©¼','QUERY',12,'top.yimo.sys.controller.UserOnlineController.listByPage',NULL,'0:0:0:0:0:0:0:1','2019-03-19 18:09:46','http://localhost/YiMo/sys/userOnline/list','è·å–åœ¨çº¿ç”¨æˆ·è®°å½•','åœ¨çº¿ç”¨æˆ·è®°å½•'),(830,1,'æ²™æ¼ éª†é©¼','QUERY',17,'top.yimo.sys.controller.UserOnlineController.listByPage',NULL,'0:0:0:0:0:0:0:1','2019-03-19 18:09:48','http://localhost/YiMo/sys/userOnline/list','è·å–åœ¨çº¿ç”¨æˆ·è®°å½•','åœ¨çº¿ç”¨æˆ·è®°å½•'),(831,NULL,NULL,'FORCE',98,'top.yimo.sys.controller.UserOnlineController.kickout',NULL,'0:0:0:0:0:0:0:1','2019-03-19 18:09:50','http://localhost/YiMo/sys/userOnline/kickout','å¼ºåˆ¶è¸¢å‡º','åœ¨çº¿ç”¨æˆ·è®°å½•'),(832,1,'æ²™æ¼ éª†é©¼','LOGIN',12,'top.yimo.common.controller.AuthController.doLogin',NULL,'0:0:0:0:0:0:0:1','2019-03-19 18:10:11','http://localhost/YiMo/login','è®¤è¯æ“ä½œ','ç”¨æˆ·è®¤è¯'),(833,1,'æ²™æ¼ éª†é©¼','LOGIN',314,'top.yimo.common.controller.AuthController.doLogin',NULL,'0:0:0:0:0:0:0:1','2019-03-19 18:20:43','http://localhost/YiMo/login','è®¤è¯æ“ä½œ','ç”¨æˆ·è®¤è¯'),(834,1,'æ²™æ¼ éª†é©¼','QUERY',91,'top.yimo.sys.controller.UserOnlineController.listByPage',NULL,'0:0:0:0:0:0:0:1','2019-03-19 18:20:47','http://localhost/YiMo/sys/userOnline/list','è·å–åœ¨çº¿ç”¨æˆ·è®°å½•','åœ¨çº¿ç”¨æˆ·è®°å½•'),(835,1,'æ²™æ¼ éª†é©¼','QUERY',16,'top.yimo.sys.controller.UserOnlineController.listByPage',NULL,'0:0:0:0:0:0:0:1','2019-03-19 18:20:50','http://localhost/YiMo/sys/userOnline/list','è·å–åœ¨çº¿ç”¨æˆ·è®°å½•','åœ¨çº¿ç”¨æˆ·è®°å½•'),(836,NULL,NULL,'FORCE',169135,'top.yimo.sys.controller.UserOnlineController.kickout',NULL,'0:0:0:0:0:0:0:1','2019-03-19 18:20:53','http://localhost/YiMo/sys/userOnline/kickout','å¼ºåˆ¶è¸¢å‡º','åœ¨çº¿ç”¨æˆ·è®°å½•'),(837,1,'æ²™æ¼ éª†é©¼','LOGIN',18,'top.yimo.common.controller.AuthController.doLogin',NULL,'0:0:0:0:0:0:0:1','2019-03-19 18:23:50','http://localhost/YiMo/login','è®¤è¯æ“ä½œ','ç”¨æˆ·è®¤è¯'),(838,NULL,NULL,'LOGOUT',55,'top.yimo.common.controller.AuthController.logout',NULL,'0:0:0:0:0:0:0:1','2019-03-19 18:23:52','http://localhost/YiMo/logout','ç³»ç»Ÿé€€å‡º','ç”¨æˆ·è®¤è¯'),(839,1,'æ²™æ¼ éª†é©¼','LOGIN',12,'top.yimo.common.controller.AuthController.doLogin',NULL,'0:0:0:0:0:0:0:1','2019-03-19 18:23:54','http://localhost/YiMo/login','è®¤è¯æ“ä½œ','ç”¨æˆ·è®¤è¯'),(840,1,'æ²™æ¼ éª†é©¼','LOGIN',398,'top.yimo.common.controller.AuthController.doLogin',NULL,'0:0:0:0:0:0:0:1','2019-03-19 18:27:39','http://localhost/YiMo/login','è®¤è¯æ“ä½œ','ç”¨æˆ·è®¤è¯'),(841,NULL,NULL,'LOGOUT',53,'top.yimo.common.controller.AuthController.logout',NULL,'0:0:0:0:0:0:0:1','2019-03-19 18:27:42','http://localhost/YiMo/logout','ç³»ç»Ÿé€€å‡º','ç”¨æˆ·è®¤è¯'),(842,1,'æ²™æ¼ éª†é©¼','LOGIN',12,'top.yimo.common.controller.AuthController.doLogin',NULL,'0:0:0:0:0:0:0:1','2019-03-19 18:28:14','http://localhost/YiMo/login','è®¤è¯æ“ä½œ','ç”¨æˆ·è®¤è¯'),(843,NULL,NULL,'LOGOUT',340428,'top.yimo.common.controller.AuthController.logout',NULL,'0:0:0:0:0:0:0:1','2019-03-19 18:28:17','http://localhost/YiMo/logout','ç³»ç»Ÿé€€å‡º','ç”¨æˆ·è®¤è¯'),(844,1,'æ²™æ¼ éª†é©¼','LOGIN',16,'top.yimo.common.controller.AuthController.doLogin',NULL,'0:0:0:0:0:0:0:1','2019-03-19 18:34:04','http://localhost/YiMo/login','è®¤è¯æ“ä½œ','ç”¨æˆ·è®¤è¯'),(845,1,'æ²™æ¼ éª†é©¼','LOGIN',322,'top.yimo.common.controller.AuthController.doLogin',NULL,'0:0:0:0:0:0:0:1','2019-03-19 18:36:32','http://localhost/YiMo/login','è®¤è¯æ“ä½œ','ç”¨æˆ·è®¤è¯'),(846,NULL,NULL,'LOGOUT',67,'top.yimo.common.controller.AuthController.logout',NULL,'0:0:0:0:0:0:0:1','2019-03-19 18:36:36','http://localhost/YiMo/logout','ç³»ç»Ÿé€€å‡º','ç”¨æˆ·è®¤è¯'),(847,1,'æ²™æ¼ éª†é©¼','LOGIN',14,'top.yimo.common.controller.AuthController.doLogin',NULL,'0:0:0:0:0:0:0:1','2019-03-19 18:36:53','http://localhost/YiMo/login','è®¤è¯æ“ä½œ','ç”¨æˆ·è®¤è¯'),(848,1,'æ²™æ¼ éª†é©¼','QUERY',54,'top.yimo.sys.controller.UserOnlineController.listByPage',NULL,'0:0:0:0:0:0:0:1','2019-03-19 18:36:56','http://localhost/YiMo/sys/userOnline/list','è·å–åœ¨çº¿ç”¨æˆ·è®°å½•','åœ¨çº¿ç”¨æˆ·è®°å½•'),(849,NULL,NULL,'FORCE',67,'top.yimo.sys.controller.UserOnlineController.kickout',NULL,'0:0:0:0:0:0:0:1','2019-03-19 18:37:30','http://localhost/YiMo/sys/userOnline/kickout','å¼ºåˆ¶è¸¢å‡º','åœ¨çº¿ç”¨æˆ·è®°å½•'),(850,1,'æ²™æ¼ éª†é©¼','LOGIN',10,'top.yimo.common.controller.AuthController.doLogin',NULL,'0:0:0:0:0:0:0:1','2019-03-19 18:37:41','http://localhost/YiMo/login','è®¤è¯æ“ä½œ','ç”¨æˆ·è®¤è¯'),(851,1,'æ²™æ¼ éª†é©¼','QUERY',14,'top.yimo.sys.controller.UserOnlineController.listByPage',NULL,'0:0:0:0:0:0:0:1','2019-03-19 18:37:44','http://localhost/YiMo/sys/userOnline/list','è·å–åœ¨çº¿ç”¨æˆ·è®°å½•','åœ¨çº¿ç”¨æˆ·è®°å½•'),(852,NULL,NULL,'FORCE',132,'top.yimo.sys.controller.UserOnlineController.kickout',NULL,'0:0:0:0:0:0:0:1','2019-03-19 18:37:49','http://localhost/YiMo/sys/userOnline/kickout','å¼ºåˆ¶è¸¢å‡º','åœ¨çº¿ç”¨æˆ·è®°å½•'),(853,1,'æ²™æ¼ éª†é©¼','LOGIN',8,'top.yimo.common.controller.AuthController.doLogin',NULL,'0:0:0:0:0:0:0:1','2019-03-19 18:37:53','http://localhost/YiMo/login','è®¤è¯æ“ä½œ','ç”¨æˆ·è®¤è¯'),(854,1,'æ²™æ¼ éª†é©¼','QUERY',17,'top.yimo.sys.controller.UserOnlineController.listByPage',NULL,'0:0:0:0:0:0:0:1','2019-03-19 18:37:56','http://localhost/YiMo/sys/userOnline/list','è·å–åœ¨çº¿ç”¨æˆ·è®°å½•','åœ¨çº¿ç”¨æˆ·è®°å½•'),(855,NULL,NULL,'FORCE',100,'top.yimo.sys.controller.UserOnlineController.kickout',NULL,'0:0:0:0:0:0:0:1','2019-03-19 18:38:04','http://localhost/YiMo/sys/userOnline/kickout','å¼ºåˆ¶è¸¢å‡º','åœ¨çº¿ç”¨æˆ·è®°å½•'),(856,1,'æ²™æ¼ éª†é©¼','LOGIN',13,'top.yimo.common.controller.AuthController.doLogin',NULL,'0:0:0:0:0:0:0:1','2019-03-19 18:38:27','http://localhost/YiMo/login','è®¤è¯æ“ä½œ','ç”¨æˆ·è®¤è¯'),(857,NULL,NULL,'LOGOUT',129,'top.yimo.common.controller.AuthController.logout',NULL,'0:0:0:0:0:0:0:1','2019-03-19 18:38:51','http://localhost/YiMo/logout','ç³»ç»Ÿé€€å‡º','ç”¨æˆ·è®¤è¯'),(858,1,'æ²™æ¼ éª†é©¼','LOGIN',9,'top.yimo.common.controller.AuthController.doLogin',NULL,'0:0:0:0:0:0:0:1','2019-03-19 18:39:02','http://localhost/YiMo/login','è®¤è¯æ“ä½œ','ç”¨æˆ·è®¤è¯'),(859,NULL,NULL,'LOGOUT',125,'top.yimo.common.controller.AuthController.logout',NULL,'0:0:0:0:0:0:0:1','2019-03-19 18:39:12','http://localhost/YiMo/logout','ç³»ç»Ÿé€€å‡º','ç”¨æˆ·è®¤è¯'),(860,1,'æ²™æ¼ éª†é©¼','LOGIN',11,'top.yimo.common.controller.AuthController.doLogin',NULL,'0:0:0:0:0:0:0:1','2019-03-19 18:39:18','http://localhost/YiMo/login','è®¤è¯æ“ä½œ','ç”¨æˆ·è®¤è¯'),(861,NULL,NULL,'LOGOUT',67,'top.yimo.common.controller.AuthController.logout',NULL,'0:0:0:0:0:0:0:1','2019-03-19 18:39:25','http://localhost/YiMo/logout','ç³»ç»Ÿé€€å‡º','ç”¨æˆ·è®¤è¯'),(862,1,'æ²™æ¼ éª†é©¼','LOGIN',9,'top.yimo.common.controller.AuthController.doLogin',NULL,'0:0:0:0:0:0:0:1','2019-03-19 18:39:26','http://localhost/YiMo/login','è®¤è¯æ“ä½œ','ç”¨æˆ·è®¤è¯'),(863,1,'æ²™æ¼ éª†é©¼','QUERY',11,'top.yimo.sys.controller.UserOnlineController.listByPage',NULL,'0:0:0:0:0:0:0:1','2019-03-19 18:39:32','http://localhost/YiMo/sys/userOnline/list','è·å–åœ¨çº¿ç”¨æˆ·è®°å½•','åœ¨çº¿ç”¨æˆ·è®°å½•'),(864,1,'æ²™æ¼ éª†é©¼','LOGIN',32,'top.yimo.common.controller.AuthController.doLogin',NULL,'0:0:0:0:0:0:0:1','2019-03-19 18:45:44','http://localhost/YiMo/login','è®¤è¯æ“ä½œ','ç”¨æˆ·è®¤è¯'),(865,1,'æ²™æ¼ éª†é©¼','QUERY',15,'top.yimo.sys.controller.UserOnlineController.listByPage',NULL,'0:0:0:0:0:0:0:1','2019-03-19 18:45:47','http://localhost/YiMo/sys/userOnline/list','è·å–åœ¨çº¿ç”¨æˆ·è®°å½•','åœ¨çº¿ç”¨æˆ·è®°å½•'),(866,1,'æ²™æ¼ éª†é©¼','LOGIN',70,'top.yimo.common.controller.AuthController.doLogin',NULL,'0:0:0:0:0:0:0:1','2019-03-19 19:03:01','http://localhost/YiMo/login','è®¤è¯æ“ä½œ','ç”¨æˆ·è®¤è¯'),(867,1,'æ²™æ¼ éª†é©¼','QUERY',10,'top.yimo.sys.controller.UserOnlineController.listByPage',NULL,'0:0:0:0:0:0:0:1','2019-03-19 19:03:05','http://localhost/YiMo/sys/userOnline/list','è·å–åœ¨çº¿ç”¨æˆ·è®°å½•','åœ¨çº¿ç”¨æˆ·è®°å½•'),(868,1,'æ²™æ¼ éª†é©¼','QUERY',43,'top.yimo.sys.controller.UserController.listByPage',NULL,'0:0:0:0:0:0:0:1','2019-03-19 19:03:10','http://localhost/YiMo/sys/user/list','è·å–ç”¨æˆ·åˆ—è¡¨','ç”¨æˆ·ç®¡ç†'),(869,1,'æ²™æ¼ éª†é©¼','LOGIN',10,'top.yimo.common.controller.AuthController.doLogin',NULL,'0:0:0:0:0:0:0:1','2019-03-19 19:04:01','http://localhost/YiMo/login','è®¤è¯æ“ä½œ','ç”¨æˆ·è®¤è¯'),(870,1,'æ²™æ¼ éª†é©¼','LOGIN',49,'top.yimo.common.controller.AuthController.doLogin',NULL,'0:0:0:0:0:0:0:1','2019-03-19 19:06:04','http://localhost/YiMo/login','è®¤è¯æ“ä½œ','ç”¨æˆ·è®¤è¯'),(871,NULL,NULL,'LOGOUT',3,'top.yimo.common.controller.AuthController.logout',NULL,'0:0:0:0:0:0:0:1','2019-03-19 19:06:46','http://localhost/YiMo/logout','ç³»ç»Ÿé€€å‡º','ç”¨æˆ·è®¤è¯'),(872,1,'æ²™æ¼ éª†é©¼','LOGIN',7,'top.yimo.common.controller.AuthController.doLogin',NULL,'0:0:0:0:0:0:0:1','2019-03-19 19:07:03','http://localhost/YiMo/login','è®¤è¯æ“ä½œ','ç”¨æˆ·è®¤è¯'),(873,1,'æ²™æ¼ éª†é©¼','QUERY',12,'top.yimo.sys.controller.UserOnlineController.listByPage',NULL,'0:0:0:0:0:0:0:1','2019-03-19 19:07:06','http://localhost/YiMo/sys/userOnline/list','è·å–åœ¨çº¿ç”¨æˆ·è®°å½•','åœ¨çº¿ç”¨æˆ·è®°å½•'),(874,1,'æ²™æ¼ éª†é©¼','LOGIN',13,'top.yimo.common.controller.AuthController.doLogin',NULL,'0:0:0:0:0:0:0:1','2019-03-19 19:07:10','http://localhost/YiMo/login','è®¤è¯æ“ä½œ','ç”¨æˆ·è®¤è¯'),(875,1,'æ²™æ¼ éª†é©¼','LOGIN',11,'top.yimo.common.controller.AuthController.doLogin',NULL,'0:0:0:0:0:0:0:1','2019-03-19 19:08:02','http://localhost/YiMo/login','è®¤è¯æ“ä½œ','ç”¨æˆ·è®¤è¯'),(876,1,'æ²™æ¼ éª†é©¼','QUERY',31,'top.yimo.sys.controller.UserController.listByPage',NULL,'0:0:0:0:0:0:0:1','2019-03-19 19:08:05','http://localhost/YiMo/sys/user/list','è·å–ç”¨æˆ·åˆ—è¡¨','ç”¨æˆ·ç®¡ç†'),(877,1,'æ²™æ¼ éª†é©¼','QUERY',27,'top.yimo.sys.controller.UserController.listByPage',NULL,'0:0:0:0:0:0:0:1','2019-03-19 19:08:55','http://localhost/YiMo/sys/user/list','è·å–ç”¨æˆ·åˆ—è¡¨','ç”¨æˆ·ç®¡ç†'),(878,1,'æ²™æ¼ éª†é©¼','QUERY',60,'top.yimo.sys.controller.UserController.listByPage',NULL,'0:0:0:0:0:0:0:1','2019-03-19 19:08:57','http://localhost/YiMo/sys/user/list','è·å–ç”¨æˆ·åˆ—è¡¨','ç”¨æˆ·ç®¡ç†'),(879,1,'æ²™æ¼ éª†é©¼','QUERY',20,'top.yimo.sys.controller.UserController.listByPage',NULL,'0:0:0:0:0:0:0:1','2019-03-19 19:08:58','http://localhost/YiMo/sys/user/list','è·å–ç”¨æˆ·åˆ—è¡¨','ç”¨æˆ·ç®¡ç†'),(880,1,'æ²™æ¼ éª†é©¼','QUERY',24,'top.yimo.sys.controller.UserController.listByPage',NULL,'0:0:0:0:0:0:0:1','2019-03-19 19:08:59','http://localhost/YiMo/sys/user/list','è·å–ç”¨æˆ·åˆ—è¡¨','ç”¨æˆ·ç®¡ç†'),(881,1,'æ²™æ¼ éª†é©¼','QUERY',18,'top.yimo.sys.controller.UserController.listByPage',NULL,'0:0:0:0:0:0:0:1','2019-03-19 19:08:59','http://localhost/YiMo/sys/user/list','è·å–ç”¨æˆ·åˆ—è¡¨','ç”¨æˆ·ç®¡ç†'),(882,1,'æ²™æ¼ éª†é©¼','QUERY',25,'top.yimo.sys.controller.UserController.listByPage',NULL,'0:0:0:0:0:0:0:1','2019-03-19 19:09:00','http://localhost/YiMo/sys/user/list','è·å–ç”¨æˆ·åˆ—è¡¨','ç”¨æˆ·ç®¡ç†'),(883,1,'æ²™æ¼ éª†é©¼','QUERY',21,'top.yimo.sys.controller.UserController.listByPage',NULL,'0:0:0:0:0:0:0:1','2019-03-19 19:09:01','http://localhost/YiMo/sys/user/list','è·å–ç”¨æˆ·åˆ—è¡¨','ç”¨æˆ·ç®¡ç†'),(884,1,'æ²™æ¼ éª†é©¼','QUERY',22,'top.yimo.sys.controller.UserController.listByPage',NULL,'0:0:0:0:0:0:0:1','2019-03-19 19:09:03','http://localhost/YiMo/sys/user/list','è·å–ç”¨æˆ·åˆ—è¡¨','ç”¨æˆ·ç®¡ç†'),(885,1,'æ²™æ¼ éª†é©¼','QUERY',19,'top.yimo.sys.controller.UserController.listByPage',NULL,'0:0:0:0:0:0:0:1','2019-03-19 19:09:10','http://localhost/YiMo/sys/user/list','è·å–ç”¨æˆ·åˆ—è¡¨','ç”¨æˆ·ç®¡ç†'),(886,1,'æ²™æ¼ éª†é©¼','QUERY',22,'top.yimo.sys.controller.UserController.listByPage',NULL,'0:0:0:0:0:0:0:1','2019-03-19 19:09:18','http://localhost/YiMo/sys/user/list','è·å–ç”¨æˆ·åˆ—è¡¨','ç”¨æˆ·ç®¡ç†'),(887,1,'æ²™æ¼ éª†é©¼','QUERY',10,'top.yimo.sys.controller.UserOnlineController.listByPage',NULL,'0:0:0:0:0:0:0:1','2019-03-19 19:09:23','http://localhost/YiMo/sys/userOnline/list','è·å–åœ¨çº¿ç”¨æˆ·è®°å½•','åœ¨çº¿ç”¨æˆ·è®°å½•'),(888,1,'æ²™æ¼ éª†é©¼','QUERY',26,'top.yimo.sys.controller.DeptController.list',NULL,'0:0:0:0:0:0:0:1','2019-03-19 19:09:28','http://localhost/YiMo/sys/dept/list','è·å–éƒ¨é—¨ç®¡ç†åˆ—è¡¨','éƒ¨é—¨ç®¡ç†'),(889,2,'æµ‹è¯•ç”¨æˆ·','LOGIN',9,'top.yimo.common.controller.AuthController.doLogin',NULL,'0:0:0:0:0:0:0:1','2019-03-19 19:09:45','http://localhost/YiMo/login','è®¤è¯æ“ä½œ','ç”¨æˆ·è®¤è¯'),(890,2,'æµ‹è¯•ç”¨æˆ·','QUERY',10,'top.yimo.sys.controller.UserOnlineController.listByPage',NULL,'0:0:0:0:0:0:0:1','2019-03-19 19:09:50','http://localhost/YiMo/sys/userOnline/list','è·å–åœ¨çº¿ç”¨æˆ·è®°å½•','åœ¨çº¿ç”¨æˆ·è®°å½•'),(891,2,'æµ‹è¯•ç”¨æˆ·','FORCE',2,'top.yimo.sys.controller.UserOnlineController.kickout',NULL,'0:0:0:0:0:0:0:1','2019-03-19 19:09:54','http://localhost/YiMo/sys/userOnline/kickout','å¼ºåˆ¶è¸¢å‡º','åœ¨çº¿ç”¨æˆ·è®°å½•'),(892,2,'æµ‹è¯•ç”¨æˆ·','QUERY',8,'top.yimo.sys.controller.UserOnlineController.listByPage',NULL,'0:0:0:0:0:0:0:1','2019-03-19 19:09:54','http://localhost/YiMo/sys/userOnline/list','è·å–åœ¨çº¿ç”¨æˆ·è®°å½•','åœ¨çº¿ç”¨æˆ·è®°å½•'),(893,1,'æ²™æ¼ éª†é©¼','QUERY',15,'top.yimo.sys.controller.UserOnlineController.listByPage',NULL,'0:0:0:0:0:0:0:1','2019-03-19 19:10:22','http://localhost/YiMo/sys/userOnline/list','è·å–åœ¨çº¿ç”¨æˆ·è®°å½•','åœ¨çº¿ç”¨æˆ·è®°å½•'),(894,1,'æ²™æ¼ éª†é©¼','LOGIN',288,'top.yimo.common.controller.AuthController.doLogin',NULL,'0:0:0:0:0:0:0:1','2019-03-19 19:12:53','http://localhost/YiMo/login','è®¤è¯æ“ä½œ','ç”¨æˆ·è®¤è¯'),(895,2,'æµ‹è¯•ç”¨æˆ·','LOGIN',12,'top.yimo.common.controller.AuthController.doLogin',NULL,'0:0:0:0:0:0:0:1','2019-03-19 19:13:01','http://localhost/YiMo/login','è®¤è¯æ“ä½œ','ç”¨æˆ·è®¤è¯'),(896,2,'æµ‹è¯•ç”¨æˆ·','QUERY',57,'top.yimo.sys.controller.UserOnlineController.listByPage',NULL,'0:0:0:0:0:0:0:1','2019-03-19 19:13:05','http://localhost/YiMo/sys/userOnline/list','è·å–åœ¨çº¿ç”¨æˆ·è®°å½•','åœ¨çº¿ç”¨æˆ·è®°å½•'),(897,2,'æµ‹è¯•ç”¨æˆ·','FORCE',3,'top.yimo.sys.controller.UserOnlineController.kickout',NULL,'0:0:0:0:0:0:0:1','2019-03-19 19:13:15','http://localhost/YiMo/sys/userOnline/kickout','å¼ºåˆ¶è¸¢å‡º','åœ¨çº¿ç”¨æˆ·è®°å½•'),(898,2,'æµ‹è¯•ç”¨æˆ·','QUERY',15,'top.yimo.sys.controller.UserOnlineController.listByPage',NULL,'0:0:0:0:0:0:0:1','2019-03-19 19:13:15','http://localhost/YiMo/sys/userOnline/list','è·å–åœ¨çº¿ç”¨æˆ·è®°å½•','åœ¨çº¿ç”¨æˆ·è®°å½•'),(899,2,'æµ‹è¯•ç”¨æˆ·','QUERY',26,'top.yimo.sys.controller.UserOnlineController.listByPage',NULL,'0:0:0:0:0:0:0:1','2019-03-19 19:13:18','http://localhost/YiMo/sys/userOnline/list','è·å–åœ¨çº¿ç”¨æˆ·è®°å½•','åœ¨çº¿ç”¨æˆ·è®°å½•'),(900,2,'æµ‹è¯•ç”¨æˆ·','QUERY',18,'top.yimo.sys.controller.UserOnlineController.listByPage',NULL,'0:0:0:0:0:0:0:1','2019-03-19 19:13:19','http://localhost/YiMo/sys/userOnline/list','è·å–åœ¨çº¿ç”¨æˆ·è®°å½•','åœ¨çº¿ç”¨æˆ·è®°å½•'),(901,2,'æµ‹è¯•ç”¨æˆ·','QUERY',14,'top.yimo.sys.controller.UserOnlineController.listByPage',NULL,'0:0:0:0:0:0:0:1','2019-03-19 19:13:21','http://localhost/YiMo/sys/userOnline/list','è·å–åœ¨çº¿ç”¨æˆ·è®°å½•','åœ¨çº¿ç”¨æˆ·è®°å½•'),(902,2,'æµ‹è¯•ç”¨æˆ·','QUERY',14,'top.yimo.sys.controller.UserOnlineController.listByPage',NULL,'0:0:0:0:0:0:0:1','2019-03-19 19:13:23','http://localhost/YiMo/sys/userOnline/list','è·å–åœ¨çº¿ç”¨æˆ·è®°å½•','åœ¨çº¿ç”¨æˆ·è®°å½•'),(903,2,'æµ‹è¯•ç”¨æˆ·','QUERY',15,'top.yimo.sys.controller.UserOnlineController.listByPage',NULL,'0:0:0:0:0:0:0:1','2019-03-19 19:13:24','http://localhost/YiMo/sys/userOnline/list','è·å–åœ¨çº¿ç”¨æˆ·è®°å½•','åœ¨çº¿ç”¨æˆ·è®°å½•'),(904,2,'æµ‹è¯•ç”¨æˆ·','QUERY',19,'top.yimo.sys.controller.UserOnlineController.listByPage',NULL,'0:0:0:0:0:0:0:1','2019-03-19 19:13:27','http://localhost/YiMo/sys/userOnline/list','è·å–åœ¨çº¿ç”¨æˆ·è®°å½•','åœ¨çº¿ç”¨æˆ·è®°å½•'),(905,2,'æµ‹è¯•ç”¨æˆ·','QUERY',14,'top.yimo.sys.controller.UserOnlineController.listByPage',NULL,'0:0:0:0:0:0:0:1','2019-03-19 19:13:28','http://localhost/YiMo/sys/userOnline/list','è·å–åœ¨çº¿ç”¨æˆ·è®°å½•','åœ¨çº¿ç”¨æˆ·è®°å½•'),(906,1,'æ²™æ¼ éª†é©¼','QUERY',13,'top.yimo.sys.controller.UserOnlineController.listByPage',NULL,'0:0:0:0:0:0:0:1','2019-03-19 19:13:38','http://localhost/YiMo/sys/userOnline/list','è·å–åœ¨çº¿ç”¨æˆ·è®°å½•','åœ¨çº¿ç”¨æˆ·è®°å½•'),(907,1,'æ²™æ¼ éª†é©¼','QUERY',12,'top.yimo.sys.controller.UserOnlineController.listByPage',NULL,'0:0:0:0:0:0:0:1','2019-03-19 19:13:47','http://localhost/YiMo/sys/userOnline/list','è·å–åœ¨çº¿ç”¨æˆ·è®°å½•','åœ¨çº¿ç”¨æˆ·è®°å½•'),(908,1,'æ²™æ¼ éª†é©¼','QUERY',10,'top.yimo.sys.controller.UserOnlineController.listByPage',NULL,'0:0:0:0:0:0:0:1','2019-03-19 19:13:49','http://localhost/YiMo/sys/userOnline/list','è·å–åœ¨çº¿ç”¨æˆ·è®°å½•','åœ¨çº¿ç”¨æˆ·è®°å½•'),(909,1,'æ²™æ¼ éª†é©¼','LOGIN',35,'top.yimo.common.controller.AuthController.doLogin',NULL,'0:0:0:0:0:0:0:1','2019-03-19 19:21:17','http://localhost/YiMo/login','è®¤è¯æ“ä½œ','ç”¨æˆ·è®¤è¯'),(910,1,'æ²™æ¼ éª†é©¼','QUERY',13,'top.yimo.sys.controller.UserOnlineController.listByPage',NULL,'0:0:0:0:0:0:0:1','2019-03-19 19:21:21','http://localhost/YiMo/sys/userOnline/list','è·å–åœ¨çº¿ç”¨æˆ·è®°å½•','åœ¨çº¿ç”¨æˆ·è®°å½•'),(911,2,'æµ‹è¯•ç”¨æˆ·','LOGIN',9,'top.yimo.common.controller.AuthController.doLogin',NULL,'0:0:0:0:0:0:0:1','2019-03-19 19:21:29','http://localhost/YiMo/login','è®¤è¯æ“ä½œ','ç”¨æˆ·è®¤è¯'),(912,2,'æµ‹è¯•ç”¨æˆ·','QUERY',13,'top.yimo.sys.controller.UserOnlineController.listByPage',NULL,'0:0:0:0:0:0:0:1','2019-03-19 19:21:33','http://localhost/YiMo/sys/userOnline/list','è·å–åœ¨çº¿ç”¨æˆ·è®°å½•','åœ¨çº¿ç”¨æˆ·è®°å½•'),(913,2,'æµ‹è¯•ç”¨æˆ·','FORCE',4,'top.yimo.sys.controller.UserOnlineController.kickout',NULL,'0:0:0:0:0:0:0:1','2019-03-19 19:21:41','http://localhost/YiMo/sys/userOnline/kickout','å¼ºåˆ¶è¸¢å‡º','åœ¨çº¿ç”¨æˆ·è®°å½•'),(914,2,'æµ‹è¯•ç”¨æˆ·','QUERY',12,'top.yimo.sys.controller.UserOnlineController.listByPage',NULL,'0:0:0:0:0:0:0:1','2019-03-19 19:21:41','http://localhost/YiMo/sys/userOnline/list','è·å–åœ¨çº¿ç”¨æˆ·è®°å½•','åœ¨çº¿ç”¨æˆ·è®°å½•'),(915,2,'æµ‹è¯•ç”¨æˆ·','QUERY',11,'top.yimo.sys.controller.UserOnlineController.listByPage',NULL,'0:0:0:0:0:0:0:1','2019-03-19 19:21:43','http://localhost/YiMo/sys/userOnline/list','è·å–åœ¨çº¿ç”¨æˆ·è®°å½•','åœ¨çº¿ç”¨æˆ·è®°å½•'),(916,1,'æ²™æ¼ éª†é©¼','LOGIN',346,'top.yimo.common.controller.AuthController.doLogin',NULL,'0:0:0:0:0:0:0:1','2019-03-19 19:30:33','http://localhost/YiMo/login','è®¤è¯æ“ä½œ','ç”¨æˆ·è®¤è¯'),(917,1,'æ²™æ¼ éª†é©¼','QUERY',69,'top.yimo.sys.controller.UserOnlineController.listByPage',NULL,'0:0:0:0:0:0:0:1','2019-03-19 19:30:36','http://localhost/YiMo/sys/userOnline/list','è·å–åœ¨çº¿ç”¨æˆ·è®°å½•','åœ¨çº¿ç”¨æˆ·è®°å½•'),(918,1,'æ²™æ¼ éª†é©¼','LOGIN',15,'top.yimo.common.controller.AuthController.doLogin',NULL,'0:0:0:0:0:0:0:1','2019-03-19 19:30:40','http://localhost/YiMo/login','è®¤è¯æ“ä½œ','ç”¨æˆ·è®¤è¯'),(919,1,'æ²™æ¼ éª†é©¼','QUERY',17,'top.yimo.sys.controller.UserOnlineController.listByPage',NULL,'0:0:0:0:0:0:0:1','2019-03-19 19:30:43','http://localhost/YiMo/sys/userOnline/list','è·å–åœ¨çº¿ç”¨æˆ·è®°å½•','åœ¨çº¿ç”¨æˆ·è®°å½•'),(920,2,'æµ‹è¯•ç”¨æˆ·','LOGIN',9,'top.yimo.common.controller.AuthController.doLogin',NULL,'0:0:0:0:0:0:0:1','2019-03-19 19:30:54','http://localhost/YiMo/login','è®¤è¯æ“ä½œ','ç”¨æˆ·è®¤è¯'),(921,2,'æµ‹è¯•ç”¨æˆ·','QUERY',21,'top.yimo.sys.controller.UserOnlineController.listByPage',NULL,'0:0:0:0:0:0:0:1','2019-03-19 19:30:57','http://localhost/YiMo/sys/userOnline/list','è·å–åœ¨çº¿ç”¨æˆ·è®°å½•','åœ¨çº¿ç”¨æˆ·è®°å½•'),(922,2,'æµ‹è¯•ç”¨æˆ·','FORCE',143,'top.yimo.sys.controller.UserOnlineController.kickout',NULL,'0:0:0:0:0:0:0:1','2019-03-19 19:31:02','http://localhost/YiMo/sys/userOnline/kickout','å¼ºåˆ¶è¸¢å‡º','åœ¨çº¿ç”¨æˆ·è®°å½•'),(923,2,'æµ‹è¯•ç”¨æˆ·','QUERY',14,'top.yimo.sys.controller.UserOnlineController.listByPage',NULL,'0:0:0:0:0:0:0:1','2019-03-19 19:31:02','http://localhost/YiMo/sys/userOnline/list','è·å–åœ¨çº¿ç”¨æˆ·è®°å½•','åœ¨çº¿ç”¨æˆ·è®°å½•'),(924,1,'æ²™æ¼ éª†é©¼','LOGIN',17,'top.yimo.common.controller.AuthController.doLogin',NULL,'0:0:0:0:0:0:0:1','2019-03-19 19:34:06','http://localhost/YiMo/login','è®¤è¯æ“ä½œ','ç”¨æˆ·è®¤è¯'),(925,1,'æ²™æ¼ éª†é©¼','QUERY',13,'top.yimo.sys.controller.UserOnlineController.listByPage',NULL,'0:0:0:0:0:0:0:1','2019-03-19 19:34:08','http://localhost/YiMo/sys/userOnline/list','è·å–åœ¨çº¿ç”¨æˆ·è®°å½•','åœ¨çº¿ç”¨æˆ·è®°å½•'),(926,1,'æ²™æ¼ éª†é©¼','LOGIN',22,'top.yimo.common.controller.AuthController.doLogin',NULL,'0:0:0:0:0:0:0:1','2019-03-22 14:45:11','http://localhost/YiMo/login','è®¤è¯æ“ä½œ','ç”¨æˆ·è®¤è¯'),(927,1,'æ²™æ¼ éª†é©¼','LOGIN',12,'top.yimo.common.controller.AuthController.doLogin',NULL,'0:0:0:0:0:0:0:1','2019-03-22 14:45:19','http://localhost/YiMo/login','è®¤è¯æ“ä½œ','ç”¨æˆ·è®¤è¯'),(928,1,'æ²™æ¼ éª†é©¼','LOGIN',1193,'top.yimo.common.controller.AuthController.doLogin',NULL,'0:0:0:0:0:0:0:1','2019-03-22 14:49:04','http://localhost/YiMo/login','è®¤è¯æ“ä½œ','ç”¨æˆ·è®¤è¯'),(929,1,'æ²™æ¼ éª†é©¼','LOGIN',14,'top.yimo.common.controller.AuthController.doLogin',NULL,'0:0:0:0:0:0:0:1','2019-03-22 14:49:18','http://localhost/YiMo/login','è®¤è¯æ“ä½œ','ç”¨æˆ·è®¤è¯'),(930,1,'æ²™æ¼ éª†é©¼','QUERY',68,'top.yimo.sys.controller.UserOnlineController.listByPage',NULL,'0:0:0:0:0:0:0:1','2019-03-22 14:49:21','http://localhost/YiMo/sys/userOnline/list','è·å–åœ¨çº¿ç”¨æˆ·è®°å½•','åœ¨çº¿ç”¨æˆ·è®°å½•'),(931,1,'æ²™æ¼ éª†é©¼','QUERY',15,'top.yimo.sys.controller.UserOnlineController.listByPage',NULL,'0:0:0:0:0:0:0:1','2019-03-22 14:49:38','http://localhost/YiMo/sys/userOnline/list','è·å–åœ¨çº¿ç”¨æˆ·è®°å½•','åœ¨çº¿ç”¨æˆ·è®°å½•'),(932,1,'æ²™æ¼ éª†é©¼','QUERY',25,'top.yimo.sys.controller.UserOnlineController.listByPage',NULL,'0:0:0:0:0:0:0:1','2019-03-22 14:49:41','http://localhost/YiMo/sys/userOnline/list','è·å–åœ¨çº¿ç”¨æˆ·è®°å½•','åœ¨çº¿ç”¨æˆ·è®°å½•'),(933,1,'æ²™æ¼ éª†é©¼','QUERY',20,'top.yimo.sys.controller.UserOnlineController.listByPage',NULL,'0:0:0:0:0:0:0:1','2019-03-22 14:49:43','http://localhost/YiMo/sys/userOnline/list','è·å–åœ¨çº¿ç”¨æˆ·è®°å½•','åœ¨çº¿ç”¨æˆ·è®°å½•'),(934,1,'æ²™æ¼ éª†é©¼','LOGIN',12,'top.yimo.common.controller.AuthController.doLogin',NULL,'0:0:0:0:0:0:0:1','2019-03-22 14:49:46','http://localhost/YiMo/login','è®¤è¯æ“ä½œ','ç”¨æˆ·è®¤è¯'),(935,1,'æ²™æ¼ éª†é©¼','QUERY',16,'top.yimo.sys.controller.UserOnlineController.listByPage',NULL,'0:0:0:0:0:0:0:1','2019-03-22 14:49:49','http://localhost/YiMo/sys/userOnline/list','è·å–åœ¨çº¿ç”¨æˆ·è®°å½•','åœ¨çº¿ç”¨æˆ·è®°å½•'),(936,1,'æ²™æ¼ éª†é©¼','LOGIN',12,'top.yimo.common.controller.AuthController.doLogin',NULL,'0:0:0:0:0:0:0:1','2019-03-22 14:50:31','http://localhost/YiMo/login','è®¤è¯æ“ä½œ','ç”¨æˆ·è®¤è¯'),(937,1,'æ²™æ¼ éª†é©¼','QUERY',15,'top.yimo.sys.controller.UserOnlineController.listByPage',NULL,'0:0:0:0:0:0:0:1','2019-03-22 14:50:37','http://localhost/YiMo/sys/userOnline/list','è·å–åœ¨çº¿ç”¨æˆ·è®°å½•','åœ¨çº¿ç”¨æˆ·è®°å½•'),(938,1,'æ²™æ¼ éª†é©¼','LOGIN',10,'top.yimo.common.controller.AuthController.doLogin',NULL,'0:0:0:0:0:0:0:1','2019-03-22 14:50:56','http://localhost/YiMo/login','è®¤è¯æ“ä½œ','ç”¨æˆ·è®¤è¯'),(939,1,'æ²™æ¼ éª†é©¼','QUERY',12,'top.yimo.sys.controller.UserOnlineController.listByPage',NULL,'0:0:0:0:0:0:0:1','2019-03-22 14:50:58','http://localhost/YiMo/sys/userOnline/list','è·å–åœ¨çº¿ç”¨æˆ·è®°å½•','åœ¨çº¿ç”¨æˆ·è®°å½•'),(940,1,'æ²™æ¼ éª†é©¼','LOGIN',34,'top.yimo.common.controller.AuthController.doLogin',NULL,'0:0:0:0:0:0:0:1','2019-03-22 15:02:49','http://localhost/YiMo/login','è®¤è¯æ“ä½œ','ç”¨æˆ·è®¤è¯'),(941,1,'æ²™æ¼ éª†é©¼','QUERY',15,'top.yimo.sys.controller.UserOnlineController.listByPage',NULL,'0:0:0:0:0:0:0:1','2019-03-22 15:02:51','http://localhost/YiMo/sys/userOnline/list','è·å–åœ¨çº¿ç”¨æˆ·è®°å½•','åœ¨çº¿ç”¨æˆ·è®°å½•'),(942,1,'æ²™æ¼ éª†é©¼','LOGIN',67,'top.yimo.common.controller.AuthController.doLogin',NULL,'0:0:0:0:0:0:0:1','2019-03-22 15:15:35','http://localhost/YiMo/login','è®¤è¯æ“ä½œ','ç”¨æˆ·è®¤è¯'),(943,1,'æ²™æ¼ éª†é©¼','LOGIN',160,'top.yimo.common.controller.AuthController.doLogin',NULL,'0:0:0:0:0:0:0:1','2019-03-22 17:21:16','http://localhost/YiMo/login','è®¤è¯æ“ä½œ','ç”¨æˆ·è®¤è¯'),(944,1,'æ²™æ¼ éª†é©¼','LOGIN',88,'top.yimo.common.controller.AuthController.doLogin',NULL,'0:0:0:0:0:0:0:1','2019-03-22 18:20:41','http://localhost/YiMo/login','è®¤è¯æ“ä½œ','ç”¨æˆ·è®¤è¯'),(945,1,'æ²™æ¼ éª†é©¼','QUERY',56,'top.yimo.sys.controller.UserOnlineController.listByPage',NULL,'0:0:0:0:0:0:0:1','2019-03-22 18:20:45','http://localhost/YiMo/sys/userOnline/list','è·å–åœ¨çº¿ç”¨æˆ·è®°å½•','åœ¨çº¿ç”¨æˆ·è®°å½•'),(946,1,'æ²™æ¼ éª†é©¼','LOGIN',12,'top.yimo.common.controller.AuthController.doLogin',NULL,'0:0:0:0:0:0:0:1','2019-03-22 18:35:35','http://localhost/YiMo/login','è®¤è¯æ“ä½œ','ç”¨æˆ·è®¤è¯'),(947,1,'æ²™æ¼ éª†é©¼','LOGIN',12,'top.yimo.common.controller.AuthController.doLogin',NULL,'0:0:0:0:0:0:0:1','2019-03-22 18:37:15','http://localhost/YiMo/login','è®¤è¯æ“ä½œ','ç”¨æˆ·è®¤è¯'),(948,1,'æ²™æ¼ éª†é©¼','LOGIN',10,'top.yimo.common.controller.AuthController.doLogin',NULL,'0:0:0:0:0:0:0:1','2019-03-22 18:39:01','http://localhost/YiMo/login','è®¤è¯æ“ä½œ','ç”¨æˆ·è®¤è¯'),(949,1,'æ²™æ¼ éª†é©¼','LOGIN',10,'top.yimo.common.controller.AuthController.doLogin',NULL,'0:0:0:0:0:0:0:1','2019-03-22 18:39:15','http://localhost/YiMo/login','è®¤è¯æ“ä½œ','ç”¨æˆ·è®¤è¯'),(950,1,'æ²™æ¼ éª†é©¼','QUERY',18,'top.yimo.sys.controller.UserOnlineController.listByPage',NULL,'0:0:0:0:0:0:0:1','2019-03-22 18:39:18','http://localhost/YiMo/sys/userOnline/list','è·å–åœ¨çº¿ç”¨æˆ·è®°å½•','åœ¨çº¿ç”¨æˆ·è®°å½•'),(951,1,'æ²™æ¼ éª†é©¼','LOGIN',80,'top.yimo.common.controller.AuthController.doLogin',NULL,'0:0:0:0:0:0:0:1','2019-03-25 11:31:30','http://localhost/YiMo/login','è®¤è¯æ“ä½œ','ç”¨æˆ·è®¤è¯'),(952,1,'æ²™æ¼ éª†é©¼','QUERY',94,'top.yimo.sys.controller.DictController.listByPage',NULL,'0:0:0:0:0:0:0:1','2019-03-25 11:31:39','http://localhost/YiMo/sys/dict/list','è·å–æ•°æ®å­—å…¸ç›®æ ‡è¡¨åˆ—è¡¨','æ•°æ®å­—å…¸ç›®æ ‡è¡¨'),(953,1,'æ²™æ¼ éª†é©¼','QUERY',34,'top.yimo.sys.controller.MenuController.list',NULL,'0:0:0:0:0:0:0:1','2019-03-25 11:31:41','http://localhost/YiMo/sys/menu/list','è·å–èœå•åˆ—è¡¨','èœå•ç®¡ç†'),(954,1,'æ²™æ¼ éª†é©¼','QUERY',17,'top.yimo.sys.controller.MenuController.list',NULL,'0:0:0:0:0:0:0:1','2019-03-25 11:32:46','http://localhost/YiMo/sys/menu/list','è·å–èœå•åˆ—è¡¨','èœå•ç®¡ç†'),(955,1,'æ²™æ¼ éª†é©¼','QUERY',12,'top.yimo.sys.controller.DictController.listByPage',NULL,'0:0:0:0:0:0:0:1','2019-03-25 11:32:52','http://localhost/YiMo/sys/dict/list','è·å–æ•°æ®å­—å…¸ç›®æ ‡è¡¨åˆ—è¡¨','æ•°æ®å­—å…¸ç›®æ ‡è¡¨'),(956,1,'æ²™æ¼ éª†é©¼','QUERY',129,'top.yimo.sys.controller.DictDataController.listByPage',NULL,'0:0:0:0:0:0:0:1','2019-03-25 11:32:54','http://localhost/YiMo/sys/dictData/list/Status','è·å–æ•°æ®å­—å…¸æ•°æ®è¡¨åˆ—è¡¨','æ•°æ®å­—å…¸æ•°æ®è¡¨'),(957,1,'æ²™æ¼ éª†é©¼','QUERY',12,'top.yimo.sys.controller.DictDataController.listByPage',NULL,'0:0:0:0:0:0:0:1','2019-03-25 11:32:58','http://localhost/YiMo/sys/dictData/list/Sex','è·å–æ•°æ®å­—å…¸æ•°æ®è¡¨åˆ—è¡¨','æ•°æ®å­—å…¸æ•°æ®è¡¨'),(958,1,'æ²™æ¼ éª†é©¼','QUERY',11,'top.yimo.sys.controller.DictDataController.listByPage',NULL,'0:0:0:0:0:0:0:1','2019-03-25 11:33:00','http://localhost/YiMo/sys/dictData/list/OnlineStatus','è·å–æ•°æ®å­—å…¸æ•°æ®è¡¨åˆ—è¡¨','æ•°æ®å­—å…¸æ•°æ®è¡¨'),(959,1,'æ²™æ¼ éª†é©¼','QUERY',21,'top.yimo.sys.controller.UserOnlineController.listByPage',NULL,'0:0:0:0:0:0:0:1','2019-03-25 11:33:19','http://localhost/YiMo/sys/userOnline/list','è·å–åœ¨çº¿ç”¨æˆ·è®°å½•','åœ¨çº¿ç”¨æˆ·è®°å½•'),(960,1,'æ²™æ¼ éª†é©¼','LOGIN',12,'top.yimo.common.controller.AuthController.doLogin',NULL,'0:0:0:0:0:0:0:1','2019-03-25 11:44:15','http://localhost/YiMo/login','è®¤è¯æ“ä½œ','ç”¨æˆ·è®¤è¯'),(961,1,'æ²™æ¼ éª†é©¼','LOGIN',7,'top.yimo.common.controller.AuthController.doLogin',NULL,'0:0:0:0:0:0:0:1','2019-03-25 11:44:18','http://localhost/YiMo/login','è®¤è¯æ“ä½œ','ç”¨æˆ·è®¤è¯'),(962,1,'æ²™æ¼ éª†é©¼','QUERY',12,'top.yimo.sys.controller.UserOnlineController.listByPage',NULL,'0:0:0:0:0:0:0:1','2019-03-25 11:44:21','http://localhost/YiMo/sys/userOnline/list','è·å–åœ¨çº¿ç”¨æˆ·è®°å½•','åœ¨çº¿ç”¨æˆ·è®°å½•'),(963,1,'æ²™æ¼ éª†é©¼','QUERY',12,'top.yimo.sys.controller.UserOnlineController.listByPage',NULL,'0:0:0:0:0:0:0:1','2019-03-25 11:44:29','http://localhost/YiMo/sys/userOnline/list','è·å–åœ¨çº¿ç”¨æˆ·è®°å½•','åœ¨çº¿ç”¨æˆ·è®°å½•'),(964,1,'æ²™æ¼ éª†é©¼','QUERY',11,'top.yimo.sys.controller.UserOnlineController.listByPage',NULL,'0:0:0:0:0:0:0:1','2019-03-25 11:44:31','http://localhost/YiMo/sys/userOnline/list','è·å–åœ¨çº¿ç”¨æˆ·è®°å½•','åœ¨çº¿ç”¨æˆ·è®°å½•'),(965,1,'æ²™æ¼ éª†é©¼','QUERY',9,'top.yimo.sys.controller.UserOnlineController.listByPage',NULL,'0:0:0:0:0:0:0:1','2019-03-25 11:44:32','http://localhost/YiMo/sys/userOnline/list','è·å–åœ¨çº¿ç”¨æˆ·è®°å½•','åœ¨çº¿ç”¨æˆ·è®°å½•'),(966,1,'æ²™æ¼ éª†é©¼','QUERY',10,'top.yimo.sys.controller.UserOnlineController.listByPage',NULL,'0:0:0:0:0:0:0:1','2019-03-25 11:44:33','http://localhost/YiMo/sys/userOnline/list','è·å–åœ¨çº¿ç”¨æˆ·è®°å½•','åœ¨çº¿ç”¨æˆ·è®°å½•'),(967,1,'æ²™æ¼ éª†é©¼','FORCE',2,'top.yimo.sys.controller.UserOnlineController.kickout',NULL,'0:0:0:0:0:0:0:1','2019-03-25 11:44:35','http://localhost/YiMo/sys/userOnline/kickout','å¼ºåˆ¶è¸¢å‡º','åœ¨çº¿ç”¨æˆ·è®°å½•'),(968,1,'æ²™æ¼ éª†é©¼','QUERY',10,'top.yimo.sys.controller.UserOnlineController.listByPage',NULL,'0:0:0:0:0:0:0:1','2019-03-25 11:44:36','http://localhost/YiMo/sys/userOnline/list','è·å–åœ¨çº¿ç”¨æˆ·è®°å½•','åœ¨çº¿ç”¨æˆ·è®°å½•'),(969,1,'æ²™æ¼ éª†é©¼','QUERY',8,'top.yimo.sys.controller.UserOnlineController.listByPage',NULL,'0:0:0:0:0:0:0:1','2019-03-25 11:44:38','http://localhost/YiMo/sys/userOnline/list','è·å–åœ¨çº¿ç”¨æˆ·è®°å½•','åœ¨çº¿ç”¨æˆ·è®°å½•'),(970,1,'æ²™æ¼ éª†é©¼','QUERY',10,'top.yimo.sys.controller.UserOnlineController.listByPage',NULL,'0:0:0:0:0:0:0:1','2019-03-25 11:44:40','http://localhost/YiMo/sys/userOnline/list','è·å–åœ¨çº¿ç”¨æˆ·è®°å½•','åœ¨çº¿ç”¨æˆ·è®°å½•'),(991,1,'æ²™æ¼ éª†é©¼','QUERY',13,'top.yimo.sys.controller.UserOnlineController.listByPage',NULL,'0:0:0:0:0:0:0:1','2019-03-25 17:02:57','http://localhost/YiMo/sys/userOnline/list','è·å–åœ¨çº¿ç”¨æˆ·è®°å½•','åœ¨çº¿ç”¨æˆ·è®°å½•'),(992,1,'æ²™æ¼ éª†é©¼','LOGIN',7,'top.yimo.common.controller.AuthController.doLogin',NULL,'0:0:0:0:0:0:0:1','2019-03-25 17:03:03','http://localhost/YiMo/login','è®¤è¯æ“ä½œ','ç”¨æˆ·è®¤è¯'),(993,1,'æ²™æ¼ éª†é©¼','LOGIN',74,'top.yimo.common.controller.AuthController.doLogin',NULL,'0:0:0:0:0:0:0:1','2019-03-25 17:04:35','http://localhost/YiMo/login','è®¤è¯æ“ä½œ','ç”¨æˆ·è®¤è¯'),(994,1,'æ²™æ¼ éª†é©¼','LOGIN',21,'top.yimo.common.controller.AuthController.doLogin',NULL,'0:0:0:0:0:0:0:1','2019-03-25 17:05:46','http://localhost/YiMo/login','è®¤è¯æ“ä½œ','ç”¨æˆ·è®¤è¯'),(995,1,'æ²™æ¼ éª†é©¼','QUERY',53,'top.yimo.sys.controller.JobController.listByPage',NULL,'0:0:0:0:0:0:0:1','2019-03-25 17:06:14','http://localhost/YiMo/sys/job/list','è·å–å®šæ—¶ä»»åŠ¡è°ƒåº¦è¡¨','å®šæ—¶ä»»åŠ¡è°ƒåº¦è¡¨'),(996,1,'æ²™æ¼ éª†é©¼','QUERY',32,'top.yimo.sys.controller.MenuController.list',NULL,'0:0:0:0:0:0:0:1','2019-03-25 17:06:18','http://localhost/YiMo/sys/menu/list','è·å–èœå•åˆ—è¡¨','èœå•ç®¡ç†'),(997,1,'æ²™æ¼ éª†é©¼','UPDATE',118,'top.yimo.sys.controller.MenuController.update',NULL,'0:0:0:0:0:0:0:1','2019-03-25 17:06:25','http://localhost/YiMo//sys/menu//update','æ›´æ–°ä¿å­˜','èœå•ç®¡ç†'),(998,1,'æ²™æ¼ éª†é©¼','QUERY',15,'top.yimo.sys.controller.MenuController.list',NULL,'0:0:0:0:0:0:0:1','2019-03-25 17:06:25','http://localhost/YiMo/sys/menu/list','è·å–èœå•åˆ—è¡¨','èœå•ç®¡ç†'),(999,1,'æ²™æ¼ éª†é©¼','QUERY',9,'top.yimo.sys.controller.JobController.listByPage',NULL,'0:0:0:0:0:0:0:1','2019-03-25 17:06:28','http://localhost/YiMo/sys/job/list','è·å–å®šæ—¶ä»»åŠ¡è°ƒåº¦è¡¨','å®šæ—¶ä»»åŠ¡è°ƒåº¦è¡¨'),(1000,1,'æ²™æ¼ éª†é©¼','QUERY',13,'top.yimo.sys.controller.JobController.listByPage',NULL,'0:0:0:0:0:0:0:1','2019-03-25 17:06:30','http://localhost/YiMo/sys/job/list','è·å–å®šæ—¶ä»»åŠ¡è°ƒåº¦è¡¨','å®šæ—¶ä»»åŠ¡è°ƒåº¦è¡¨'),(1001,1,'æ²™æ¼ éª†é©¼','QUERY',9,'top.yimo.sys.controller.JobController.listByPage',NULL,'0:0:0:0:0:0:0:1','2019-03-25 17:07:24','http://localhost/YiMo/sys/job/list','è·å–å®šæ—¶ä»»åŠ¡è°ƒåº¦è¡¨','å®šæ—¶ä»»åŠ¡è°ƒåº¦è¡¨'),(1002,1,'æ²™æ¼ éª†é©¼','QUERY',7,'top.yimo.sys.controller.JobController.listByPage',NULL,'0:0:0:0:0:0:0:1','2019-03-25 17:07:27','http://localhost/YiMo/sys/job/list','è·å–å®šæ—¶ä»»åŠ¡è°ƒåº¦è¡¨','å®šæ—¶ä»»åŠ¡è°ƒåº¦è¡¨'),(1003,1,'æ²™æ¼ éª†é©¼','QUERY',8,'top.yimo.sys.controller.JobController.listByPage',NULL,'0:0:0:0:0:0:0:1','2019-03-25 17:07:28','http://localhost/YiMo/sys/job/list','è·å–å®šæ—¶ä»»åŠ¡è°ƒåº¦è¡¨','å®šæ—¶ä»»åŠ¡è°ƒåº¦è¡¨'),(1004,1,'æ²™æ¼ éª†é©¼','QUERY',9,'top.yimo.sys.controller.JobController.listByPage',NULL,'0:0:0:0:0:0:0:1','2019-03-25 17:07:38','http://localhost/YiMo/sys/job/list','è·å–å®šæ—¶ä»»åŠ¡è°ƒåº¦è¡¨','å®šæ—¶ä»»åŠ¡è°ƒåº¦è¡¨'),(1005,1,'æ²™æ¼ éª†é©¼','QUERY',10,'top.yimo.sys.controller.JobController.listByPage',NULL,'0:0:0:0:0:0:0:1','2019-03-25 17:08:12','http://localhost/YiMo/sys/job/list','è·å–å®šæ—¶ä»»åŠ¡è°ƒåº¦è¡¨','å®šæ—¶ä»»åŠ¡è°ƒåº¦è¡¨'),(1006,1,'æ²™æ¼ éª†é©¼','QUERY',8,'top.yimo.sys.controller.JobController.listByPage',NULL,'0:0:0:0:0:0:0:1','2019-03-25 17:08:59','http://localhost/YiMo/sys/job/list','è·å–å®šæ—¶ä»»åŠ¡è°ƒåº¦è¡¨','å®šæ—¶ä»»åŠ¡è°ƒåº¦è¡¨'),(1007,1,'æ²™æ¼ éª†é©¼','QUERY',8,'top.yimo.sys.controller.JobController.listByPage',NULL,'0:0:0:0:0:0:0:1','2019-03-25 17:09:00','http://localhost/YiMo/sys/job/list','è·å–å®šæ—¶ä»»åŠ¡è°ƒåº¦è¡¨','å®šæ—¶ä»»åŠ¡è°ƒåº¦è¡¨'),(1008,1,'æ²™æ¼ éª†é©¼','QUERY',10,'top.yimo.sys.controller.JobController.listByPage',NULL,'0:0:0:0:0:0:0:1','2019-03-25 17:09:17','http://localhost/YiMo/sys/job/list','è·å–å®šæ—¶ä»»åŠ¡è°ƒåº¦è¡¨','å®šæ—¶ä»»åŠ¡è°ƒåº¦è¡¨'),(1009,1,'æ²™æ¼ éª†é©¼','LOGIN',8,'top.yimo.common.controller.AuthController.doLogin',NULL,'0:0:0:0:0:0:0:1','2019-03-25 17:19:29','http://localhost/YiMo/login','è®¤è¯æ“ä½œ','ç”¨æˆ·è®¤è¯'),(1010,1,'æ²™æ¼ éª†é©¼','QUERY',10,'top.yimo.sys.controller.JobController.listByPage',NULL,'0:0:0:0:0:0:0:1','2019-03-25 17:19:33','http://localhost/YiMo/sys/job/list','è·å–å®šæ—¶ä»»åŠ¡è°ƒåº¦è¡¨','å®šæ—¶ä»»åŠ¡è°ƒåº¦è¡¨'),(1011,1,'æ²™æ¼ éª†é©¼','LOGIN',21,'top.yimo.common.controller.AuthController.doLogin',NULL,'0:0:0:0:0:0:0:1','2019-03-25 18:19:01','http://localhost/YiMo/login','è®¤è¯æ“ä½œ','ç”¨æˆ·è®¤è¯'),(1012,1,'æ²™æ¼ éª†é©¼','QUERY',84,'top.yimo.sys.controller.JobController.listByPage',NULL,'0:0:0:0:0:0:0:1','2019-03-25 18:19:05','http://localhost/YiMo/sys/job/list','è·å–å®šæ—¶ä»»åŠ¡è°ƒåº¦è¡¨','å®šæ—¶ä»»åŠ¡è°ƒåº¦è¡¨'),(1013,1,'æ²™æ¼ éª†é©¼','QUERY',48,'top.yimo.sys.controller.MenuController.list',NULL,'0:0:0:0:0:0:0:1','2019-03-25 18:20:12','http://localhost/YiMo/sys/menu/list','è·å–èœå•åˆ—è¡¨','èœå•ç®¡ç†'),(1014,1,'æ²™æ¼ éª†é©¼','QUERY',13,'top.yimo.sys.controller.DeptController.list',NULL,'0:0:0:0:0:0:0:1','2019-03-25 18:20:17','http://localhost/YiMo/sys/dept/list','è·å–éƒ¨é—¨ç®¡ç†åˆ—è¡¨','éƒ¨é—¨ç®¡ç†'),(1015,1,'æ²™æ¼ éª†é©¼','QUERY',34,'top.yimo.sys.controller.UserController.listByPage',NULL,'0:0:0:0:0:0:0:1','2019-03-25 18:20:18','http://localhost/YiMo/sys/user/list','è·å–ç”¨æˆ·åˆ—è¡¨','ç”¨æˆ·ç®¡ç†'),(1016,1,'æ²™æ¼ éª†é©¼','QUERY',17,'top.yimo.sys.controller.RoleController.listByPage',NULL,'0:0:0:0:0:0:0:1','2019-03-25 18:20:20','http://localhost/YiMo/sys/role/list','è·å–è§’è‰² åˆ—è¡¨','è§’è‰²'),(1017,1,'æ²™æ¼ éª†é©¼','QUERY',16,'top.yimo.sys.controller.DictController.listByPage',NULL,'0:0:0:0:0:0:0:1','2019-03-25 18:20:21','http://localhost/YiMo/sys/dict/list','è·å–æ•°æ®å­—å…¸ç›®æ ‡è¡¨åˆ—è¡¨','æ•°æ®å­—å…¸ç›®æ ‡è¡¨'),(1018,1,'æ²™æ¼ éª†é©¼','QUERY',17,'top.yimo.sys.controller.UserOnlineController.listByPage',NULL,'0:0:0:0:0:0:0:1','2019-03-25 18:20:24','http://localhost/YiMo/sys/userOnline/list','è·å–åœ¨çº¿ç”¨æˆ·è®°å½•','åœ¨çº¿ç”¨æˆ·è®°å½•'),(1019,1,'æ²™æ¼ éª†é©¼','QUERY',24,'top.yimo.sys.controller.UserOnlineController.listByPage',NULL,'0:0:0:0:0:0:0:1','2019-03-25 18:20:27','http://localhost/YiMo/sys/userOnline/list','è·å–åœ¨çº¿ç”¨æˆ·è®°å½•','åœ¨çº¿ç”¨æˆ·è®°å½•'),(1020,1,'æ²™æ¼ éª†é©¼','QUERY',13,'top.yimo.sys.controller.UserOnlineController.listByPage',NULL,'0:0:0:0:0:0:0:1','2019-03-25 18:20:28','http://localhost/YiMo/sys/userOnline/list','è·å–åœ¨çº¿ç”¨æˆ·è®°å½•','åœ¨çº¿ç”¨æˆ·è®°å½•'),(1021,1,'æ²™æ¼ éª†é©¼','QUERY',18,'top.yimo.sys.controller.UserOnlineController.listByPage',NULL,'0:0:0:0:0:0:0:1','2019-03-25 18:20:30','http://localhost/YiMo/sys/userOnline/list','è·å–åœ¨çº¿ç”¨æˆ·è®°å½•','åœ¨çº¿ç”¨æˆ·è®°å½•'),(1022,1,'æ²™æ¼ éª†é©¼','QUERY',12,'top.yimo.sys.controller.JobController.listByPage',NULL,'0:0:0:0:0:0:0:1','2019-03-25 18:20:35','http://localhost/YiMo/sys/job/list','è·å–å®šæ—¶ä»»åŠ¡è°ƒåº¦è¡¨','å®šæ—¶ä»»åŠ¡è°ƒåº¦è¡¨'),(1023,1,'æ²™æ¼ éª†é©¼','LOGIN',11,'top.yimo.common.controller.AuthController.doLogin',NULL,'0:0:0:0:0:0:0:1','2019-03-25 18:25:13','http://localhost/YiMo/login','è®¤è¯æ“ä½œ','ç”¨æˆ·è®¤è¯'),(1024,1,'æ²™æ¼ éª†é©¼','QUERY',11,'top.yimo.sys.controller.JobController.listByPage',NULL,'0:0:0:0:0:0:0:1','2019-03-25 18:25:16','http://localhost/YiMo/sys/job/list','è·å–å®šæ—¶ä»»åŠ¡è°ƒåº¦è¡¨','å®šæ—¶ä»»åŠ¡è°ƒåº¦è¡¨'),(1025,1,'æ²™æ¼ éª†é©¼','LOGIN',15,'top.yimo.common.controller.AuthController.doLogin',NULL,'0:0:0:0:0:0:0:1','2019-03-25 18:31:26','http://localhost/YiMo/login','è®¤è¯æ“ä½œ','ç”¨æˆ·è®¤è¯'),(1026,1,'æ²™æ¼ éª†é©¼','QUERY',18,'top.yimo.sys.controller.JobController.listByPage',NULL,'0:0:0:0:0:0:0:1','2019-03-25 18:31:29','http://localhost/YiMo/sys/job/list','è·å–å®šæ—¶ä»»åŠ¡è°ƒåº¦è¡¨','å®šæ—¶ä»»åŠ¡è°ƒåº¦è¡¨'),(1027,1,'æ²™æ¼ éª†é©¼','UPDATE',119,'top.yimo.sys.controller.JobController.resume',NULL,'0:0:0:0:0:0:0:1','2019-03-25 18:31:33','http://localhost/YiMo/sys/job/resume','å¯åŠ¨å®šæ—¶ä»»åŠ¡','å®šæ—¶ä»»åŠ¡è°ƒåº¦è¡¨'),(1028,1,'æ²™æ¼ éª†é©¼','QUERY',9,'top.yimo.sys.controller.JobController.listByPage',NULL,'0:0:0:0:0:0:0:1','2019-03-25 18:31:33','http://localhost/YiMo/sys/job/list','è·å–å®šæ—¶ä»»åŠ¡è°ƒåº¦è¡¨','å®šæ—¶ä»»åŠ¡è°ƒåº¦è¡¨'),(1029,1,'æ²™æ¼ éª†é©¼','QUERY',11,'top.yimo.sys.controller.JobController.listByPage',NULL,'0:0:0:0:0:0:0:1','2019-03-25 18:32:54','http://localhost/YiMo/sys/job/list','è·å–å®šæ—¶ä»»åŠ¡è°ƒåº¦è¡¨','å®šæ—¶ä»»åŠ¡è°ƒåº¦è¡¨'),(1030,1,'æ²™æ¼ éª†é©¼','UPDATE',85,'top.yimo.sys.controller.JobController.resume',NULL,'0:0:0:0:0:0:0:1','2019-03-25 18:33:07','http://localhost/YiMo/sys/job/resume','å¯åŠ¨å®šæ—¶ä»»åŠ¡','å®šæ—¶ä»»åŠ¡è°ƒåº¦è¡¨'),(1031,1,'æ²™æ¼ éª†é©¼','QUERY',11,'top.yimo.sys.controller.JobController.listByPage',NULL,'0:0:0:0:0:0:0:1','2019-03-25 18:33:07','http://localhost/YiMo/sys/job/list','è·å–å®šæ—¶ä»»åŠ¡è°ƒåº¦è¡¨','å®šæ—¶ä»»åŠ¡è°ƒåº¦è¡¨'),(1032,1,'æ²™æ¼ éª†é©¼','QUERY',11,'top.yimo.sys.controller.JobController.listByPage',NULL,'0:0:0:0:0:0:0:1','2019-03-25 18:34:18','http://localhost/YiMo/sys/job/list','è·å–å®šæ—¶ä»»åŠ¡è°ƒåº¦è¡¨','å®šæ—¶ä»»åŠ¡è°ƒåº¦è¡¨'),(1033,1,'æ²™æ¼ éª†é©¼','UPDATE',102,'top.yimo.sys.controller.JobController.resume',NULL,'0:0:0:0:0:0:0:1','2019-03-25 18:34:21','http://localhost/YiMo/sys/job/resume','å¯åŠ¨å®šæ—¶ä»»åŠ¡','å®šæ—¶ä»»åŠ¡è°ƒåº¦è¡¨'),(1034,1,'æ²™æ¼ éª†é©¼','QUERY',11,'top.yimo.sys.controller.JobController.listByPage',NULL,'0:0:0:0:0:0:0:1','2019-03-25 18:34:21','http://localhost/YiMo/sys/job/list','è·å–å®šæ—¶ä»»åŠ¡è°ƒåº¦è¡¨','å®šæ—¶ä»»åŠ¡è°ƒåº¦è¡¨'),(1035,1,'æ²™æ¼ éª†é©¼','UPDATE',99,'top.yimo.sys.controller.JobController.resume',NULL,'0:0:0:0:0:0:0:1','2019-03-25 18:34:51','http://localhost/YiMo/sys/job/resume','å¯åŠ¨å®šæ—¶ä»»åŠ¡','å®šæ—¶ä»»åŠ¡è°ƒåº¦è¡¨'),(1036,1,'æ²™æ¼ éª†é©¼','QUERY',10,'top.yimo.sys.controller.JobController.listByPage',NULL,'0:0:0:0:0:0:0:1','2019-03-25 18:34:51','http://localhost/YiMo/sys/job/list','è·å–å®šæ—¶ä»»åŠ¡è°ƒåº¦è¡¨','å®šæ—¶ä»»åŠ¡è°ƒåº¦è¡¨'),(1037,1,'æ²™æ¼ éª†é©¼','LOGIN',13,'top.yimo.common.controller.AuthController.doLogin',NULL,'0:0:0:0:0:0:0:1','2019-03-25 18:36:12','http://localhost/YiMo/login','è®¤è¯æ“ä½œ','ç”¨æˆ·è®¤è¯'),(1038,1,'æ²™æ¼ éª†é©¼','QUERY',16,'top.yimo.sys.controller.JobController.listByPage',NULL,'0:0:0:0:0:0:0:1','2019-03-25 18:36:16','http://localhost/YiMo/sys/job/list','è·å–å®šæ—¶ä»»åŠ¡è°ƒåº¦è¡¨','å®šæ—¶ä»»åŠ¡è°ƒåº¦è¡¨'),(1039,1,'æ²™æ¼ éª†é©¼','UPDATE',106,'top.yimo.sys.controller.JobController.resume',NULL,'0:0:0:0:0:0:0:1','2019-03-25 18:36:20','http://localhost/YiMo/sys/job/resume','å¯åŠ¨å®šæ—¶ä»»åŠ¡','å®šæ—¶ä»»åŠ¡è°ƒåº¦è¡¨'),(1040,1,'æ²™æ¼ éª†é©¼','QUERY',11,'top.yimo.sys.controller.JobController.listByPage',NULL,'0:0:0:0:0:0:0:1','2019-03-25 18:36:20','http://localhost/YiMo/sys/job/list','è·å–å®šæ—¶ä»»åŠ¡è°ƒåº¦è¡¨','å®šæ—¶ä»»åŠ¡è°ƒåº¦è¡¨'),(1041,1,'æ²™æ¼ éª†é©¼','LOGIN',42,'top.yimo.common.controller.AuthController.doLogin',NULL,'0:0:0:0:0:0:0:1','2019-03-25 18:38:18','http://localhost/YiMo/login','è®¤è¯æ“ä½œ','ç”¨æˆ·è®¤è¯'),(1042,1,'æ²™æ¼ éª†é©¼','LOGIN',9,'top.yimo.common.controller.AuthController.doLogin',NULL,'0:0:0:0:0:0:0:1','2019-03-25 18:38:21','http://localhost/YiMo/login','è®¤è¯æ“ä½œ','ç”¨æˆ·è®¤è¯'),(1043,1,'æ²™æ¼ éª†é©¼','LOGIN',8,'top.yimo.common.controller.AuthController.doLogin',NULL,'0:0:0:0:0:0:0:1','2019-03-25 18:38:23','http://localhost/YiMo/login','è®¤è¯æ“ä½œ','ç”¨æˆ·è®¤è¯'),(1044,1,'æ²™æ¼ éª†é©¼','LOGIN',8,'top.yimo.common.controller.AuthController.doLogin',NULL,'0:0:0:0:0:0:0:1','2019-03-25 18:38:29','http://localhost/YiMo/login','è®¤è¯æ“ä½œ','ç”¨æˆ·è®¤è¯'),(1045,1,'æ²™æ¼ éª†é©¼','QUERY',15,'top.yimo.sys.controller.JobController.listByPage',NULL,'0:0:0:0:0:0:0:1','2019-03-25 18:38:32','http://localhost/YiMo/sys/job/list','è·å–å®šæ—¶ä»»åŠ¡è°ƒåº¦è¡¨','å®šæ—¶ä»»åŠ¡è°ƒåº¦è¡¨'),(1046,1,'æ²™æ¼ éª†é©¼','UPDATE',74,'top.yimo.sys.controller.JobController.resume',NULL,'0:0:0:0:0:0:0:1','2019-03-25 18:38:36','http://localhost/YiMo/sys/job/resume','å¯åŠ¨å®šæ—¶ä»»åŠ¡','å®šæ—¶ä»»åŠ¡è°ƒåº¦è¡¨'),(1047,1,'æ²™æ¼ éª†é©¼','QUERY',9,'top.yimo.sys.controller.JobController.listByPage',NULL,'0:0:0:0:0:0:0:1','2019-03-25 18:38:36','http://localhost/YiMo/sys/job/list','è·å–å®šæ—¶ä»»åŠ¡è°ƒåº¦è¡¨','å®šæ—¶ä»»åŠ¡è°ƒåº¦è¡¨'),(1048,1,'æ²™æ¼ éª†é©¼','QUERY',9,'top.yimo.sys.controller.JobController.listByPage',NULL,'0:0:0:0:0:0:0:1','2019-03-25 18:39:01','http://localhost/YiMo/sys/job/list','è·å–å®šæ—¶ä»»åŠ¡è°ƒåº¦è¡¨','å®šæ—¶ä»»åŠ¡è°ƒåº¦è¡¨'),(1049,1,'æ²™æ¼ éª†é©¼','QUERY',9,'top.yimo.sys.controller.JobController.listByPage',NULL,'0:0:0:0:0:0:0:1','2019-03-25 18:39:58','http://localhost/YiMo/sys/job/list','è·å–å®šæ—¶ä»»åŠ¡è°ƒåº¦è¡¨','å®šæ—¶ä»»åŠ¡è°ƒåº¦è¡¨'),(1050,1,'æ²™æ¼ éª†é©¼','UPDATE',108,'top.yimo.sys.controller.JobController.pause',NULL,'0:0:0:0:0:0:0:1','2019-03-25 18:40:01','http://localhost/YiMo/sys/job/pause','æš‚åœå®šæ—¶ä»»åŠ¡','å®šæ—¶ä»»åŠ¡è°ƒåº¦è¡¨'),(1051,1,'æ²™æ¼ éª†é©¼','QUERY',11,'top.yimo.sys.controller.JobController.listByPage',NULL,'0:0:0:0:0:0:0:1','2019-03-25 18:40:02','http://localhost/YiMo/sys/job/list','è·å–å®šæ—¶ä»»åŠ¡è°ƒåº¦è¡¨','å®šæ—¶ä»»åŠ¡è°ƒåº¦è¡¨'),(1052,1,'æ²™æ¼ éª†é©¼','QUERY',8,'top.yimo.sys.controller.JobController.listByPage',NULL,'0:0:0:0:0:0:0:1','2019-03-25 18:40:35','http://localhost/YiMo/sys/job/list','è·å–å®šæ—¶ä»»åŠ¡è°ƒåº¦è¡¨','å®šæ—¶ä»»åŠ¡è°ƒåº¦è¡¨'),(1053,1,'æ²™æ¼ éª†é©¼','UPDATE',101,'top.yimo.sys.controller.JobController.resume',NULL,'0:0:0:0:0:0:0:1','2019-03-25 18:40:37','http://localhost/YiMo/sys/job/resume','å¯åŠ¨å®šæ—¶ä»»åŠ¡','å®šæ—¶ä»»åŠ¡è°ƒåº¦è¡¨'),(1054,1,'æ²™æ¼ éª†é©¼','QUERY',10,'top.yimo.sys.controller.JobController.listByPage',NULL,'0:0:0:0:0:0:0:1','2019-03-25 18:40:37','http://localhost/YiMo/sys/job/list','è·å–å®šæ—¶ä»»åŠ¡è°ƒåº¦è¡¨','å®šæ—¶ä»»åŠ¡è°ƒåº¦è¡¨'),(1055,1,'æ²™æ¼ éª†é©¼','UPDATE',80,'top.yimo.sys.controller.JobController.pause',NULL,'0:0:0:0:0:0:0:1','2019-03-25 18:40:39','http://localhost/YiMo/sys/job/pause','æš‚åœå®šæ—¶ä»»åŠ¡','å®šæ—¶ä»»åŠ¡è°ƒåº¦è¡¨'),(1056,1,'æ²™æ¼ éª†é©¼','QUERY',10,'top.yimo.sys.controller.JobController.listByPage',NULL,'0:0:0:0:0:0:0:1','2019-03-25 18:40:39','http://localhost/YiMo/sys/job/list','è·å–å®šæ—¶ä»»åŠ¡è°ƒåº¦è¡¨','å®šæ—¶ä»»åŠ¡è°ƒåº¦è¡¨'),(1057,1,'æ²™æ¼ éª†é©¼','QUERY',10,'top.yimo.sys.controller.JobController.listByPage',NULL,'0:0:0:0:0:0:0:1','2019-03-25 18:40:58','http://localhost/YiMo/sys/job/list','è·å–å®šæ—¶ä»»åŠ¡è°ƒåº¦è¡¨','å®šæ—¶ä»»åŠ¡è°ƒåº¦è¡¨'),(1058,1,'æ²™æ¼ éª†é©¼','UPDATE',126,'top.yimo.sys.controller.JobController.resume',NULL,'0:0:0:0:0:0:0:1','2019-03-25 18:41:01','http://localhost/YiMo/sys/job/resume','å¯åŠ¨å®šæ—¶ä»»åŠ¡','å®šæ—¶ä»»åŠ¡è°ƒåº¦è¡¨'),(1059,1,'æ²™æ¼ éª†é©¼','QUERY',9,'top.yimo.sys.controller.JobController.listByPage',NULL,'0:0:0:0:0:0:0:1','2019-03-25 18:41:01','http://localhost/YiMo/sys/job/list','è·å–å®šæ—¶ä»»åŠ¡è°ƒåº¦è¡¨','å®šæ—¶ä»»åŠ¡è°ƒåº¦è¡¨'),(1060,1,'æ²™æ¼ éª†é©¼','UPDATE',140,'top.yimo.sys.controller.JobController.pause',NULL,'0:0:0:0:0:0:0:1','2019-03-25 18:41:04','http://localhost/YiMo/sys/job/pause','æš‚åœå®šæ—¶ä»»åŠ¡','å®šæ—¶ä»»åŠ¡è°ƒåº¦è¡¨'),(1061,1,'æ²™æ¼ éª†é©¼','QUERY',8,'top.yimo.sys.controller.JobController.listByPage',NULL,'0:0:0:0:0:0:0:1','2019-03-25 18:41:04','http://localhost/YiMo/sys/job/list','è·å–å®šæ—¶ä»»åŠ¡è°ƒåº¦è¡¨','å®šæ—¶ä»»åŠ¡è°ƒåº¦è¡¨'),(1062,1,'æ²™æ¼ éª†é©¼','UPDATE',133,'top.yimo.sys.controller.JobController.resume',NULL,'0:0:0:0:0:0:0:1','2019-03-25 18:41:17','http://localhost/YiMo/sys/job/resume','å¯åŠ¨å®šæ—¶ä»»åŠ¡','å®šæ—¶ä»»åŠ¡è°ƒåº¦è¡¨'),(1063,1,'æ²™æ¼ éª†é©¼','QUERY',9,'top.yimo.sys.controller.JobController.listByPage',NULL,'0:0:0:0:0:0:0:1','2019-03-25 18:41:18','http://localhost/YiMo/sys/job/list','è·å–å®šæ—¶ä»»åŠ¡è°ƒåº¦è¡¨','å®šæ—¶ä»»åŠ¡è°ƒåº¦è¡¨'),(1064,1,'æ²™æ¼ éª†é©¼','LOGIN',7,'top.yimo.common.controller.AuthController.doLogin',NULL,'0:0:0:0:0:0:0:1','2019-03-25 18:41:23','http://localhost/YiMo/login','è®¤è¯æ“ä½œ','ç”¨æˆ·è®¤è¯'),(1065,1,'æ²™æ¼ éª†é©¼','QUERY',8,'top.yimo.sys.controller.JobController.listByPage',NULL,'0:0:0:0:0:0:0:1','2019-03-25 18:41:26','http://localhost/YiMo/sys/job/list','è·å–å®šæ—¶ä»»åŠ¡è°ƒåº¦è¡¨','å®šæ—¶ä»»åŠ¡è°ƒåº¦è¡¨'),(1066,1,'æ²™æ¼ éª†é©¼','UPDATE',119,'top.yimo.sys.controller.JobController.pause',NULL,'0:0:0:0:0:0:0:1','2019-03-25 18:41:28','http://localhost/YiMo/sys/job/pause','æš‚åœå®šæ—¶ä»»åŠ¡','å®šæ—¶ä»»åŠ¡è°ƒåº¦è¡¨'),(1067,1,'æ²™æ¼ éª†é©¼','QUERY',9,'top.yimo.sys.controller.JobController.listByPage',NULL,'0:0:0:0:0:0:0:1','2019-03-25 18:41:28','http://localhost/YiMo/sys/job/list','è·å–å®šæ—¶ä»»åŠ¡è°ƒåº¦è¡¨','å®šæ—¶ä»»åŠ¡è°ƒåº¦è¡¨'),(1068,1,'æ²™æ¼ éª†é©¼','UPDATE',49,'top.yimo.sys.controller.JobController.resume',NULL,'0:0:0:0:0:0:0:1','2019-03-25 18:41:31','http://localhost/YiMo/sys/job/resume','å¯åŠ¨å®šæ—¶ä»»åŠ¡','å®šæ—¶ä»»åŠ¡è°ƒåº¦è¡¨'),(1069,1,'æ²™æ¼ éª†é©¼','QUERY',9,'top.yimo.sys.controller.JobController.listByPage',NULL,'0:0:0:0:0:0:0:1','2019-03-25 18:41:32','http://localhost/YiMo/sys/job/list','è·å–å®šæ—¶ä»»åŠ¡è°ƒåº¦è¡¨','å®šæ—¶ä»»åŠ¡è°ƒåº¦è¡¨'),(1070,1,'æ²™æ¼ éª†é©¼','QUERY',10,'top.yimo.sys.controller.JobController.listByPage',NULL,'0:0:0:0:0:0:0:1','2019-03-25 18:42:13','http://localhost/YiMo/sys/job/list','è·å–å®šæ—¶ä»»åŠ¡è°ƒåº¦è¡¨','å®šæ—¶ä»»åŠ¡è°ƒåº¦è¡¨'),(1071,1,'æ²™æ¼ éª†é©¼','QUERY',9,'top.yimo.sys.controller.JobController.listByPage',NULL,'0:0:0:0:0:0:0:1','2019-03-25 18:42:15','http://localhost/YiMo/sys/job/list','è·å–å®šæ—¶ä»»åŠ¡è°ƒåº¦è¡¨','å®šæ—¶ä»»åŠ¡è°ƒåº¦è¡¨'),(1072,1,'æ²™æ¼ éª†é©¼','QUERY',8,'top.yimo.sys.controller.JobController.listByPage',NULL,'0:0:0:0:0:0:0:1','2019-03-25 18:42:19','http://localhost/YiMo/sys/job/list','è·å–å®šæ—¶ä»»åŠ¡è°ƒåº¦è¡¨','å®šæ—¶ä»»åŠ¡è°ƒåº¦è¡¨'),(1073,1,'æ²™æ¼ éª†é©¼','QUERY',9,'top.yimo.sys.controller.JobController.listByPage',NULL,'0:0:0:0:0:0:0:1','2019-03-25 18:42:22','http://localhost/YiMo/sys/job/list','è·å–å®šæ—¶ä»»åŠ¡è°ƒåº¦è¡¨','å®šæ—¶ä»»åŠ¡è°ƒåº¦è¡¨'),(1074,1,'æ²™æ¼ éª†é©¼','QUERY',9,'top.yimo.sys.controller.JobController.listByPage',NULL,'0:0:0:0:0:0:0:1','2019-03-25 18:42:40','http://localhost/YiMo/sys/job/list','è·å–å®šæ—¶ä»»åŠ¡è°ƒåº¦è¡¨','å®šæ—¶ä»»åŠ¡è°ƒåº¦è¡¨'),(1075,1,'æ²™æ¼ éª†é©¼','QUERY',8,'top.yimo.sys.controller.JobController.listByPage',NULL,'0:0:0:0:0:0:0:1','2019-03-25 18:42:42','http://localhost/YiMo/sys/job/list','è·å–å®šæ—¶ä»»åŠ¡è°ƒåº¦è¡¨','å®šæ—¶ä»»åŠ¡è°ƒåº¦è¡¨'),(1076,1,'æ²™æ¼ éª†é©¼','QUERY',10,'top.yimo.sys.controller.JobController.listByPage',NULL,'0:0:0:0:0:0:0:1','2019-03-25 18:43:07','http://localhost/YiMo/sys/job/list','è·å–å®šæ—¶ä»»åŠ¡è°ƒåº¦è¡¨','å®šæ—¶ä»»åŠ¡è°ƒåº¦è¡¨'),(1077,1,'æ²™æ¼ éª†é©¼','QUERY',8,'top.yimo.sys.controller.JobController.listByPage',NULL,'0:0:0:0:0:0:0:1','2019-03-25 18:43:08','http://localhost/YiMo/sys/job/list','è·å–å®šæ—¶ä»»åŠ¡è°ƒåº¦è¡¨','å®šæ—¶ä»»åŠ¡è°ƒåº¦è¡¨'),(1078,1,'æ²™æ¼ éª†é©¼','QUERY',9,'top.yimo.sys.controller.MenuController.list',NULL,'0:0:0:0:0:0:0:1','2019-03-25 18:43:13','http://localhost/YiMo/sys/menu/list','è·å–èœå•åˆ—è¡¨','èœå•ç®¡ç†'),(1079,1,'æ²™æ¼ éª†é©¼','QUERY',9,'top.yimo.sys.controller.MenuController.list',NULL,'0:0:0:0:0:0:0:1','2019-03-25 18:44:42','http://localhost/YiMo/sys/menu/list','è·å–èœå•åˆ—è¡¨','èœå•ç®¡ç†'),(1080,1,'æ²™æ¼ éª†é©¼','QUERY',7,'top.yimo.sys.controller.MenuController.list',NULL,'0:0:0:0:0:0:0:1','2019-03-25 18:44:59','http://localhost/YiMo/sys/menu/list','è·å–èœå•åˆ—è¡¨','èœå•ç®¡ç†'),(1081,1,'æ²™æ¼ éª†é©¼','QUERY',10,'top.yimo.sys.controller.MenuController.list',NULL,'0:0:0:0:0:0:0:1','2019-03-25 18:45:25','http://localhost/YiMo/sys/menu/list','è·å–èœå•åˆ—è¡¨','èœå•ç®¡ç†'),(1082,1,'æ²™æ¼ éª†é©¼','QUERY',8,'top.yimo.sys.controller.MenuController.list',NULL,'0:0:0:0:0:0:0:1','2019-03-25 18:45:44','http://localhost/YiMo/sys/menu/list','è·å–èœå•åˆ—è¡¨','èœå•ç®¡ç†'),(1083,1,'æ²™æ¼ éª†é©¼','QUERY',8,'top.yimo.sys.controller.MenuController.list',NULL,'0:0:0:0:0:0:0:1','2019-03-25 18:45:49','http://localhost/YiMo/sys/menu/list','è·å–èœå•åˆ—è¡¨','èœå•ç®¡ç†');
/*!40000 ALTER TABLE `sys_log` ENABLE KEYS */;
UNLOCK TABLES;

--
-- Table structure for table `sys_menu`
--

DROP TABLE IF EXISTS `sys_menu`;
/*!40101 SET @saved_cs_client     = @@character_set_client */;
/*!40101 SET character_set_client = utf8 */;
CREATE TABLE `sys_menu` (
  `menu_id` bigint(20) NOT NULL AUTO_INCREMENT,
  `parent_id` bigint(20) DEFAULT NULL COMMENT 'çˆ¶èœå•IDï¼Œä¸€çº§èœå•ä¸º0',
  `name` varchar(50) DEFAULT NULL COMMENT 'èœå•åç§°',
  `url` varchar(200) DEFAULT NULL COMMENT 'èœå•URL',
  `perms` varchar(500) DEFAULT NULL COMMENT 'æˆæƒ(å¤šä¸ªç”¨é€—å·åˆ†éš”ï¼Œå¦‚ï¼šuser:list,user:create)',
  `type` int(11) DEFAULT NULL COMMENT 'ç±»å‹   0ï¼šç›®å½•   1ï¼šèœå•   2ï¼šæŒ‰é’®',
  `icon` varchar(50) DEFAULT NULL COMMENT 'èœå•å›¾æ ‡',
  `order_no` int(11) DEFAULT NULL COMMENT 'æ’åºå·',
  `create_time` datetime DEFAULT NULL COMMENT 'åˆ›å»ºæ—¶é—´',
  `update_time` datetime DEFAULT NULL COMMENT 'ä¿®æ”¹æ—¶é—´',
  `status` varchar(1) DEFAULT NULL COMMENT 'èœå•çŠ¶æ€',
  PRIMARY KEY (`menu_id`)
) ENGINE=InnoDB AUTO_INCREMENT=54 DEFAULT CHARSET=utf8 COMMENT='èœå•ç®¡ç†';
/*!40101 SET character_set_client = @saved_cs_client */;

--
-- Dumping data for table `sys_menu`
--

LOCK TABLES `sys_menu` WRITE;
/*!40000 ALTER TABLE `sys_menu` DISABLE KEYS */;
INSERT INTO `sys_menu` VALUES (1,0,'ç³»ç»Ÿç®¡ç†','','',0,'fa fa-gears',0,'2017-08-09 22:49:47','2019-03-01 18:06:09','1'),(2,1,'ç³»ç»Ÿèœå•','sys/menu/','sys:menu:menu',1,'fa fa-th-list',3,'2017-08-09 22:55:15',NULL,'1'),(3,1,'éƒ¨é—¨ç®¡ç†','sys/dept/','sys:dept:dept',1,'fa fa-group',4,'2017-08-09 22:55:15',NULL,'1'),(4,1,'ç”¨æˆ·ç®¡ç†','sys/user/','sys:user:user',1,'fa fa-user',1,'2017-08-10 14:12:11',NULL,'1'),(5,1,'è§’è‰²ç®¡ç†','sys/role','sys:role:role',1,'fa fa-user-secret',2,'2017-08-10 14:13:19',NULL,'1'),(6,4,'ç¼–è¾‘','','sys:user:edit',2,'',0,'2017-08-14 10:51:35',NULL,'1'),(7,4,'æ–°å¢','','sys:user:add',2,'',0,'2017-08-14 10:51:35',NULL,'1'),(8,4,'åˆ é™¤','','sys:user:remove',2,'',0,'2017-08-14 10:51:35',NULL,'1'),(9,4,'é‡ç½®å¯†ç ','','sys:user:resetPwd',2,'',0,'2017-08-14 10:51:35',NULL,'1'),(10,4,'æ‰¹é‡åˆ é™¤','','sys:user:batchRemove',2,'',0,'2017-08-14 10:51:35',NULL,'1'),(11,2,'æ–°å¢','sys/menu/','sys:menu:add',2,'',3,'2017-08-09 22:55:15',NULL,'1'),(12,2,'ç¼–è¾‘','sys/menu/','sys:menu:edit',2,'',3,'2017-08-09 22:55:15',NULL,'1'),(13,2,'åˆ é™¤','sys/menu/','sys:menu:remove',2,'',3,'2017-08-09 22:55:15',NULL,'1'),(17,5,'ç¼–è¾‘','','sys:role:edit',2,'',0,'2017-08-14 10:51:35',NULL,'1'),(18,5,'åˆ é™¤','','sys:role:remove',2,'',0,'2017-08-14 10:51:35',NULL,'1'),(25,3,'æ–°å¢','','sys:dept:add',2,'',NULL,NULL,NULL,'1'),(26,3,'ç¼–è¾‘','','sys:dept:edit',2,'',NULL,NULL,NULL,'1'),(32,3,'åˆ é™¤','','sys:dept:remove',2,'',NULL,NULL,NULL,'1'),(37,0,'ç³»ç»Ÿå·¥å…·','','',0,'fa fa-cog fa-spin',NULL,'2019-03-01 14:16:05','2019-03-18 16:04:01','1'),(38,37,'è‡ªåŠ¨ç”Ÿæˆä»£ç ','generator','sys:generator:generator',1,'fa fa-anchor ',NULL,'2019-03-01 14:22:52','2019-03-11 17:58:09','1'),(39,0,'ç³»ç»Ÿç›‘æ§','','',0,'fa fa-tachometer',3,'2019-03-01 18:09:57',NULL,'1'),(40,39,'ç³»ç»Ÿæ—¥å¿—','sys/log','sys:log:log',1,'fa fa-file-archive-o',NULL,'2019-03-01 18:11:48',NULL,'1'),(41,5,'æ–°å¢','','sys:role:add',2,'',NULL,'2019-03-05 11:53:48',NULL,'1'),(42,1,'æ•°æ®å­—å…¸','sys/dict','sys:dict:dict',1,'fa fa-book',NULL,'2019-03-07 17:26:16','2019-03-07 17:27:14','1'),(43,42,'æ–°å¢','','sys:dict:add',2,'',NULL,'2019-03-07 17:35:45',NULL,'1'),(44,42,'ç¼–è¾‘','','sys:dict:edit',2,'',NULL,'2019-03-07 17:36:08',NULL,'1'),(45,42,'åˆ é™¤','','sys:dict:remove',2,'',NULL,'2019-03-07 17:36:08',NULL,'1'),(46,42,'æ•°æ®å­—å…¸æ•°æ®','','sys:dictData',2,'',NULL,'2019-03-07 17:36:08',NULL,'1'),(47,42,'ç¼–è¾‘å­—å…¸æ•°æ®','','sys:dictData:edit',2,'',NULL,'2019-03-07 17:36:08',NULL,'1'),(48,42,'æ–°å¢å­—å…¸æ•°æ®','','sys:dictData:add',2,'',NULL,'2019-03-07 17:36:08',NULL,'1'),(49,42,'åˆ é™¤å­—å…¸æ•°æ®','','sys:dictData:remove',2,'',NULL,'2019-03-07 17:36:08',NULL,'1'),(50,39,'åœ¨çº¿ç”¨æˆ·','sys/userOnline','sys:userOnline:userOnline',1,'fa fa-user',NULL,'2019-03-18 15:16:35','2019-03-18 15:21:51','1'),(51,50,'å¼ºåˆ¶æå‡º','','sys:userOnline:kickout',2,'',NULL,'2019-03-18 15:29:08',NULL,'1'),(52,0,'å®šæ—¶ä»»åŠ¡','','',0,'fa fa-bars',10,'2019-03-25 16:31:21','2019-03-25 17:00:24','0'),(53,39,'å®šæ—¶ä»»åŠ¡ç®¡ç†','sys/job','sys:job:job',1,'fa fa-calendar',1,'2019-03-25 17:00:14','2019-03-25 17:06:25','1');
/*!40000 ALTER TABLE `sys_menu` ENABLE KEYS */;
UNLOCK TABLES;

--
-- Table structure for table `sys_role`
--

DROP TABLE IF EXISTS `sys_role`;
/*!40101 SET @saved_cs_client     = @@character_set_client */;
/*!40101 SET character_set_client = utf8 */;
CREATE TABLE `sys_role` (
  `role_id` bigint(20) NOT NULL AUTO_INCREMENT,
  `role_name` varchar(100) DEFAULT NULL COMMENT 'è§’è‰²åç§°',
  `role_sign` varchar(100) DEFAULT NULL COMMENT 'è§’è‰²æ ‡è¯†',
  `remark` varchar(100) DEFAULT NULL COMMENT 'å¤‡æ³¨',
  `create_user_id` bigint(255) DEFAULT NULL COMMENT 'åˆ›å»ºç”¨æˆ·id',
  `create_time` datetime DEFAULT NULL COMMENT 'åˆ›å»ºæ—¶é—´',
  `update_time` datetime DEFAULT NULL COMMENT 'æ›´æ–°æ—¶é—´',
  `status` varchar(100) DEFAULT NULL COMMENT 'è§’è‰²çŠ¶æ€',
  PRIMARY KEY (`role_id`)
) ENGINE=InnoDB AUTO_INCREMENT=4 DEFAULT CHARSET=utf8 COMMENT='è§’è‰²';
/*!40101 SET character_set_client = @saved_cs_client */;

--
-- Dumping data for table `sys_role`
--

LOCK TABLES `sys_role` WRITE;
/*!40000 ALTER TABLE `sys_role` DISABLE KEYS */;
INSERT INTO `sys_role` VALUES (1,'è¶…çº§ç®¡ç†å‘˜','superAdmin','',NULL,NULL,'2019-03-25 17:01:05','1'),(2,'ç”¨æˆ·ç®¡ç†å‘˜','userAdmin','ç”¨äºç®¡ç†ç”¨æˆ·ä¿¡æ¯',NULL,NULL,NULL,'1'),(3,'ç³»ç»Ÿè¿ç»´å‘˜','operations','',NULL,NULL,'2019-03-05 12:04:14','1');
/*!40000 ALTER TABLE `sys_role` ENABLE KEYS */;
UNLOCK TABLES;

--
-- Table structure for table `sys_role_menu`
--

DROP TABLE IF EXISTS `sys_role_menu`;
/*!40101 SET @saved_cs_client     = @@character_set_client */;
/*!40101 SET character_set_client = utf8 */;
CREATE TABLE `sys_role_menu` (
  `id` bigint(20) NOT NULL AUTO_INCREMENT,
  `role_id` bigint(20) DEFAULT NULL COMMENT 'è§’è‰²ID',
  `menu_id` bigint(20) DEFAULT NULL COMMENT 'èœå•ID',
  PRIMARY KEY (`id`),
  KEY `sys_role_menu_sys_role_fk` (`role_id`),
  KEY `sys_role_menu_sys_menu_fk` (`menu_id`),
  CONSTRAINT `sys_role_menu_sys_menu_fk` FOREIGN KEY (`menu_id`) REFERENCES `sys_menu` (`menu_id`),
  CONSTRAINT `sys_role_menu_sys_role_fk` FOREIGN KEY (`role_id`) REFERENCES `sys_role` (`role_id`) ON DELETE CASCADE ON UPDATE CASCADE
) ENGINE=InnoDB AUTO_INCREMENT=369 DEFAULT CHARSET=utf8 COMMENT='è§’è‰²ä¸èœå•å¯¹åº”å…³ç³»';
/*!40101 SET character_set_client = @saved_cs_client */;

--
-- Dumping data for table `sys_role_menu`
--

LOCK TABLES `sys_role_menu` WRITE;
/*!40000 ALTER TABLE `sys_role_menu` DISABLE KEYS */;
INSERT INTO `sys_role_menu` VALUES (57,2,4),(58,2,6),(59,2,7),(60,2,8),(61,2,9),(62,2,10),(63,2,1),(222,3,40),(223,3,39),(334,1,1),(335,1,2),(336,1,3),(337,1,4),(338,1,5),(339,1,6),(340,1,7),(341,1,8),(342,1,9),(343,1,10),(344,1,11),(345,1,12),(346,1,13),(347,1,17),(348,1,18),(349,1,25),(350,1,26),(351,1,32),(352,1,37),(353,1,38),(354,1,39),(355,1,40),(356,1,41),(357,1,42),(358,1,43),(359,1,44),(360,1,45),(361,1,46),(362,1,47),(363,1,48),(364,1,49),(365,1,50),(366,1,51),(367,1,52),(368,1,53);
/*!40000 ALTER TABLE `sys_role_menu` ENABLE KEYS */;
UNLOCK TABLES;

--
-- Table structure for table `sys_user`
--

DROP TABLE IF EXISTS `sys_user`;
/*!40101 SET @saved_cs_client     = @@character_set_client */;
/*!40101 SET character_set_client = utf8 */;
CREATE TABLE `sys_user` (
  `user_id` bigint(20) NOT NULL AUTO_INCREMENT,
  `user_name` varchar(50) DEFAULT NULL COMMENT 'ç”¨æˆ·å',
  `name` varchar(100) DEFAULT NULL COMMENT 'æ˜µç§°',
  `password` varchar(50) DEFAULT NULL COMMENT 'å¯†ç ',
  `dept_id` bigint(20) DEFAULT NULL COMMENT 'éƒ¨é—¨ID',
  `email` varchar(80) DEFAULT NULL COMMENT 'é‚®ç®±',
  `mobile` varchar(20) DEFAULT NULL COMMENT 'æ‰‹æœºå·',
  `status` tinyint(255) DEFAULT NULL COMMENT 'çŠ¶æ€ 0:ç¦ç”¨ï¼Œ1:æ­£å¸¸',
  `create_user_id` bigint(20) DEFAULT NULL COMMENT 'åˆ›å»ºç”¨æˆ·id',
  `create_time` varchar(20) DEFAULT NULL COMMENT 'åˆ›å»ºæ—¶é—´',
  `update_time` varchar(20) DEFAULT NULL COMMENT 'ä¿®æ”¹æ—¶é—´',
  `sex` bigint(3) DEFAULT NULL COMMENT 'æ€§åˆ«',
  `birth` varchar(10) DEFAULT NULL COMMENT 'å‡ºèº«æ—¥æœŸ',
  `pic_id` bigint(32) DEFAULT NULL,
  `address` varchar(500) DEFAULT NULL COMMENT 'ç°å±…ä½åœ°',
  `hobby` varchar(255) DEFAULT NULL COMMENT 'çˆ±å¥½',
  `province` varchar(255) DEFAULT NULL COMMENT 'çœä»½',
  `city` varchar(255) DEFAULT NULL COMMENT 'æ‰€åœ¨åŸå¸‚',
  `district` varchar(255) DEFAULT NULL COMMENT 'æ‰€åœ¨åœ°åŒº',
  PRIMARY KEY (`user_id`),
  KEY `sys_user_sys_dept_fk` (`dept_id`),
  CONSTRAINT `sys_user_sys_dept_fk` FOREIGN KEY (`dept_id`) REFERENCES `sys_dept` (`dept_id`)
) ENGINE=InnoDB AUTO_INCREMENT=3 DEFAULT CHARSET=utf8 COMMENT='ç³»ç»Ÿç”¨æˆ·è¡¨';
/*!40101 SET character_set_client = @saved_cs_client */;

--
-- Dumping data for table `sys_user`
--

LOCK TABLES `sys_user` WRITE;
/*!40000 ALTER TABLE `sys_user` DISABLE KEYS */;
INSERT INTO `sys_user` VALUES (1,'tayle','æ²™æ¼ éª†é©¼','a91f1e137d8d6d94fd865266a664948c',2,'123@qq.com','13112344321',1,NULL,'','2019-03-01 14:21:13',1,'',NULL,'','','','',''),(2,'test','æµ‹è¯•ç”¨æˆ·','a5cfa42781cb8660b198daceaea34167',2,'test@aa.com','13112344321',1,1,'2019-03-19 19:08:49','2019-03-19 19:09:18',NULL,NULL,NULL,NULL,NULL,NULL,NULL,NULL);
/*!40000 ALTER TABLE `sys_user` ENABLE KEYS */;
UNLOCK TABLES;

--
-- Table structure for table `sys_user_online`
--

DROP TABLE IF EXISTS `sys_user_online`;
/*!40101 SET @saved_cs_client     = @@character_set_client */;
/*!40101 SET character_set_client = utf8 */;
CREATE TABLE `sys_user_online` (
  `sessionId` varchar(50) NOT NULL DEFAULT '' COMMENT 'ç”¨æˆ·ä¼šè¯id',
  `user_id` bigint(20) DEFAULT NULL COMMENT 'ç™»å½•è´¦å·',
  `user_name` varchar(50) DEFAULT '' COMMENT 'ç™»å½•è´¦å·',
  `dept_id` bigint(20) DEFAULT NULL COMMENT 'éƒ¨é—¨åç§°',
  `dept_name` varchar(50) DEFAULT NULL COMMENT 'éƒ¨é—¨åç§°',
  `ip` varchar(50) DEFAULT NULL COMMENT 'ç™»å½•IPåœ°å€',
  `login_location` varchar(255) DEFAULT '' COMMENT 'ç™»å½•åœ°ç‚¹',
  `browser` varchar(50) DEFAULT '' COMMENT 'æµè§ˆå™¨ç±»å‹',
  `os` varchar(50) DEFAULT '' COMMENT 'æ“ä½œç³»ç»Ÿ',
  `status` varchar(10) DEFAULT '' COMMENT 'åœ¨çº¿çŠ¶æ€on_lineåœ¨çº¿off_lineç¦»çº¿',
  `begin_time` datetime DEFAULT NULL COMMENT 'sessionåˆ›å»ºæ—¶é—´',
  `end_time` datetime DEFAULT NULL COMMENT 'sessionæœ€åè®¿é—®æ—¶é—´',
  `out_time` int(5) DEFAULT '0' COMMENT 'è¶…æ—¶æ—¶é—´ï¼Œå•ä½ä¸ºåˆ†é’Ÿ',
  PRIMARY KEY (`sessionId`)
) ENGINE=InnoDB DEFAULT CHARSET=utf8 COMMENT='åœ¨çº¿ç”¨æˆ·è®°å½•';
/*!40101 SET character_set_client = @saved_cs_client */;

--
-- Dumping data for table `sys_user_online`
--

LOCK TABLES `sys_user_online` WRITE;
/*!40000 ALTER TABLE `sys_user_online` DISABLE KEYS */;
INSERT INTO `sys_user_online` VALUES ('19967559-2e26-4ef9-a2cd-b84dbab5f4d0',1,'tayle',2,'ç§‘æŠ€éƒ¨','127.0.0.1','æœªçŸ¥åœ°å€','Chrome','Windows 10','on_line','2019-03-25 18:38:23',NULL,NULL),('1a79aff7-3645-49f7-8f55-2edcede3421c',1,'tayle',2,'ç§‘æŠ€éƒ¨','127.0.0.1','æœªçŸ¥åœ°å€','Chrome','Windows 10','off_line','2019-03-25 17:03:02','2019-03-25 17:05:31',NULL),('1c69c147-28a1-4e33-8e44-6b70ee85aa30',1,'tayle',2,'ç§‘æŠ€éƒ¨','127.0.0.1','æœªçŸ¥åœ°å€','Chrome','Windows 10','off_line','2019-03-22 17:21:17','2019-03-22 18:18:25',NULL),('1cead395-c0db-43a4-ba29-c5f7e8c23335',1,'tayle',2,'ç§‘æŠ€éƒ¨','127.0.0.1','æœªçŸ¥åœ°å€','Chrome','Windows 10','off_line','2019-03-25 11:31:26','2019-03-25 11:38:40',NULL),('200f8b94-4e3d-4f93-8d3f-67b39f3fea9d',2,'test',2,'ç§‘æŠ€éƒ¨','127.0.0.1','æœªçŸ¥åœ°å€','Chrome','Windows 10','off_line','2019-03-25 11:44:48','2019-03-25 11:47:20',NULL),('23d7aff0-9012-4206-80dd-46cb7e59d65e',1,'tayle',2,'ç§‘æŠ€éƒ¨','127.0.0.1','æœªçŸ¥åœ°å€','Chrome','Windows 10','on_line','2019-03-25 18:18:59',NULL,NULL),('27ea6cda-7208-4c40-b062-7b610022dbde',1,'tayle',2,'ç§‘æŠ€éƒ¨','127.0.0.1','æœªçŸ¥åœ°å€','Chrome','Windows 10','off_line','2019-03-25 17:05:44','2019-03-25 18:18:49',NULL),('2c2b6c91-5369-4046-908a-9ec318acd531',1,'tayle',2,'ç§‘æŠ€éƒ¨','127.0.0.1','æœªçŸ¥åœ°å€','Chrome','Windows 10','on_line','2019-03-25 18:35:58',NULL,NULL),('49ba737b-213c-4d4f-95f4-3070a99fcea9',1,'tayle',2,'ç§‘æŠ€éƒ¨','127.0.0.1','æœªçŸ¥åœ°å€','Chrome','Windows 10','off_line','2019-03-25 17:04:29','2019-03-25 17:05:31',NULL),('5ac46d99-7b17-45ac-8d09-da754848f557',1,'tayle',2,'ç§‘æŠ€éƒ¨','127.0.0.1','æœªçŸ¥åœ°å€','Chrome','Windows 10','off_line','2019-03-25 16:30:44','2019-03-25 16:34:10',NULL),('5f46aabe-b35b-43ea-998e-9b12ffeddc52',1,'tayle',2,'ç§‘æŠ€éƒ¨','127.0.0.1','æœªçŸ¥åœ°å€','Chrome','Windows 10','off_line','2019-03-22 18:39:12','2019-03-25 11:38:40',NULL),('6bd7b771-2807-4eef-bd1a-463d891c4c0d',1,'tayle',2,'ç§‘æŠ€éƒ¨','127.0.0.1','æœªçŸ¥åœ°å€','Chrome','Windows 10','off_line','2019-03-22 15:15:33','2019-03-22 00:00:00',NULL),('709535f5-ff82-4c75-acda-42eb99a25d22',1,'tayle',2,'ç§‘æŠ€éƒ¨','127.0.0.1','æœªçŸ¥åœ°å€','Chrome','Windows 10','off_line','2019-03-25 11:44:14','2019-03-25 11:46:20',NULL),('82c96e64-1b23-45b8-a32d-a4cc04e59f38',1,'tayle',2,'ç§‘æŠ€éƒ¨','127.0.0.1','æœªçŸ¥åœ°å€','Chrome','Windows 10','on_line','2019-03-25 18:38:14',NULL,NULL),('884f42c8-1fc2-4dd9-8f42-670445969767',1,'tayle',2,'ç§‘æŠ€éƒ¨','127.0.0.1','æœªçŸ¥åœ°å€','Chrome','Windows 10','off_line','2019-03-22 18:39:01','2019-03-22 00:00:00',NULL),('8deab514-6959-4db5-8f9a-a6bec3fc6261',1,'tayle',2,'ç§‘æŠ€éƒ¨','127.0.0.1','æœªçŸ¥åœ°å€','Chrome','Windows 10','off_line','2019-03-25 16:25:14','2019-03-25 16:27:50',NULL),('918446aa-912a-4a00-b65e-093ff60a64ba',NULL,NULL,NULL,NULL,'127.0.0.1','æœªçŸ¥åœ°å€','Chrome','Windows 10','off_line','2019-03-22 18:38:40','2019-03-22 00:00:00',NULL),('91b7cba4-3f5d-4362-95b2-869f606e5f8a',1,'tayle',2,'ç§‘æŠ€éƒ¨','127.0.0.1','æœªçŸ¥åœ°å€','Chrome','Windows 10','on_line','2019-03-25 18:31:25',NULL,NULL),('9f719ce6-0505-43c2-8070-0eb6318407cf',1,'tayle',2,'ç§‘æŠ€éƒ¨','127.0.0.1','æœªçŸ¥åœ°å€','Chrome','Windows 10','on_line','2019-03-25 18:25:11',NULL,NULL),('a31ca333-3eaf-47e6-a589-af1620da4be9',1,'tayle',2,'ç§‘æŠ€éƒ¨','127.0.0.1','æœªçŸ¥åœ°å€','Chrome','Windows 10','on_line','2019-03-25 18:41:19',NULL,NULL),('a846760b-9a18-44d5-9a78-06ebebec46a2',1,'tayle',2,'ç§‘æŠ€éƒ¨','127.0.0.1','æœªçŸ¥åœ°å€','Chrome','Windows 10','off_line','2019-03-25 11:44:15','2019-03-25 00:00:00',NULL),('a8b8b93b-86ba-4ee9-943b-d1d2440c7669',1,'tayle',2,'ç§‘æŠ€éƒ¨','127.0.0.1','æœªçŸ¥åœ°å€','Chrome','Windows 10','off_line','2019-03-22 18:37:14','2019-03-22 00:00:00',NULL),('aaad793d-30ef-437d-8e32-3ccb667da85a',1,'tayle',2,'ç§‘æŠ€éƒ¨','127.0.0.1','æœªçŸ¥åœ°å€','Chrome','Windows 10','off_line','2019-03-22 18:35:34','2019-03-22 00:00:00',NULL),('b46af1c5-1725-4386-bed7-1e5bca67c1fa',1,'tayle',2,'ç§‘æŠ€éƒ¨','127.0.0.1','æœªçŸ¥åœ°å€','Chrome','Windows 10','off_line','2019-03-22 18:20:41','2019-03-22 18:22:50',NULL),('bab34844-e457-45c9-9272-2c550bc681dd',1,'tayle',2,'ç§‘æŠ€éƒ¨','127.0.0.1','æœªçŸ¥åœ°å€','Chrome','Windows 10','off_line','2019-03-25 16:58:26',NULL,NULL),('cd6e2577-9e5e-4d77-bfb5-1bde1b192489',1,'tayle',2,'ç§‘æŠ€éƒ¨','127.0.0.1','æœªçŸ¥åœ°å€','Chrome','Windows 10','off_line','2019-03-25 17:19:28','2019-03-25 18:18:49',NULL),('fb573c5e-ecd7-4ed2-a450-d92f9e94a0da',1,'tayle',2,'ç§‘æŠ€éƒ¨','127.0.0.1','æœªçŸ¥åœ°å€','Chrome','Windows 10','off_line','2019-03-25 16:33:38','2019-03-25 16:56:36',NULL);
/*!40000 ALTER TABLE `sys_user_online` ENABLE KEYS */;
UNLOCK TABLES;

--
-- Table structure for table `sys_user_role`
--

DROP TABLE IF EXISTS `sys_user_role`;
/*!40101 SET @saved_cs_client     = @@character_set_client */;
/*!40101 SET character_set_client = utf8 */;
CREATE TABLE `sys_user_role` (
  `id` bigint(20) NOT NULL AUTO_INCREMENT,
  `user_id` bigint(20) DEFAULT NULL COMMENT 'ç”¨æˆ·ID',
  `role_id` bigint(20) DEFAULT NULL COMMENT 'è§’è‰²ID',
  PRIMARY KEY (`id`),
  KEY `sys_user_role_sys_role_fk` (`role_id`),
  KEY `sys_user_role_sys_user_fk` (`user_id`),
  CONSTRAINT `sys_user_role_sys_role_fk` FOREIGN KEY (`role_id`) REFERENCES `sys_role` (`role_id`) ON DELETE CASCADE ON UPDATE CASCADE,
  CONSTRAINT `sys_user_role_sys_user_fk` FOREIGN KEY (`user_id`) REFERENCES `sys_user` (`user_id`)
) ENGINE=InnoDB AUTO_INCREMENT=45 DEFAULT CHARSET=utf8 COMMENT='ç”¨æˆ·ä¸è§’è‰²å¯¹åº”å…³ç³»';
/*!40101 SET character_set_client = @saved_cs_client */;

--
-- Dumping data for table `sys_user_role`
--

LOCK TABLES `sys_user_role` WRITE;
/*!40000 ALTER TABLE `sys_user_role` DISABLE KEYS */;
INSERT INTO `sys_user_role` VALUES (38,1,1),(43,1,1),(44,2,1);
/*!40000 ALTER TABLE `sys_user_role` ENABLE KEYS */;
UNLOCK TABLES;

--
-- Dumping routines for database 'yimo'
--
/*!40103 SET TIME_ZONE=@OLD_TIME_ZONE */;

/*!40101 SET SQL_MODE=@OLD_SQL_MODE */;
/*!40014 SET FOREIGN_KEY_CHECKS=@OLD_FOREIGN_KEY_CHECKS */;
/*!40014 SET UNIQUE_CHECKS=@OLD_UNIQUE_CHECKS */;
/*!40101 SET CHARACTER_SET_CLIENT=@OLD_CHARACTER_SET_CLIENT */;
/*!40101 SET CHARACTER_SET_RESULTS=@OLD_CHARACTER_SET_RESULTS */;
/*!40101 SET COLLATION_CONNECTION=@OLD_COLLATION_CONNECTION */;
/*!40111 SET SQL_NOTES=@OLD_SQL_NOTES */;

-- Dump completed on 2019-03-25 18:46:10
