-- MySQL dump 10.13  Distrib 5.6.41, for Win64 (x86_64)
--
-- Host: localhost    Database: yimo
-- ------------------------------------------------------
-- Server version	5.6.41

/*!40101 SET @OLD_CHARACTER_SET_CLIENT=@@CHARACTER_SET_CLIENT */;
/*!40101 SET @OLD_CHARACTER_SET_RESULTS=@@CHARACTER_SET_RESULTS */;
/*!40101 SET @OLD_COLLATION_CONNECTION=@@COLLATION_CONNECTION */;
/*!40101 SET NAMES utf8 */;
/*!40103 SET @OLD_TIME_ZONE=@@TIME_ZONE */;
/*!40103 SET TIME_ZONE='+00:00' */;
/*!40014 SET @OLD_UNIQUE_CHECKS=@@UNIQUE_CHECKS, UNIQUE_CHECKS=0 */;
/*!40014 SET @OLD_FOREIGN_KEY_CHECKS=@@FOREIGN_KEY_CHECKS, FOREIGN_KEY_CHECKS=0 */;
/*!40101 SET @OLD_SQL_MODE=@@SQL_MODE, SQL_MODE='NO_AUTO_VALUE_ON_ZERO' */;
/*!40111 SET @OLD_SQL_NOTES=@@SQL_NOTES, SQL_NOTES=0 */;

--
-- Table structure for table `qrtz_blob_triggers`
--

DROP TABLE IF EXISTS `qrtz_blob_triggers`;
/*!40101 SET @saved_cs_client     = @@character_set_client */;
/*!40101 SET character_set_client = utf8 */;
CREATE TABLE `qrtz_blob_triggers` (
  `SCHED_NAME` varchar(120) NOT NULL,
  `TRIGGER_NAME` varchar(190) NOT NULL,
  `TRIGGER_GROUP` varchar(190) NOT NULL,
  `BLOB_DATA` blob,
  PRIMARY KEY (`SCHED_NAME`,`TRIGGER_NAME`,`TRIGGER_GROUP`),
  KEY `SCHED_NAME` (`SCHED_NAME`,`TRIGGER_NAME`,`TRIGGER_GROUP`),
  CONSTRAINT `qrtz_blob_triggers_ibfk_1` FOREIGN KEY (`SCHED_NAME`, `TRIGGER_NAME`, `TRIGGER_GROUP`) REFERENCES `qrtz_triggers` (`SCHED_NAME`, `TRIGGER_NAME`, `TRIGGER_GROUP`)
) ENGINE=InnoDB DEFAULT CHARSET=utf8;
/*!40101 SET character_set_client = @saved_cs_client */;

--
-- Dumping data for table `qrtz_blob_triggers`
--

LOCK TABLES `qrtz_blob_triggers` WRITE;
/*!40000 ALTER TABLE `qrtz_blob_triggers` DISABLE KEYS */;
/*!40000 ALTER TABLE `qrtz_blob_triggers` ENABLE KEYS */;
UNLOCK TABLES;

--
-- Table structure for table `qrtz_calendars`
--

DROP TABLE IF EXISTS `qrtz_calendars`;
/*!40101 SET @saved_cs_client     = @@character_set_client */;
/*!40101 SET character_set_client = utf8 */;
CREATE TABLE `qrtz_calendars` (
  `SCHED_NAME` varchar(120) NOT NULL,
  `CALENDAR_NAME` varchar(190) NOT NULL,
  `CALENDAR` blob NOT NULL,
  PRIMARY KEY (`SCHED_NAME`,`CALENDAR_NAME`)
) ENGINE=InnoDB DEFAULT CHARSET=utf8;
/*!40101 SET character_set_client = @saved_cs_client */;

--
-- Dumping data for table `qrtz_calendars`
--

LOCK TABLES `qrtz_calendars` WRITE;
/*!40000 ALTER TABLE `qrtz_calendars` DISABLE KEYS */;
/*!40000 ALTER TABLE `qrtz_calendars` ENABLE KEYS */;
UNLOCK TABLES;

--
-- Table structure for table `qrtz_cron_triggers`
--

DROP TABLE IF EXISTS `qrtz_cron_triggers`;
/*!40101 SET @saved_cs_client     = @@character_set_client */;
/*!40101 SET character_set_client = utf8 */;
CREATE TABLE `qrtz_cron_triggers` (
  `SCHED_NAME` varchar(120) NOT NULL,
  `TRIGGER_NAME` varchar(190) NOT NULL,
  `TRIGGER_GROUP` varchar(190) NOT NULL,
  `CRON_EXPRESSION` varchar(120) NOT NULL,
  `TIME_ZONE_ID` varchar(80) DEFAULT NULL,
  PRIMARY KEY (`SCHED_NAME`,`TRIGGER_NAME`,`TRIGGER_GROUP`),
  CONSTRAINT `qrtz_cron_triggers_ibfk_1` FOREIGN KEY (`SCHED_NAME`, `TRIGGER_NAME`, `TRIGGER_GROUP`) REFERENCES `qrtz_triggers` (`SCHED_NAME`, `TRIGGER_NAME`, `TRIGGER_GROUP`)
) ENGINE=InnoDB DEFAULT CHARSET=utf8;
/*!40101 SET character_set_client = @saved_cs_client */;

--
-- Dumping data for table `qrtz_cron_triggers`
--

LOCK TABLES `qrtz_cron_triggers` WRITE;
/*!40000 ALTER TABLE `qrtz_cron_triggers` DISABLE KEYS */;
INSERT INTO `qrtz_cron_triggers` VALUES ('YiMoScheduler','trigger-SyncOnlineStatusJob','trigger-myCronJob','0/30 * * * * ?','Asia/Shanghai'),('YiMoScheduler','trigger-WebLogJob','trigger-myCronJob','0/1 * * * * ?','Asia/Shanghai'),('YiMoScheduler','trigger-WebSocketMessageJob','trigger-myCronJob','0/5 * * * * ?','Asia/Shanghai');
/*!40000 ALTER TABLE `qrtz_cron_triggers` ENABLE KEYS */;
UNLOCK TABLES;

--
-- Table structure for table `qrtz_fired_triggers`
--

DROP TABLE IF EXISTS `qrtz_fired_triggers`;
/*!40101 SET @saved_cs_client     = @@character_set_client */;
/*!40101 SET character_set_client = utf8 */;
CREATE TABLE `qrtz_fired_triggers` (
  `SCHED_NAME` varchar(120) NOT NULL,
  `ENTRY_ID` varchar(95) NOT NULL,
  `TRIGGER_NAME` varchar(190) NOT NULL,
  `TRIGGER_GROUP` varchar(190) NOT NULL,
  `INSTANCE_NAME` varchar(190) NOT NULL,
  `FIRED_TIME` bigint(13) NOT NULL,
  `SCHED_TIME` bigint(13) NOT NULL,
  `PRIORITY` int(11) NOT NULL,
  `STATE` varchar(16) NOT NULL,
  `JOB_NAME` varchar(190) DEFAULT NULL,
  `JOB_GROUP` varchar(190) DEFAULT NULL,
  `IS_NONCONCURRENT` varchar(1) DEFAULT NULL,
  `REQUESTS_RECOVERY` varchar(1) DEFAULT NULL,
  PRIMARY KEY (`SCHED_NAME`,`ENTRY_ID`),
  KEY `IDX_QRTZ_FT_TRIG_INST_NAME` (`SCHED_NAME`,`INSTANCE_NAME`),
  KEY `IDX_QRTZ_FT_INST_JOB_REQ_RCVRY` (`SCHED_NAME`,`INSTANCE_NAME`,`REQUESTS_RECOVERY`),
  KEY `IDX_QRTZ_FT_J_G` (`SCHED_NAME`,`JOB_NAME`,`JOB_GROUP`),
  KEY `IDX_QRTZ_FT_JG` (`SCHED_NAME`,`JOB_GROUP`),
  KEY `IDX_QRTZ_FT_T_G` (`SCHED_NAME`,`TRIGGER_NAME`,`TRIGGER_GROUP`),
  KEY `IDX_QRTZ_FT_TG` (`SCHED_NAME`,`TRIGGER_GROUP`)
) ENGINE=InnoDB DEFAULT CHARSET=utf8;
/*!40101 SET character_set_client = @saved_cs_client */;

--
-- Dumping data for table `qrtz_fired_triggers`
--

LOCK TABLES `qrtz_fired_triggers` WRITE;
/*!40000 ALTER TABLE `qrtz_fired_triggers` DISABLE KEYS */;
/*!40000 ALTER TABLE `qrtz_fired_triggers` ENABLE KEYS */;
UNLOCK TABLES;

--
-- Table structure for table `qrtz_job_details`
--

DROP TABLE IF EXISTS `qrtz_job_details`;
/*!40101 SET @saved_cs_client     = @@character_set_client */;
/*!40101 SET character_set_client = utf8 */;
CREATE TABLE `qrtz_job_details` (
  `SCHED_NAME` varchar(120) NOT NULL,
  `JOB_NAME` varchar(190) NOT NULL,
  `JOB_GROUP` varchar(190) NOT NULL,
  `DESCRIPTION` varchar(250) DEFAULT NULL,
  `JOB_CLASS_NAME` varchar(250) NOT NULL,
  `IS_DURABLE` varchar(1) NOT NULL,
  `IS_NONCONCURRENT` varchar(1) NOT NULL,
  `IS_UPDATE_DATA` varchar(1) NOT NULL,
  `REQUESTS_RECOVERY` varchar(1) NOT NULL,
  `JOB_DATA` blob,
  PRIMARY KEY (`SCHED_NAME`,`JOB_NAME`,`JOB_GROUP`),
  KEY `IDX_QRTZ_J_REQ_RECOVERY` (`SCHED_NAME`,`REQUESTS_RECOVERY`),
  KEY `IDX_QRTZ_J_GRP` (`SCHED_NAME`,`JOB_GROUP`)
) ENGINE=InnoDB DEFAULT CHARSET=utf8;
/*!40101 SET character_set_client = @saved_cs_client */;

--
-- Dumping data for table `qrtz_job_details`
--

LOCK TABLES `qrtz_job_details` WRITE;
/*!40000 ALTER TABLE `qrtz_job_details` DISABLE KEYS */;
INSERT INTO `qrtz_job_details` VALUES ('YiMoScheduler','SyncOnlineStatusJob','myCronJob','åŒæ­¥åœ¨çº¿ç”¨æˆ·çŠ¶æ€','top.yimo.common.quartz.job.SyncOnlineStatusJob','0','0','0','0','ï¿½ï¿½\0sr\0org.quartz.JobDataMapï¿½ï¿½ï¿½è¿©ï¿½ï¿½\0\0xr\0&org.quartz.utils.StringKeyDirtyFlagMapï¿½ï¿½ï¿½ï¿½ï¿½](\0Z\0allowsTransientDataxr\0org.quartz.utils.DirtyFlagMapï¿½.ï¿½(v\nï¿½\0Z\0dirtyL\0mapt\0Ljava/util/Map;xp\0sr\0java.util.HashMapï¿½ï¿½ï¿½`ï¿½\0F\0\nloadFactorI\0	thresholdxp?@\0\0\0\0\0w\0\0\0\0\0\0\0x\0'),('YiMoScheduler','WebLogJob','myCronJob','å®šæ—¶è½®è¯¢è¯»å–æœåŠ¡å™¨æ—¥å¿—','top.yimo.common.quartz.job.WebLogJob','0','0','0','0','ï¿½ï¿½\0sr\0org.quartz.JobDataMapï¿½ï¿½ï¿½è¿©ï¿½ï¿½\0\0xr\0&org.quartz.utils.StringKeyDirtyFlagMapï¿½ï¿½ï¿½ï¿½ï¿½](\0Z\0allowsTransientDataxr\0org.quartz.utils.DirtyFlagMapï¿½.ï¿½(v\nï¿½\0Z\0dirtyL\0mapt\0Ljava/util/Map;xp\0sr\0java.util.HashMapï¿½ï¿½ï¿½`ï¿½\0F\0\nloadFactorI\0	thresholdxp?@\0\0\0\0\0w\0\0\0\0\0\0\0x\0'),('YiMoScheduler','WebSocketMessageJob','myCronJob','è‡ªåŠ¨å‘é€webSocketæ¶ˆæ¯','top.yimo.common.quartz.job.WebSocketMessageJob','0','0','0','0','ï¿½ï¿½\0sr\0org.quartz.JobDataMapï¿½ï¿½ï¿½è¿©ï¿½ï¿½\0\0xr\0&org.quartz.utils.StringKeyDirtyFlagMapï¿½ï¿½ï¿½ï¿½ï¿½](\0Z\0allowsTransientDataxr\0org.quartz.utils.DirtyFlagMapï¿½.ï¿½(v\nï¿½\0Z\0dirtyL\0mapt\0Ljava/util/Map;xp\0sr\0java.util.HashMapï¿½ï¿½ï¿½`ï¿½\0F\0\nloadFactorI\0	thresholdxp?@\0\0\0\0\0w\0\0\0\0\0\0\0x\0');
/*!40000 ALTER TABLE `qrtz_job_details` ENABLE KEYS */;
UNLOCK TABLES;

--
-- Table structure for table `qrtz_locks`
--

DROP TABLE IF EXISTS `qrtz_locks`;
/*!40101 SET @saved_cs_client     = @@character_set_client */;
/*!40101 SET character_set_client = utf8 */;
CREATE TABLE `qrtz_locks` (
  `SCHED_NAME` varchar(120) NOT NULL,
  `LOCK_NAME` varchar(40) NOT NULL,
  PRIMARY KEY (`SCHED_NAME`,`LOCK_NAME`)
) ENGINE=InnoDB DEFAULT CHARSET=utf8;
/*!40101 SET character_set_client = @saved_cs_client */;

--
-- Dumping data for table `qrtz_locks`
--

LOCK TABLES `qrtz_locks` WRITE;
/*!40000 ALTER TABLE `qrtz_locks` DISABLE KEYS */;
INSERT INTO `qrtz_locks` VALUES ('clusteredScheduler','TRIGGER_ACCESS'),('YiMoScheduler','TRIGGER_ACCESS');
/*!40000 ALTER TABLE `qrtz_locks` ENABLE KEYS */;
UNLOCK TABLES;

--
-- Table structure for table `qrtz_paused_trigger_grps`
--

DROP TABLE IF EXISTS `qrtz_paused_trigger_grps`;
/*!40101 SET @saved_cs_client     = @@character_set_client */;
/*!40101 SET character_set_client = utf8 */;
CREATE TABLE `qrtz_paused_trigger_grps` (
  `SCHED_NAME` varchar(120) NOT NULL,
  `TRIGGER_GROUP` varchar(190) NOT NULL,
  PRIMARY KEY (`SCHED_NAME`,`TRIGGER_GROUP`)
) ENGINE=InnoDB DEFAULT CHARSET=utf8;
/*!40101 SET character_set_client = @saved_cs_client */;

--
-- Dumping data for table `qrtz_paused_trigger_grps`
--

LOCK TABLES `qrtz_paused_trigger_grps` WRITE;
/*!40000 ALTER TABLE `qrtz_paused_trigger_grps` DISABLE KEYS */;
/*!40000 ALTER TABLE `qrtz_paused_trigger_grps` ENABLE KEYS */;
UNLOCK TABLES;

--
-- Table structure for table `qrtz_scheduler_state`
--

DROP TABLE IF EXISTS `qrtz_scheduler_state`;
/*!40101 SET @saved_cs_client     = @@character_set_client */;
/*!40101 SET character_set_client = utf8 */;
CREATE TABLE `qrtz_scheduler_state` (
  `SCHED_NAME` varchar(120) NOT NULL,
  `INSTANCE_NAME` varchar(190) NOT NULL,
  `LAST_CHECKIN_TIME` bigint(13) NOT NULL,
  `CHECKIN_INTERVAL` bigint(13) NOT NULL,
  PRIMARY KEY (`SCHED_NAME`,`INSTANCE_NAME`)
) ENGINE=InnoDB DEFAULT CHARSET=utf8;
/*!40101 SET character_set_client = @saved_cs_client */;

--
-- Dumping data for table `qrtz_scheduler_state`
--

LOCK TABLES `qrtz_scheduler_state` WRITE;
/*!40000 ALTER TABLE `qrtz_scheduler_state` DISABLE KEYS */;
/*!40000 ALTER TABLE `qrtz_scheduler_state` ENABLE KEYS */;
UNLOCK TABLES;

--
-- Table structure for table `qrtz_simple_triggers`
--

DROP TABLE IF EXISTS `qrtz_simple_triggers`;
/*!40101 SET @saved_cs_client     = @@character_set_client */;
/*!40101 SET character_set_client = utf8 */;
CREATE TABLE `qrtz_simple_triggers` (
  `SCHED_NAME` varchar(120) NOT NULL,
  `TRIGGER_NAME` varchar(190) NOT NULL,
  `TRIGGER_GROUP` varchar(190) NOT NULL,
  `REPEAT_COUNT` bigint(7) NOT NULL,
  `REPEAT_INTERVAL` bigint(12) NOT NULL,
  `TIMES_TRIGGERED` bigint(10) NOT NULL,
  PRIMARY KEY (`SCHED_NAME`,`TRIGGER_NAME`,`TRIGGER_GROUP`),
  CONSTRAINT `qrtz_simple_triggers_ibfk_1` FOREIGN KEY (`SCHED_NAME`, `TRIGGER_NAME`, `TRIGGER_GROUP`) REFERENCES `qrtz_triggers` (`SCHED_NAME`, `TRIGGER_NAME`, `TRIGGER_GROUP`)
) ENGINE=InnoDB DEFAULT CHARSET=utf8;
/*!40101 SET character_set_client = @saved_cs_client */;

--
-- Dumping data for table `qrtz_simple_triggers`
--

LOCK TABLES `qrtz_simple_triggers` WRITE;
/*!40000 ALTER TABLE `qrtz_simple_triggers` DISABLE KEYS */;
/*!40000 ALTER TABLE `qrtz_simple_triggers` ENABLE KEYS */;
UNLOCK TABLES;

--
-- Table structure for table `qrtz_simprop_triggers`
--

DROP TABLE IF EXISTS `qrtz_simprop_triggers`;
/*!40101 SET @saved_cs_client     = @@character_set_client */;
/*!40101 SET character_set_client = utf8 */;
CREATE TABLE `qrtz_simprop_triggers` (
  `SCHED_NAME` varchar(120) NOT NULL,
  `TRIGGER_NAME` varchar(190) NOT NULL,
  `TRIGGER_GROUP` varchar(190) NOT NULL,
  `STR_PROP_1` varchar(512) DEFAULT NULL,
  `STR_PROP_2` varchar(512) DEFAULT NULL,
  `STR_PROP_3` varchar(512) DEFAULT NULL,
  `INT_PROP_1` int(11) DEFAULT NULL,
  `INT_PROP_2` int(11) DEFAULT NULL,
  `LONG_PROP_1` bigint(20) DEFAULT NULL,
  `LONG_PROP_2` bigint(20) DEFAULT NULL,
  `DEC_PROP_1` decimal(13,4) DEFAULT NULL,
  `DEC_PROP_2` decimal(13,4) DEFAULT NULL,
  `BOOL_PROP_1` varchar(1) DEFAULT NULL,
  `BOOL_PROP_2` varchar(1) DEFAULT NULL,
  PRIMARY KEY (`SCHED_NAME`,`TRIGGER_NAME`,`TRIGGER_GROUP`),
  CONSTRAINT `qrtz_simprop_triggers_ibfk_1` FOREIGN KEY (`SCHED_NAME`, `TRIGGER_NAME`, `TRIGGER_GROUP`) REFERENCES `qrtz_triggers` (`SCHED_NAME`, `TRIGGER_NAME`, `TRIGGER_GROUP`)
) ENGINE=InnoDB DEFAULT CHARSET=utf8;
/*!40101 SET character_set_client = @saved_cs_client */;

--
-- Dumping data for table `qrtz_simprop_triggers`
--

LOCK TABLES `qrtz_simprop_triggers` WRITE;
/*!40000 ALTER TABLE `qrtz_simprop_triggers` DISABLE KEYS */;
/*!40000 ALTER TABLE `qrtz_simprop_triggers` ENABLE KEYS */;
UNLOCK TABLES;

--
-- Table structure for table `qrtz_triggers`
--

DROP TABLE IF EXISTS `qrtz_triggers`;
/*!40101 SET @saved_cs_client     = @@character_set_client */;
/*!40101 SET character_set_client = utf8 */;
CREATE TABLE `qrtz_triggers` (
  `SCHED_NAME` varchar(120) NOT NULL,
  `TRIGGER_NAME` varchar(190) NOT NULL,
  `TRIGGER_GROUP` varchar(190) NOT NULL,
  `JOB_NAME` varchar(190) NOT NULL,
  `JOB_GROUP` varchar(190) NOT NULL,
  `DESCRIPTION` varchar(250) DEFAULT NULL,
  `NEXT_FIRE_TIME` bigint(13) DEFAULT NULL,
  `PREV_FIRE_TIME` bigint(13) DEFAULT NULL,
  `PRIORITY` int(11) DEFAULT NULL,
  `TRIGGER_STATE` varchar(16) NOT NULL,
  `TRIGGER_TYPE` varchar(8) NOT NULL,
  `START_TIME` bigint(13) NOT NULL,
  `END_TIME` bigint(13) DEFAULT NULL,
  `CALENDAR_NAME` varchar(190) DEFAULT NULL,
  `MISFIRE_INSTR` smallint(2) DEFAULT NULL,
  `JOB_DATA` blob,
  PRIMARY KEY (`SCHED_NAME`,`TRIGGER_NAME`,`TRIGGER_GROUP`),
  KEY `IDX_QRTZ_T_J` (`SCHED_NAME`,`JOB_NAME`,`JOB_GROUP`),
  KEY `IDX_QRTZ_T_JG` (`SCHED_NAME`,`JOB_GROUP`),
  KEY `IDX_QRTZ_T_C` (`SCHED_NAME`,`CALENDAR_NAME`),
  KEY `IDX_QRTZ_T_G` (`SCHED_NAME`,`TRIGGER_GROUP`),
  KEY `IDX_QRTZ_T_STATE` (`SCHED_NAME`,`TRIGGER_STATE`),
  KEY `IDX_QRTZ_T_N_STATE` (`SCHED_NAME`,`TRIGGER_NAME`,`TRIGGER_GROUP`,`TRIGGER_STATE`),
  KEY `IDX_QRTZ_T_N_G_STATE` (`SCHED_NAME`,`TRIGGER_GROUP`,`TRIGGER_STATE`),
  KEY `IDX_QRTZ_T_NEXT_FIRE_TIME` (`SCHED_NAME`,`NEXT_FIRE_TIME`),
  KEY `IDX_QRTZ_T_NFT_ST` (`SCHED_NAME`,`TRIGGER_STATE`,`NEXT_FIRE_TIME`),
  KEY `IDX_QRTZ_T_NFT_MISFIRE` (`SCHED_NAME`,`MISFIRE_INSTR`,`NEXT_FIRE_TIME`),
  KEY `IDX_QRTZ_T_NFT_ST_MISFIRE` (`SCHED_NAME`,`MISFIRE_INSTR`,`NEXT_FIRE_TIME`,`TRIGGER_STATE`),
  KEY `IDX_QRTZ_T_NFT_ST_MISFIRE_GRP` (`SCHED_NAME`,`MISFIRE_INSTR`,`NEXT_FIRE_TIME`,`TRIGGER_GROUP`,`TRIGGER_STATE`),
  CONSTRAINT `qrtz_triggers_ibfk_1` FOREIGN KEY (`SCHED_NAME`, `JOB_NAME`, `JOB_GROUP`) REFERENCES `qrtz_job_details` (`SCHED_NAME`, `JOB_NAME`, `JOB_GROUP`)
) ENGINE=InnoDB DEFAULT CHARSET=utf8;
/*!40101 SET character_set_client = @saved_cs_client */;

--
-- Dumping data for table `qrtz_triggers`
--

LOCK TABLES `qrtz_triggers` WRITE;
/*!40000 ALTER TABLE `qrtz_triggers` DISABLE KEYS */;
INSERT INTO `qrtz_triggers` VALUES ('YiMoScheduler','trigger-SyncOnlineStatusJob','trigger-myCronJob','SyncOnlineStatusJob','myCronJob',NULL,1557913350000,1557913320000,5,'PAUSED','CRON',1555039980000,0,NULL,0,''),('YiMoScheduler','trigger-WebLogJob','trigger-myCronJob','WebLogJob','myCronJob',NULL,1558340621131,1557913330000,5,'PAUSED','CRON',1555396082000,0,NULL,0,''),('YiMoScheduler','trigger-WebSocketMessageJob','trigger-myCronJob','WebSocketMessageJob','myCronJob',NULL,1557913340000,1557913335000,5,'PAUSED','CRON',1554198281000,0,NULL,0,'');
/*!40000 ALTER TABLE `qrtz_triggers` ENABLE KEYS */;
UNLOCK TABLES;

--
-- Table structure for table `sys_dept`
--

DROP TABLE IF EXISTS `sys_dept`;
/*!40101 SET @saved_cs_client     = @@character_set_client */;
/*!40101 SET character_set_client = utf8 */;
CREATE TABLE `sys_dept` (
  `dept_id` bigint(20) NOT NULL AUTO_INCREMENT,
  `parent_id` bigint(20) DEFAULT NULL COMMENT 'ä¸Šçº§éƒ¨é—¨IDï¼Œä¸€çº§éƒ¨é—¨ä¸º0',
  `dept_name` varchar(50) DEFAULT NULL COMMENT 'éƒ¨é—¨åç§°',
  `order_no` int(11) DEFAULT NULL COMMENT 'æ’åº',
  `status` varchar(5) DEFAULT NULL COMMENT 'çŠ¶æ€',
  PRIMARY KEY (`dept_id`)
) ENGINE=InnoDB AUTO_INCREMENT=8 DEFAULT CHARSET=utf8 COMMENT='éƒ¨é—¨ç®¡ç†';
/*!40101 SET character_set_client = @saved_cs_client */;

--
-- Dumping data for table `sys_dept`
--

LOCK TABLES `sys_dept` WRITE;
/*!40000 ALTER TABLE `sys_dept` DISABLE KEYS */;
INSERT INTO `sys_dept` VALUES (1,0,'ä¸€å¢¨æœ‰é™å…¬å¸',1,'1'),(2,1,'ç§‘æŠ€éƒ¨',2,'1'),(4,1,'å®¡æ‰¹éƒ¨',4,'1'),(5,1,'ä¸šåŠ¡éƒ¨',3,'1'),(6,1,'å¸‚åœºéƒ¨',5,'1'),(7,1,'äººäº‹éƒ¨',6,'1');
/*!40000 ALTER TABLE `sys_dept` ENABLE KEYS */;
UNLOCK TABLES;

--
-- Table structure for table `sys_dict`
--

DROP TABLE IF EXISTS `sys_dict`;
/*!40101 SET @saved_cs_client     = @@character_set_client */;
/*!40101 SET character_set_client = utf8 */;
CREATE TABLE `sys_dict` (
  `dict_type` varchar(50) NOT NULL DEFAULT '' COMMENT 'å­—å…¸ç±»å‹',
  `dict_describe` varchar(50) DEFAULT NULL COMMENT 'å­—å…¸æè¿°',
  `status` tinyint(255) DEFAULT NULL COMMENT 'çŠ¶æ€ 0:ç¦ç”¨ï¼Œ1:æ­£å¸¸',
  `create_user_id` bigint(255) DEFAULT NULL COMMENT 'åˆ›å»ºç”¨æˆ·id',
  `create_time` datetime DEFAULT NULL COMMENT 'åˆ›å»ºæ—¶é—´',
  `update_time` datetime DEFAULT NULL COMMENT 'ä¿®æ”¹æ—¶é—´',
  PRIMARY KEY (`dict_type`)
) ENGINE=InnoDB DEFAULT CHARSET=utf8 COMMENT='æ•°æ®å­—å…¸ç›®æ ‡è¡¨';
/*!40101 SET character_set_client = @saved_cs_client */;

--
-- Dumping data for table `sys_dict`
--

LOCK TABLES `sys_dict` WRITE;
/*!40000 ALTER TABLE `sys_dict` DISABLE KEYS */;
INSERT INTO `sys_dict` VALUES ('AreaCode','è¡Œæ”¿åŒºåŸŸ',1,1,'2019-06-08 12:23:46',NULL),('hobby','çˆ±å¥½',1,1,'2019-05-30 16:45:12',NULL),('MenuType','ç›®å½•ç±»å‹',1,1,'2019-05-24 17:01:08',NULL),('OnlineStatus','åœ¨çº¿çŠ¶æ€',1,1,'2019-04-11 17:27:51','2019-04-11 17:27:51'),('Sex','æ€§åˆ«',1,1,'2019-04-11 17:27:51','2019-04-11 17:27:48'),('Status','çŠ¶æ€',1,1,'2019-04-11 17:27:51','2019-04-11 17:27:45');
/*!40000 ALTER TABLE `sys_dict` ENABLE KEYS */;
UNLOCK TABLES;

--
-- Table structure for table `sys_dict_data`
--

DROP TABLE IF EXISTS `sys_dict_data`;
/*!40101 SET @saved_cs_client     = @@character_set_client */;
/*!40101 SET character_set_client = utf8 */;
CREATE TABLE `sys_dict_data` (
  `dict_type` varchar(20) NOT NULL COMMENT 'å­—å…¸ç±»å‹',
  `dict_no` varchar(50) NOT NULL COMMENT 'å­—å…¸ç¼–ç ',
  `dict_name` varchar(100) DEFAULT NULL COMMENT 'å­—å…¸å«ä¹‰',
  `dict_describe` varchar(50) DEFAULT NULL COMMENT 'å­—å…¸æè¿°',
  `status` tinyint(255) DEFAULT NULL COMMENT 'çŠ¶æ€ 0:ç¦ç”¨ï¼Œ1:æ­£å¸¸',
  `create_user_id` bigint(255) DEFAULT NULL COMMENT 'åˆ›å»ºç”¨æˆ·id',
  `create_time` datetime DEFAULT NULL COMMENT 'åˆ›å»ºæ—¶é—´',
  `update_time` datetime DEFAULT NULL COMMENT 'ä¿®æ”¹æ—¶é—´',
  PRIMARY KEY (`dict_type`,`dict_no`),
  CONSTRAINT `sys_dict_data_sys_dict_fk` FOREIGN KEY (`dict_type`) REFERENCES `sys_dict` (`dict_type`) ON DELETE CASCADE ON UPDATE CASCADE
) ENGINE=InnoDB DEFAULT CHARSET=utf8 COMMENT='æ•°æ®å­—å…¸æ•°æ®è¡¨';
/*!40101 SET character_set_client = @saved_cs_client */;

--
-- Dumping data for table `sys_dict_data`
--

LOCK TABLES `sys_dict_data` WRITE;
/*!40000 ALTER TABLE `sys_dict_data` DISABLE KEYS */;
INSERT INTO `sys_dict_data` VALUES ('AreaCode','110000','åŒ—äº¬å¸‚','province',1,NULL,NULL,NULL),('AreaCode','110100','åŒ—äº¬å¸‚å¸‚è¾–åŒº','city',1,NULL,NULL,NULL),('AreaCode','110101','åŒ—äº¬å¸‚å¸‚è¾–åŒºä¸œåŸåŒº','area',1,NULL,NULL,NULL),('AreaCode','110102','åŒ—äº¬å¸‚å¸‚è¾–åŒºè¥¿åŸåŒº','area',1,NULL,NULL,NULL),('AreaCode','110105','åŒ—äº¬å¸‚å¸‚è¾–åŒºæœé˜³åŒº','area',1,NULL,NULL,NULL),('AreaCode','110106','åŒ—äº¬å¸‚å¸‚è¾–åŒºä¸°å°åŒº','area',1,NULL,NULL,NULL),('AreaCode','110107','åŒ—äº¬å¸‚å¸‚è¾–åŒºçŸ³æ™¯å±±åŒº','area',1,NULL,NULL,NULL),('AreaCode','110108','åŒ—äº¬å¸‚å¸‚è¾–åŒºæµ·æ·€åŒº','area',1,NULL,NULL,NULL),('AreaCode','110109','åŒ—äº¬å¸‚å¸‚è¾–åŒºé—¨å¤´æ²ŸåŒº','area',1,NULL,NULL,NULL),('AreaCode','110111','åŒ—äº¬å¸‚å¸‚è¾–åŒºæˆ¿å±±åŒº','area',1,NULL,NULL,NULL),('AreaCode','110112','åŒ—äº¬å¸‚å¸‚è¾–åŒºé€šå·åŒº','area',1,NULL,NULL,NULL),('AreaCode','110113','åŒ—äº¬å¸‚å¸‚è¾–åŒºé¡ºä¹‰åŒº','area',1,NULL,NULL,NULL),('AreaCode','110114','åŒ—äº¬å¸‚å¸‚è¾–åŒºæ˜Œå¹³åŒº','area',1,NULL,NULL,NULL),('AreaCode','110115','åŒ—äº¬å¸‚å¸‚è¾–åŒºå¤§å…´åŒº','area',1,NULL,NULL,NULL),('AreaCode','110116','åŒ—äº¬å¸‚å¸‚è¾–åŒºæ€€æŸ”åŒº','area',1,NULL,NULL,NULL),('AreaCode','110117','åŒ—äº¬å¸‚å¸‚è¾–åŒºå¹³è°·åŒº','area',1,NULL,NULL,NULL),('AreaCode','110118','åŒ—äº¬å¸‚å¸‚è¾–åŒºå¯†äº‘åŒº','area',1,NULL,NULL,NULL),('AreaCode','110119','åŒ—äº¬å¸‚å¸‚è¾–åŒºå»¶åº†åŒº','area',1,NULL,NULL,NULL),('AreaCode','120000','å¤©æ´¥å¸‚','province',1,NULL,NULL,NULL),('AreaCode','120100','å¤©æ´¥å¸‚å¸‚è¾–åŒº','city',1,NULL,NULL,NULL),('AreaCode','120101','å¤©æ´¥å¸‚å¸‚è¾–åŒºå’Œå¹³åŒº','area',1,NULL,NULL,NULL),('AreaCode','120102','å¤©æ´¥å¸‚å¸‚è¾–åŒºæ²³ä¸œåŒº','area',1,NULL,NULL,NULL),('AreaCode','120103','å¤©æ´¥å¸‚å¸‚è¾–åŒºæ²³è¥¿åŒº','area',1,NULL,NULL,NULL),('AreaCode','120104','å¤©æ´¥å¸‚å¸‚è¾–åŒºå—å¼€åŒº','area',1,NULL,NULL,NULL),('AreaCode','120105','å¤©æ´¥å¸‚å¸‚è¾–åŒºæ²³åŒ—åŒº','area',1,NULL,NULL,NULL),('AreaCode','120106','å¤©æ´¥å¸‚å¸‚è¾–åŒºçº¢æ¡¥åŒº','area',1,NULL,NULL,NULL),('AreaCode','120107','å¤©æ´¥å¸‚å¸‚è¾–åŒºå¡˜æ²½åŒº','area',1,NULL,NULL,NULL),('AreaCode','120108','å¤©æ´¥å¸‚å¸‚è¾–åŒºæ±‰æ²½åŒº','area',1,NULL,NULL,NULL),('AreaCode','120109','å¤©æ´¥å¸‚å¸‚è¾–åŒºå¤§æ¸¯åŒº','area',1,NULL,NULL,NULL),('AreaCode','120110','å¤©æ´¥å¸‚å¸‚è¾–åŒºä¸œä¸½åŒº','area',1,NULL,NULL,NULL),('AreaCode','120111','å¤©æ´¥å¸‚å¸‚è¾–åŒºè¥¿é’åŒº','area',1,NULL,NULL,NULL),('AreaCode','120112','å¤©æ´¥å¸‚å¸‚è¾–åŒºæ´¥å—åŒº','area',1,NULL,NULL,NULL),('AreaCode','120113','å¤©æ´¥å¸‚å¸‚è¾–åŒºåŒ—è¾°åŒº','area',1,NULL,NULL,NULL),('AreaCode','120114','å¤©æ´¥å¸‚å¸‚è¾–åŒºæ­¦æ¸…åŒº','area',1,NULL,NULL,NULL),('AreaCode','120115','å¤©æ´¥å¸‚å¸‚è¾–åŒºå®å»åŒº','area',1,NULL,NULL,NULL),('AreaCode','120116','å¤©æ´¥å¸‚å¸‚è¾–åŒºæ»¨æµ·æ–°åŒº','area',1,NULL,NULL,NULL),('AreaCode','120117','å¤©æ´¥å¸‚å¸‚è¾–åŒºå®æ²³åŒº','area',1,NULL,NULL,NULL),('AreaCode','120118','å¤©æ´¥å¸‚å¸‚è¾–åŒºé™æµ·åŒº','area',1,NULL,NULL,NULL),('AreaCode','120119','å¤©æ´¥å¸‚å¸‚è¾–åŒºè“Ÿå·åŒº','area',1,NULL,NULL,NULL),('AreaCode','130000','æ²³åŒ—çœ','province',1,NULL,NULL,NULL),('AreaCode','130100','æ²³åŒ—çœçŸ³å®¶åº„å¸‚','city',1,NULL,NULL,NULL),('AreaCode','130101','æ²³åŒ—çœçŸ³å®¶åº„å¸‚å¸‚è¾–åŒº','area',1,NULL,NULL,NULL),('AreaCode','130102','æ²³åŒ—çœçŸ³å®¶åº„å¸‚é•¿å®‰åŒº','area',1,NULL,NULL,NULL),('AreaCode','130104','æ²³åŒ—çœçŸ³å®¶åº„å¸‚æ¡¥è¥¿åŒº','area',1,NULL,NULL,NULL),('AreaCode','130105','æ²³åŒ—çœçŸ³å®¶åº„å¸‚æ–°ååŒº','area',1,NULL,NULL,NULL),('AreaCode','130107','æ²³åŒ—çœçŸ³å®¶åº„å¸‚äº•é™‰çŸ¿åŒº','area',1,NULL,NULL,NULL),('AreaCode','130108','æ²³åŒ—çœçŸ³å®¶åº„å¸‚è£•ååŒº','area',1,NULL,NULL,NULL),('AreaCode','130109','æ²³åŒ—çœçŸ³å®¶åº„å¸‚è—åŸåŒº','area',1,NULL,NULL,NULL),('AreaCode','130110','æ²³åŒ—çœçŸ³å®¶åº„å¸‚é¹¿æ³‰åŒº','area',1,NULL,NULL,NULL),('AreaCode','130111','æ²³åŒ—çœçŸ³å®¶åº„å¸‚æ ¾åŸåŒº','area',1,NULL,NULL,NULL),('AreaCode','130121','æ²³åŒ—çœçŸ³å®¶åº„å¸‚äº•é™‰å¿','area',1,NULL,NULL,NULL),('AreaCode','130123','æ²³åŒ—çœçŸ³å®¶åº„å¸‚æ­£å®šå¿','area',1,NULL,NULL,NULL),('AreaCode','130125','æ²³åŒ—çœçŸ³å®¶åº„å¸‚è¡Œå”å¿','area',1,NULL,NULL,NULL),('AreaCode','130126','æ²³åŒ—çœçŸ³å®¶åº„å¸‚çµå¯¿å¿','area',1,NULL,NULL,NULL),('AreaCode','130127','æ²³åŒ—çœçŸ³å®¶åº„å¸‚é«˜é‚‘å¿','area',1,NULL,NULL,NULL),('AreaCode','130128','æ²³åŒ—çœçŸ³å®¶åº„å¸‚æ·±æ³½å¿','area',1,NULL,NULL,NULL),('AreaCode','130129','æ²³åŒ—çœçŸ³å®¶åº„å¸‚èµçš‡å¿','area',1,NULL,NULL,NULL),('AreaCode','130130','æ²³åŒ—çœçŸ³å®¶åº„å¸‚æ— æå¿','area',1,NULL,NULL,NULL),('AreaCode','130131','æ²³åŒ—çœçŸ³å®¶åº„å¸‚å¹³å±±å¿','area',1,NULL,NULL,NULL),('AreaCode','130132','æ²³åŒ—çœçŸ³å®¶åº„å¸‚å…ƒæ°å¿','area',1,NULL,NULL,NULL),('AreaCode','130133','æ²³åŒ—çœçŸ³å®¶åº„å¸‚èµµå¿','area',1,NULL,NULL,NULL),('AreaCode','130183','æ²³åŒ—çœçŸ³å®¶åº„å¸‚æ™‹å·å¸‚','area',1,NULL,NULL,NULL),('AreaCode','130184','æ²³åŒ—çœçŸ³å®¶åº„å¸‚æ–°ä¹å¸‚','area',1,NULL,NULL,NULL),('AreaCode','130200','æ²³åŒ—çœå”å±±å¸‚','city',1,NULL,NULL,NULL),('AreaCode','130201','æ²³åŒ—çœå”å±±å¸‚å¸‚è¾–åŒº','area',1,NULL,NULL,NULL),('AreaCode','130202','æ²³åŒ—çœå”å±±å¸‚è·¯å—åŒº','area',1,NULL,NULL,NULL),('AreaCode','130203','æ²³åŒ—çœå”å±±å¸‚è·¯åŒ—åŒº','area',1,NULL,NULL,NULL),('AreaCode','130204','æ²³åŒ—çœå”å±±å¸‚å¤å†¶åŒº','area',1,NULL,NULL,NULL),('AreaCode','130205','æ²³åŒ—çœå”å±±å¸‚å¼€å¹³åŒº','area',1,NULL,NULL,NULL),('AreaCode','130207','æ²³åŒ—çœå”å±±å¸‚ä¸°å—åŒº','area',1,NULL,NULL,NULL),('AreaCode','130208','æ²³åŒ—çœå”å±±å¸‚ä¸°æ¶¦åŒº','area',1,NULL,NULL,NULL),('AreaCode','130209','æ²³åŒ—çœå”å±±å¸‚æ›¹å¦ƒç”¸åŒº','area',1,NULL,NULL,NULL),('AreaCode','130223','æ²³åŒ—çœå”å±±å¸‚æ»¦å¿','area',1,NULL,NULL,NULL),('AreaCode','130224','æ²³åŒ—çœå”å±±å¸‚æ»¦å—å¿','area',1,NULL,NULL,NULL),('AreaCode','130225','æ²³åŒ—çœå”å±±å¸‚ä¹äº­å¿','area',1,NULL,NULL,NULL),('AreaCode','130227','æ²³åŒ—çœå”å±±å¸‚è¿è¥¿å¿','area',1,NULL,NULL,NULL),('AreaCode','130229','æ²³åŒ—çœå”å±±å¸‚ç‰ç”°å¿','area',1,NULL,NULL,NULL),('AreaCode','130281','æ²³åŒ—çœå”å±±å¸‚éµåŒ–å¸‚','area',1,NULL,NULL,NULL),('AreaCode','130283','æ²³åŒ—çœå”å±±å¸‚è¿å®‰å¸‚','area',1,NULL,NULL,NULL),('AreaCode','130300','æ²³åŒ—çœç§¦çš‡å²›å¸‚','city',1,NULL,NULL,NULL),('AreaCode','130301','æ²³åŒ—çœç§¦çš‡å²›å¸‚å¸‚è¾–åŒº','area',1,NULL,NULL,NULL),('AreaCode','130302','æ²³åŒ—çœç§¦çš‡å²›å¸‚æµ·æ¸¯åŒº','area',1,NULL,NULL,NULL),('AreaCode','130303','æ²³åŒ—çœç§¦çš‡å²›å¸‚å±±æµ·å…³åŒº','area',1,NULL,NULL,NULL),('AreaCode','130304','æ²³åŒ—çœç§¦çš‡å²›å¸‚åŒ—æˆ´æ²³åŒº','area',1,NULL,NULL,NULL),('AreaCode','130306','æ²³åŒ—çœç§¦çš‡å²›å¸‚æŠšå®åŒº','area',1,NULL,NULL,NULL),('AreaCode','130321','æ²³åŒ—çœç§¦çš‡å²›å¸‚é’é¾™æ»¡æ—è‡ªæ²»å¿','area',1,NULL,NULL,NULL),('AreaCode','130322','æ²³åŒ—çœç§¦çš‡å²›å¸‚æ˜Œé»å¿','area',1,NULL,NULL,NULL),('AreaCode','130324','æ²³åŒ—çœç§¦çš‡å²›å¸‚å¢é¾™å¿','area',1,NULL,NULL,NULL),('AreaCode','130400','æ²³åŒ—çœé‚¯éƒ¸å¸‚','city',1,NULL,NULL,NULL),('AreaCode','130401','æ²³åŒ—çœé‚¯éƒ¸å¸‚å¸‚è¾–åŒº','area',1,NULL,NULL,NULL),('AreaCode','130402','æ²³åŒ—çœé‚¯éƒ¸å¸‚é‚¯å±±åŒº','area',1,NULL,NULL,NULL),('AreaCode','130403','æ²³åŒ—çœé‚¯éƒ¸å¸‚ä¸›å°åŒº','area',1,NULL,NULL,NULL),('AreaCode','130404','æ²³åŒ—çœé‚¯éƒ¸å¸‚å¤å…´åŒº','area',1,NULL,NULL,NULL),('AreaCode','130406','æ²³åŒ—çœé‚¯éƒ¸å¸‚å³°å³°çŸ¿åŒº','area',1,NULL,NULL,NULL),('AreaCode','130421','æ²³åŒ—çœé‚¯éƒ¸å¸‚é‚¯éƒ¸å¿','area',1,NULL,NULL,NULL),('AreaCode','130423','æ²³åŒ—çœé‚¯éƒ¸å¸‚ä¸´æ¼³å¿','area',1,NULL,NULL,NULL),('AreaCode','130424','æ²³åŒ—çœé‚¯éƒ¸å¸‚æˆå®‰å¿','area',1,NULL,NULL,NULL),('AreaCode','130425','æ²³åŒ—çœé‚¯éƒ¸å¸‚å¤§åå¿','area',1,NULL,NULL,NULL),('AreaCode','130426','æ²³åŒ—çœé‚¯éƒ¸å¸‚æ¶‰å¿','area',1,NULL,NULL,NULL),('AreaCode','130427','æ²³åŒ—çœé‚¯éƒ¸å¸‚ç£å¿','area',1,NULL,NULL,NULL),('AreaCode','130428','æ²³åŒ—çœé‚¯éƒ¸å¸‚è‚¥ä¹¡å¿','area',1,NULL,NULL,NULL),('AreaCode','130429','æ²³åŒ—çœé‚¯éƒ¸å¸‚æ°¸å¹´å¿','area',1,NULL,NULL,NULL),('AreaCode','130430','æ²³åŒ—çœé‚¯éƒ¸å¸‚é‚±å¿','area',1,NULL,NULL,NULL),('AreaCode','130431','æ²³åŒ—çœé‚¯éƒ¸å¸‚é¸¡æ³½å¿','area',1,NULL,NULL,NULL),('AreaCode','130432','æ²³åŒ—çœé‚¯éƒ¸å¸‚å¹¿å¹³å¿','area',1,NULL,NULL,NULL),('AreaCode','130433','æ²³åŒ—çœé‚¯éƒ¸å¸‚é¦†é™¶å¿','area',1,NULL,NULL,NULL),('AreaCode','130434','æ²³åŒ—çœé‚¯éƒ¸å¸‚é­å¿','area',1,NULL,NULL,NULL),('AreaCode','130435','æ²³åŒ—çœé‚¯éƒ¸å¸‚æ›²å‘¨å¿','area',1,NULL,NULL,NULL),('AreaCode','130481','æ²³åŒ—çœé‚¯éƒ¸å¸‚æ­¦å®‰å¸‚','area',1,NULL,NULL,NULL),('AreaCode','130500','æ²³åŒ—çœé‚¢å°å¸‚','city',1,NULL,NULL,NULL),('AreaCode','130501','æ²³åŒ—çœé‚¢å°å¸‚å¸‚è¾–åŒº','area',1,NULL,NULL,NULL),('AreaCode','130502','æ²³åŒ—çœé‚¢å°å¸‚æ¡¥ä¸œåŒº','area',1,NULL,NULL,NULL),('AreaCode','130503','æ²³åŒ—çœé‚¢å°å¸‚æ¡¥è¥¿åŒº','area',1,NULL,NULL,NULL),('AreaCode','130521','æ²³åŒ—çœé‚¢å°å¸‚é‚¢å°å¿','area',1,NULL,NULL,NULL),('AreaCode','130522','æ²³åŒ—çœé‚¢å°å¸‚ä¸´åŸå¿','area',1,NULL,NULL,NULL),('AreaCode','130523','æ²³åŒ—çœé‚¢å°å¸‚å†…ä¸˜å¿','area',1,NULL,NULL,NULL),('AreaCode','130524','æ²³åŒ—çœé‚¢å°å¸‚æŸä¹¡å¿','area',1,NULL,NULL,NULL),('AreaCode','130525','æ²³åŒ—çœé‚¢å°å¸‚éš†å°§å¿','area',1,NULL,NULL,NULL),('AreaCode','130526','æ²³åŒ—çœé‚¢å°å¸‚ä»»å¿','area',1,NULL,NULL,NULL),('AreaCode','130527','æ²³åŒ—çœé‚¢å°å¸‚å—å’Œå¿','area',1,NULL,NULL,NULL),('AreaCode','130528','æ²³åŒ—çœé‚¢å°å¸‚å®æ™‹å¿','area',1,NULL,NULL,NULL),('AreaCode','130529','æ²³åŒ—çœé‚¢å°å¸‚å·¨é¹¿å¿','area',1,NULL,NULL,NULL),('AreaCode','130530','æ²³åŒ—çœé‚¢å°å¸‚æ–°æ²³å¿','area',1,NULL,NULL,NULL),('AreaCode','130531','æ²³åŒ—çœé‚¢å°å¸‚å¹¿å®—å¿','area',1,NULL,NULL,NULL),('AreaCode','130532','æ²³åŒ—çœé‚¢å°å¸‚å¹³ä¹¡å¿','area',1,NULL,NULL,NULL),('AreaCode','130533','æ²³åŒ—çœé‚¢å°å¸‚å¨å¿','area',1,NULL,NULL,NULL),('AreaCode','130534','æ²³åŒ—çœé‚¢å°å¸‚æ¸…æ²³å¿','area',1,NULL,NULL,NULL),('AreaCode','130535','æ²³åŒ—çœé‚¢å°å¸‚ä¸´è¥¿å¿','area',1,NULL,NULL,NULL),('AreaCode','130581','æ²³åŒ—çœé‚¢å°å¸‚å—å®«å¸‚','area',1,NULL,NULL,NULL),('AreaCode','130582','æ²³åŒ—çœé‚¢å°å¸‚æ²™æ²³å¸‚','area',1,NULL,NULL,NULL),('AreaCode','130600','æ²³åŒ—çœä¿å®šå¸‚','city',1,NULL,NULL,NULL),('AreaCode','130601','æ²³åŒ—çœä¿å®šå¸‚å¸‚è¾–åŒº','area',1,NULL,NULL,NULL),('AreaCode','130602','æ²³åŒ—çœä¿å®šå¸‚ç«ç§€åŒº','area',1,NULL,NULL,NULL),('AreaCode','130606','æ²³åŒ—çœä¿å®šå¸‚è²æ± åŒº','area',1,NULL,NULL,NULL),('AreaCode','130607','æ²³åŒ—çœä¿å®šå¸‚æ»¡åŸåŒº','area',1,NULL,NULL,NULL),('AreaCode','130608','æ²³åŒ—çœä¿å®šå¸‚æ¸…è‹‘åŒº','area',1,NULL,NULL,NULL),('AreaCode','130609','æ²³åŒ—çœä¿å®šå¸‚å¾æ°´åŒº','area',1,NULL,NULL,NULL),('AreaCode','130623','æ²³åŒ—çœä¿å®šå¸‚æ¶æ°´å¿','area',1,NULL,NULL,NULL),('AreaCode','130624','æ²³åŒ—çœä¿å®šå¸‚é˜œå¹³å¿','area',1,NULL,NULL,NULL),('AreaCode','130626','æ²³åŒ—çœä¿å®šå¸‚å®šå…´å¿','area',1,NULL,NULL,NULL),('AreaCode','130627','æ²³åŒ—çœä¿å®šå¸‚å”å¿','area',1,NULL,NULL,NULL),('AreaCode','130628','æ²³åŒ—çœä¿å®šå¸‚é«˜é˜³å¿','area',1,NULL,NULL,NULL),('AreaCode','130629','æ²³åŒ—çœä¿å®šå¸‚å®¹åŸå¿','area',1,NULL,NULL,NULL),('AreaCode','130630','æ²³åŒ—çœä¿å®šå¸‚æ¶æºå¿','area',1,NULL,NULL,NULL),('AreaCode','130631','æ²³åŒ—çœä¿å®šå¸‚æœ›éƒ½å¿','area',1,NULL,NULL,NULL),('AreaCode','130632','æ²³åŒ—çœä¿å®šå¸‚å®‰æ–°å¿','area',1,NULL,NULL,NULL),('AreaCode','130633','æ²³åŒ—çœä¿å®šå¸‚æ˜“å¿','area',1,NULL,NULL,NULL),('AreaCode','130634','æ²³åŒ—çœä¿å®šå¸‚æ›²é˜³å¿','area',1,NULL,NULL,NULL),('AreaCode','130635','æ²³åŒ—çœä¿å®šå¸‚è ¡å¿','area',1,NULL,NULL,NULL),('AreaCode','130636','æ²³åŒ—çœä¿å®šå¸‚é¡ºå¹³å¿','area',1,NULL,NULL,NULL),('AreaCode','130637','æ²³åŒ—çœä¿å®šå¸‚åšé‡å¿','area',1,NULL,NULL,NULL),('AreaCode','130638','æ²³åŒ—çœä¿å®šå¸‚é›„å¿','area',1,NULL,NULL,NULL),('AreaCode','130681','æ²³åŒ—çœä¿å®šå¸‚æ¶¿å·å¸‚','area',1,NULL,NULL,NULL),('AreaCode','130683','æ²³åŒ—çœä¿å®šå¸‚å®‰å›½å¸‚','area',1,NULL,NULL,NULL),('AreaCode','130684','æ²³åŒ—çœä¿å®šå¸‚é«˜ç¢‘åº—å¸‚','area',1,NULL,NULL,NULL),('AreaCode','130700','æ²³åŒ—çœå¼ å®¶å£å¸‚','city',1,NULL,NULL,NULL),('AreaCode','130701','æ²³åŒ—çœå¼ å®¶å£å¸‚å¸‚è¾–åŒº','area',1,NULL,NULL,NULL),('AreaCode','130702','æ²³åŒ—çœå¼ å®¶å£å¸‚æ¡¥ä¸œåŒº','area',1,NULL,NULL,NULL),('AreaCode','130703','æ²³åŒ—çœå¼ å®¶å£å¸‚æ¡¥è¥¿åŒº','area',1,NULL,NULL,NULL),('AreaCode','130705','æ²³åŒ—çœå¼ å®¶å£å¸‚å®£åŒ–åŒº','area',1,NULL,NULL,NULL),('AreaCode','130706','æ²³åŒ—çœå¼ å®¶å£å¸‚ä¸‹èŠ±å›­åŒº','area',1,NULL,NULL,NULL),('AreaCode','130708','æ²³åŒ—çœå¼ å®¶å£å¸‚ä¸‡å…¨åŒº','area',1,NULL,NULL,NULL),('AreaCode','130709','æ²³åŒ—çœå¼ å®¶å£å¸‚å´‡ç¤¼åŒº','area',1,NULL,NULL,NULL),('AreaCode','130722','æ²³åŒ—çœå¼ å®¶å£å¸‚å¼ åŒ—å¿','area',1,NULL,NULL,NULL),('AreaCode','130723','æ²³åŒ—çœå¼ å®¶å£å¸‚åº·ä¿å¿','area',1,NULL,NULL,NULL),('AreaCode','130724','æ²³åŒ—çœå¼ å®¶å£å¸‚æ²½æºå¿','area',1,NULL,NULL,NULL),('AreaCode','130725','æ²³åŒ—çœå¼ å®¶å£å¸‚å°šä¹‰å¿','area',1,NULL,NULL,NULL),('AreaCode','130726','æ²³åŒ—çœå¼ å®¶å£å¸‚è”šå¿','area',1,NULL,NULL,NULL),('AreaCode','130727','æ²³åŒ—çœå¼ å®¶å£å¸‚é˜³åŸå¿','area',1,NULL,NULL,NULL),('AreaCode','130728','æ²³åŒ—çœå¼ å®¶å£å¸‚æ€€å®‰å¿','area',1,NULL,NULL,NULL),('AreaCode','130730','æ²³åŒ—çœå¼ å®¶å£å¸‚æ€€æ¥å¿','area',1,NULL,NULL,NULL),('AreaCode','130731','æ²³åŒ—çœå¼ å®¶å£å¸‚æ¶¿é¹¿å¿','area',1,NULL,NULL,NULL),('AreaCode','130732','æ²³åŒ—çœå¼ å®¶å£å¸‚èµ¤åŸå¿','area',1,NULL,NULL,NULL),('AreaCode','130800','æ²³åŒ—çœæ‰¿å¾·å¸‚','city',1,NULL,NULL,NULL),('AreaCode','130801','æ²³åŒ—çœæ‰¿å¾·å¸‚å¸‚è¾–åŒº','area',1,NULL,NULL,NULL),('AreaCode','130802','æ²³åŒ—çœæ‰¿å¾·å¸‚åŒæ¡¥åŒº','area',1,NULL,NULL,NULL),('AreaCode','130803','æ²³åŒ—çœæ‰¿å¾·å¸‚åŒæ»¦åŒº','area',1,NULL,NULL,NULL),('AreaCode','130804','æ²³åŒ—çœæ‰¿å¾·å¸‚é¹°æ‰‹è¥å­çŸ¿åŒº','area',1,NULL,NULL,NULL),('AreaCode','130821','æ²³åŒ—çœæ‰¿å¾·å¸‚æ‰¿å¾·å¿','area',1,NULL,NULL,NULL),('AreaCode','130822','æ²³åŒ—çœæ‰¿å¾·å¸‚å…´éš†å¿','area',1,NULL,NULL,NULL),('AreaCode','130823','æ²³åŒ—çœæ‰¿å¾·å¸‚å¹³æ³‰å¿','area',1,NULL,NULL,NULL),('AreaCode','130824','æ²³åŒ—çœæ‰¿å¾·å¸‚æ»¦å¹³å¿','area',1,NULL,NULL,NULL),('AreaCode','130825','æ²³åŒ—çœæ‰¿å¾·å¸‚éš†åŒ–å¿','area',1,NULL,NULL,NULL),('AreaCode','130826','æ²³åŒ—çœæ‰¿å¾·å¸‚ä¸°å®æ»¡æ—è‡ªæ²»å¿','area',1,NULL,NULL,NULL),('AreaCode','130827','æ²³åŒ—çœæ‰¿å¾·å¸‚å®½åŸæ»¡æ—è‡ªæ²»å¿','area',1,NULL,NULL,NULL),('AreaCode','130828','æ²³åŒ—çœæ‰¿å¾·å¸‚å›´åœºæ»¡æ—è’™å¤æ—è‡ªæ²»å¿','area',1,NULL,NULL,NULL),('AreaCode','130900','æ²³åŒ—çœæ²§å·å¸‚','city',1,NULL,NULL,NULL),('AreaCode','130901','æ²³åŒ—çœæ²§å·å¸‚å¸‚è¾–åŒº','area',1,NULL,NULL,NULL),('AreaCode','130902','æ²³åŒ—çœæ²§å·å¸‚æ–°ååŒº','area',1,NULL,NULL,NULL),('AreaCode','130903','æ²³åŒ—çœæ²§å·å¸‚è¿æ²³åŒº','area',1,NULL,NULL,NULL),('AreaCode','130921','æ²³åŒ—çœæ²§å·å¸‚æ²§å¿','area',1,NULL,NULL,NULL),('AreaCode','130922','æ²³åŒ—çœæ²§å·å¸‚é’å¿','area',1,NULL,NULL,NULL),('AreaCode','130923','æ²³åŒ—çœæ²§å·å¸‚ä¸œå…‰å¿','area',1,NULL,NULL,NULL),('AreaCode','130924','æ²³åŒ—çœæ²§å·å¸‚æµ·å…´å¿','area',1,NULL,NULL,NULL),('AreaCode','130925','æ²³åŒ—çœæ²§å·å¸‚ç›å±±å¿','area',1,NULL,NULL,NULL),('AreaCode','130926','æ²³åŒ—çœæ²§å·å¸‚è‚ƒå®å¿','area',1,NULL,NULL,NULL),('AreaCode','130927','æ²³åŒ—çœæ²§å·å¸‚å—çš®å¿','area',1,NULL,NULL,NULL),('AreaCode','130928','æ²³åŒ—çœæ²§å·å¸‚å´æ¡¥å¿','area',1,NULL,NULL,NULL),('AreaCode','130929','æ²³åŒ—çœæ²§å·å¸‚çŒ®å¿','area',1,NULL,NULL,NULL),('AreaCode','130930','æ²³åŒ—çœæ²§å·å¸‚å­Ÿæ‘å›æ—è‡ªæ²»å¿','area',1,NULL,NULL,NULL),('AreaCode','130981','æ²³åŒ—çœæ²§å·å¸‚æ³Šå¤´å¸‚','area',1,NULL,NULL,NULL),('AreaCode','130982','æ²³åŒ—çœæ²§å·å¸‚ä»»ä¸˜å¸‚','area',1,NULL,NULL,NULL),('AreaCode','130983','æ²³åŒ—çœæ²§å·å¸‚é»„éª…å¸‚','area',1,NULL,NULL,NULL),('AreaCode','130984','æ²³åŒ—çœæ²§å·å¸‚æ²³é—´å¸‚','area',1,NULL,NULL,NULL),('AreaCode','131000','æ²³åŒ—çœå»ŠåŠå¸‚','city',1,NULL,NULL,NULL),('AreaCode','131001','æ²³åŒ—çœå»ŠåŠå¸‚å¸‚è¾–åŒº','area',1,NULL,NULL,NULL),('AreaCode','131002','æ²³åŒ—çœå»ŠåŠå¸‚å®‰æ¬¡åŒº','area',1,NULL,NULL,NULL),('AreaCode','131003','æ²³åŒ—çœå»ŠåŠå¸‚å¹¿é˜³åŒº','area',1,NULL,NULL,NULL),('AreaCode','131022','æ²³åŒ—çœå»ŠåŠå¸‚å›ºå®‰å¿','area',1,NULL,NULL,NULL),('AreaCode','131023','æ²³åŒ—çœå»ŠåŠå¸‚æ°¸æ¸…å¿','area',1,NULL,NULL,NULL),('AreaCode','131024','æ²³åŒ—çœå»ŠåŠå¸‚é¦™æ²³å¿','area',1,NULL,NULL,NULL),('AreaCode','131025','æ²³åŒ—çœå»ŠåŠå¸‚å¤§åŸå¿','area',1,NULL,NULL,NULL),('AreaCode','131026','æ²³åŒ—çœå»ŠåŠå¸‚æ–‡å®‰å¿','area',1,NULL,NULL,NULL),('AreaCode','131028','æ²³åŒ—çœå»ŠåŠå¸‚å¤§å‚å›æ—è‡ªæ²»å¿','area',1,NULL,NULL,NULL),('AreaCode','131081','æ²³åŒ—çœå»ŠåŠå¸‚éœ¸å·å¸‚','area',1,NULL,NULL,NULL),('AreaCode','131082','æ²³åŒ—çœå»ŠåŠå¸‚ä¸‰æ²³å¸‚','area',1,NULL,NULL,NULL),('AreaCode','131100','æ²³åŒ—çœè¡¡æ°´å¸‚','city',1,NULL,NULL,NULL),('AreaCode','131101','æ²³åŒ—çœè¡¡æ°´å¸‚å¸‚è¾–åŒº','area',1,NULL,NULL,NULL),('AreaCode','131102','æ²³åŒ—çœè¡¡æ°´å¸‚æ¡ƒåŸåŒº','area',1,NULL,NULL,NULL),('AreaCode','131103','æ²³åŒ—çœè¡¡æ°´å¸‚å†€å·åŒº','area',1,NULL,NULL,NULL),('AreaCode','131121','æ²³åŒ—çœè¡¡æ°´å¸‚æ£å¼ºå¿','area',1,NULL,NULL,NULL),('AreaCode','131122','æ²³åŒ—çœè¡¡æ°´å¸‚æ­¦é‚‘å¿','area',1,NULL,NULL,NULL),('AreaCode','131123','æ²³åŒ—çœè¡¡æ°´å¸‚æ­¦å¼ºå¿','area',1,NULL,NULL,NULL),('AreaCode','131124','æ²³åŒ—çœè¡¡æ°´å¸‚é¥¶é˜³å¿','area',1,NULL,NULL,NULL),('AreaCode','131125','æ²³åŒ—çœè¡¡æ°´å¸‚å®‰å¹³å¿','area',1,NULL,NULL,NULL),('AreaCode','131126','æ²³åŒ—çœè¡¡æ°´å¸‚æ•…åŸå¿','area',1,NULL,NULL,NULL),('AreaCode','131127','æ²³åŒ—çœè¡¡æ°´å¸‚æ™¯å¿','area',1,NULL,NULL,NULL),('AreaCode','131128','æ²³åŒ—çœè¡¡æ°´å¸‚é˜œåŸå¿','area',1,NULL,NULL,NULL),('AreaCode','131182','æ²³åŒ—çœè¡¡æ°´å¸‚æ·±å·å¸‚','area',1,NULL,NULL,NULL),('AreaCode','139000','æ²³åŒ—çœçœç›´è¾–å¿çº§è¡Œæ”¿åŒºåˆ’','city',1,NULL,NULL,NULL),('AreaCode','139001','æ²³åŒ—çœçœç›´è¾–å¿çº§è¡Œæ”¿åŒºåˆ’å®šå·å¸‚','area',1,NULL,NULL,NULL),('AreaCode','139002','æ²³åŒ—çœçœç›´è¾–å¿çº§è¡Œæ”¿åŒºåˆ’è¾›é›†å¸‚','area',1,NULL,NULL,NULL),('AreaCode','140000','å±±è¥¿çœ','province',1,NULL,NULL,NULL),('AreaCode','140100','å±±è¥¿çœå¤ªåŸå¸‚','city',1,NULL,NULL,NULL),('AreaCode','140101','å±±è¥¿çœå¤ªåŸå¸‚å¸‚è¾–åŒº','area',1,NULL,NULL,NULL),('AreaCode','140105','å±±è¥¿çœå¤ªåŸå¸‚å°åº—åŒº','area',1,NULL,NULL,NULL),('AreaCode','140106','å±±è¥¿çœå¤ªåŸå¸‚è¿æ³½åŒº','area',1,NULL,NULL,NULL),('AreaCode','140107','å±±è¥¿çœå¤ªåŸå¸‚æèŠ±å²­åŒº','area',1,NULL,NULL,NULL),('AreaCode','140108','å±±è¥¿çœå¤ªåŸå¸‚å°–è‰åªåŒº','area',1,NULL,NULL,NULL),('AreaCode','140109','å±±è¥¿çœå¤ªåŸå¸‚ä¸‡æŸæ—åŒº','area',1,NULL,NULL,NULL),('AreaCode','140110','å±±è¥¿çœå¤ªåŸå¸‚æ™‹æºåŒº','area',1,NULL,NULL,NULL),('AreaCode','140121','å±±è¥¿çœå¤ªåŸå¸‚æ¸…å¾å¿','area',1,NULL,NULL,NULL),('AreaCode','140122','å±±è¥¿çœå¤ªåŸå¸‚é˜³æ›²å¿','area',1,NULL,NULL,NULL),('AreaCode','140123','å±±è¥¿çœå¤ªåŸå¸‚å¨„çƒ¦å¿','area',1,NULL,NULL,NULL),('AreaCode','140181','å±±è¥¿çœå¤ªåŸå¸‚å¤äº¤å¸‚','area',1,NULL,NULL,NULL),('AreaCode','140200','å±±è¥¿çœå¤§åŒå¸‚','city',1,NULL,NULL,NULL),('AreaCode','140201','å±±è¥¿çœå¤§åŒå¸‚å¸‚è¾–åŒº','area',1,NULL,NULL,NULL),('AreaCode','140202','å±±è¥¿çœå¤§åŒå¸‚åŸåŒº','area',1,NULL,NULL,NULL),('AreaCode','140203','å±±è¥¿çœå¤§åŒå¸‚çŸ¿åŒº','area',1,NULL,NULL,NULL),('AreaCode','140211','å±±è¥¿çœå¤§åŒå¸‚å—éƒŠåŒº','area',1,NULL,NULL,NULL),('AreaCode','140212','å±±è¥¿çœå¤§åŒå¸‚æ–°è£åŒº','area',1,NULL,NULL,NULL),('AreaCode','140221','å±±è¥¿çœå¤§åŒå¸‚é˜³é«˜å¿','area',1,NULL,NULL,NULL),('AreaCode','140222','å±±è¥¿çœå¤§åŒå¸‚å¤©é•‡å¿','area',1,NULL,NULL,NULL),('AreaCode','140223','å±±è¥¿çœå¤§åŒå¸‚å¹¿çµå¿','area',1,NULL,NULL,NULL),('AreaCode','140224','å±±è¥¿çœå¤§åŒå¸‚çµä¸˜å¿','area',1,NULL,NULL,NULL),('AreaCode','140225','å±±è¥¿çœå¤§åŒå¸‚æµ‘æºå¿','area',1,NULL,NULL,NULL),('AreaCode','140226','å±±è¥¿çœå¤§åŒå¸‚å·¦äº‘å¿','area',1,NULL,NULL,NULL),('AreaCode','140227','å±±è¥¿çœå¤§åŒå¸‚å¤§åŒå¿','area',1,NULL,NULL,NULL),('AreaCode','140300','å±±è¥¿çœé˜³æ³‰å¸‚','city',1,NULL,NULL,NULL),('AreaCode','140301','å±±è¥¿çœé˜³æ³‰å¸‚å¸‚è¾–åŒº','area',1,NULL,NULL,NULL),('AreaCode','140302','å±±è¥¿çœé˜³æ³‰å¸‚åŸåŒº','area',1,NULL,NULL,NULL),('AreaCode','140303','å±±è¥¿çœé˜³æ³‰å¸‚çŸ¿åŒº','area',1,NULL,NULL,NULL),('AreaCode','140311','å±±è¥¿çœé˜³æ³‰å¸‚éƒŠåŒº','area',1,NULL,NULL,NULL),('AreaCode','140321','å±±è¥¿çœé˜³æ³‰å¸‚å¹³å®šå¿','area',1,NULL,NULL,NULL),('AreaCode','140322','å±±è¥¿çœé˜³æ³‰å¸‚ç›‚å¿','area',1,NULL,NULL,NULL),('AreaCode','140400','å±±è¥¿çœé•¿æ²»å¸‚','city',1,NULL,NULL,NULL),('AreaCode','140401','å±±è¥¿çœé•¿æ²»å¸‚å¸‚è¾–åŒº','area',1,NULL,NULL,NULL),('AreaCode','140402','å±±è¥¿çœé•¿æ²»å¸‚åŸåŒº','area',1,NULL,NULL,NULL),('AreaCode','140411','å±±è¥¿çœé•¿æ²»å¸‚éƒŠåŒº','area',1,NULL,NULL,NULL),('AreaCode','140421','å±±è¥¿çœé•¿æ²»å¸‚é•¿æ²»å¿','area',1,NULL,NULL,NULL),('AreaCode','140423','å±±è¥¿çœé•¿æ²»å¸‚è¥„å£å¿','area',1,NULL,NULL,NULL),('AreaCode','140424','å±±è¥¿çœé•¿æ²»å¸‚å±¯ç•™å¿','area',1,NULL,NULL,NULL),('AreaCode','140425','å±±è¥¿çœé•¿æ²»å¸‚å¹³é¡ºå¿','area',1,NULL,NULL,NULL),('AreaCode','140426','å±±è¥¿çœé•¿æ²»å¸‚é»åŸå¿','area',1,NULL,NULL,NULL),('AreaCode','140427','å±±è¥¿çœé•¿æ²»å¸‚å£¶å…³å¿','area',1,NULL,NULL,NULL),('AreaCode','140428','å±±è¥¿çœé•¿æ²»å¸‚é•¿å­å¿','area',1,NULL,NULL,NULL),('AreaCode','140429','å±±è¥¿çœé•¿æ²»å¸‚æ­¦ä¹¡å¿','area',1,NULL,NULL,NULL),('AreaCode','140430','å±±è¥¿çœé•¿æ²»å¸‚æ²å¿','area',1,NULL,NULL,NULL),('AreaCode','140431','å±±è¥¿çœé•¿æ²»å¸‚æ²æºå¿','area',1,NULL,NULL,NULL),('AreaCode','140481','å±±è¥¿çœé•¿æ²»å¸‚æ½åŸå¸‚','area',1,NULL,NULL,NULL),('AreaCode','140500','å±±è¥¿çœæ™‹åŸå¸‚','city',1,NULL,NULL,NULL),('AreaCode','140501','å±±è¥¿çœæ™‹åŸå¸‚å¸‚è¾–åŒº','area',1,NULL,NULL,NULL),('AreaCode','140502','å±±è¥¿çœæ™‹åŸå¸‚åŸåŒº','area',1,NULL,NULL,NULL),('AreaCode','140521','å±±è¥¿çœæ™‹åŸå¸‚æ²æ°´å¿','area',1,NULL,NULL,NULL),('AreaCode','140522','å±±è¥¿çœæ™‹åŸå¸‚é˜³åŸå¿','area',1,NULL,NULL,NULL),('AreaCode','140524','å±±è¥¿çœæ™‹åŸå¸‚é™µå·å¿','area',1,NULL,NULL,NULL),('AreaCode','140525','å±±è¥¿çœæ™‹åŸå¸‚æ³½å·å¿','area',1,NULL,NULL,NULL),('AreaCode','140581','å±±è¥¿çœæ™‹åŸå¸‚é«˜å¹³å¸‚','area',1,NULL,NULL,NULL),('AreaCode','140600','å±±è¥¿çœæœ”å·å¸‚','city',1,NULL,NULL,NULL),('AreaCode','140601','å±±è¥¿çœæœ”å·å¸‚å¸‚è¾–åŒº','area',1,NULL,NULL,NULL),('AreaCode','140602','å±±è¥¿çœæœ”å·å¸‚æœ”åŸåŒº','area',1,NULL,NULL,NULL),('AreaCode','140603','å±±è¥¿çœæœ”å·å¸‚å¹³é²åŒº','area',1,NULL,NULL,NULL),('AreaCode','140621','å±±è¥¿çœæœ”å·å¸‚å±±é˜´å¿','area',1,NULL,NULL,NULL),('AreaCode','140622','å±±è¥¿çœæœ”å·å¸‚åº”å¿','area',1,NULL,NULL,NULL),('AreaCode','140623','å±±è¥¿çœæœ”å·å¸‚å³ç‰å¿','area',1,NULL,NULL,NULL),('AreaCode','140624','å±±è¥¿çœæœ”å·å¸‚æ€€ä»å¿','area',1,NULL,NULL,NULL),('AreaCode','140700','å±±è¥¿çœæ™‹ä¸­å¸‚','city',1,NULL,NULL,NULL),('AreaCode','140701','å±±è¥¿çœæ™‹ä¸­å¸‚å¸‚è¾–åŒº','area',1,NULL,NULL,NULL),('AreaCode','140702','å±±è¥¿çœæ™‹ä¸­å¸‚æ¦†æ¬¡åŒº','area',1,NULL,NULL,NULL),('AreaCode','140721','å±±è¥¿çœæ™‹ä¸­å¸‚æ¦†ç¤¾å¿','area',1,NULL,NULL,NULL),('AreaCode','140722','å±±è¥¿çœæ™‹ä¸­å¸‚å·¦æƒå¿','area',1,NULL,NULL,NULL),('AreaCode','140723','å±±è¥¿çœæ™‹ä¸­å¸‚å’Œé¡ºå¿','area',1,NULL,NULL,NULL),('AreaCode','140724','å±±è¥¿çœæ™‹ä¸­å¸‚æ˜”é˜³å¿','area',1,NULL,NULL,NULL),('AreaCode','140725','å±±è¥¿çœæ™‹ä¸­å¸‚å¯¿é˜³å¿','area',1,NULL,NULL,NULL),('AreaCode','140726','å±±è¥¿çœæ™‹ä¸­å¸‚å¤ªè°·å¿','area',1,NULL,NULL,NULL),('AreaCode','140727','å±±è¥¿çœæ™‹ä¸­å¸‚ç¥å¿','area',1,NULL,NULL,NULL),('AreaCode','140728','å±±è¥¿çœæ™‹ä¸­å¸‚å¹³é¥å¿','area',1,NULL,NULL,NULL),('AreaCode','140729','å±±è¥¿çœæ™‹ä¸­å¸‚çµçŸ³å¿','area',1,NULL,NULL,NULL),('AreaCode','140781','å±±è¥¿çœæ™‹ä¸­å¸‚ä»‹ä¼‘å¸‚','area',1,NULL,NULL,NULL),('AreaCode','140800','å±±è¥¿çœè¿åŸå¸‚','city',1,NULL,NULL,NULL),('AreaCode','140801','å±±è¥¿çœè¿åŸå¸‚å¸‚è¾–åŒº','area',1,NULL,NULL,NULL),('AreaCode','140802','å±±è¥¿çœè¿åŸå¸‚ç›æ¹–åŒº','area',1,NULL,NULL,NULL),('AreaCode','140821','å±±è¥¿çœè¿åŸå¸‚ä¸´çŒ—å¿','area',1,NULL,NULL,NULL),('AreaCode','140822','å±±è¥¿çœè¿åŸå¸‚ä¸‡è£å¿','area',1,NULL,NULL,NULL),('AreaCode','140823','å±±è¥¿çœè¿åŸå¸‚é—»å–œå¿','area',1,NULL,NULL,NULL),('AreaCode','140824','å±±è¥¿çœè¿åŸå¸‚ç¨·å±±å¿','area',1,NULL,NULL,NULL),('AreaCode','140825','å±±è¥¿çœè¿åŸå¸‚æ–°ç»›å¿','area',1,NULL,NULL,NULL),('AreaCode','140826','å±±è¥¿çœè¿åŸå¸‚ç»›å¿','area',1,NULL,NULL,NULL),('AreaCode','140827','å±±è¥¿çœè¿åŸå¸‚å£æ›²å¿','area',1,NULL,NULL,NULL),('AreaCode','140828','å±±è¥¿çœè¿åŸå¸‚å¤å¿','area',1,NULL,NULL,NULL),('AreaCode','140829','å±±è¥¿çœè¿åŸå¸‚å¹³é™†å¿','area',1,NULL,NULL,NULL),('AreaCode','140830','å±±è¥¿çœè¿åŸå¸‚èŠ®åŸå¿','area',1,NULL,NULL,NULL),('AreaCode','140881','å±±è¥¿çœè¿åŸå¸‚æ°¸æµå¸‚','area',1,NULL,NULL,NULL),('AreaCode','140882','å±±è¥¿çœè¿åŸå¸‚æ²³æ´¥å¸‚','area',1,NULL,NULL,NULL),('AreaCode','140900','å±±è¥¿çœå¿»å·å¸‚','city',1,NULL,NULL,NULL),('AreaCode','140901','å±±è¥¿çœå¿»å·å¸‚å¸‚è¾–åŒº','area',1,NULL,NULL,NULL),('AreaCode','140902','å±±è¥¿çœå¿»å·å¸‚å¿»åºœåŒº','area',1,NULL,NULL,NULL),('AreaCode','140921','å±±è¥¿çœå¿»å·å¸‚å®šè¥„å¿','area',1,NULL,NULL,NULL),('AreaCode','140922','å±±è¥¿çœå¿»å·å¸‚äº”å°å¿','area',1,NULL,NULL,NULL),('AreaCode','140923','å±±è¥¿çœå¿»å·å¸‚ä»£å¿','area',1,NULL,NULL,NULL),('AreaCode','140924','å±±è¥¿çœå¿»å·å¸‚ç¹å³™å¿','area',1,NULL,NULL,NULL),('AreaCode','140925','å±±è¥¿çœå¿»å·å¸‚å®æ­¦å¿','area',1,NULL,NULL,NULL),('AreaCode','140926','å±±è¥¿çœå¿»å·å¸‚é™ä¹å¿','area',1,NULL,NULL,NULL),('AreaCode','140927','å±±è¥¿çœå¿»å·å¸‚ç¥æ± å¿','area',1,NULL,NULL,NULL),('AreaCode','140928','å±±è¥¿çœå¿»å·å¸‚äº”å¯¨å¿','area',1,NULL,NULL,NULL),('AreaCode','140929','å±±è¥¿çœå¿»å·å¸‚å²¢å²šå¿','area',1,NULL,NULL,NULL),('AreaCode','140930','å±±è¥¿çœå¿»å·å¸‚æ²³æ›²å¿','area',1,NULL,NULL,NULL),('AreaCode','140931','å±±è¥¿çœå¿»å·å¸‚ä¿å¾·å¿','area',1,NULL,NULL,NULL),('AreaCode','140932','å±±è¥¿çœå¿»å·å¸‚åå…³å¿','area',1,NULL,NULL,NULL),('AreaCode','140981','å±±è¥¿çœå¿»å·å¸‚åŸå¹³å¸‚','area',1,NULL,NULL,NULL),('AreaCode','141000','å±±è¥¿çœä¸´æ±¾å¸‚','city',1,NULL,NULL,NULL),('AreaCode','141001','å±±è¥¿çœä¸´æ±¾å¸‚å¸‚è¾–åŒº','area',1,NULL,NULL,NULL),('AreaCode','141002','å±±è¥¿çœä¸´æ±¾å¸‚å°§éƒ½åŒº','area',1,NULL,NULL,NULL),('AreaCode','141021','å±±è¥¿çœä¸´æ±¾å¸‚æ›²æ²ƒå¿','area',1,NULL,NULL,NULL),('AreaCode','141022','å±±è¥¿çœä¸´æ±¾å¸‚ç¿¼åŸå¿','area',1,NULL,NULL,NULL),('AreaCode','141023','å±±è¥¿çœä¸´æ±¾å¸‚è¥„æ±¾å¿','area',1,NULL,NULL,NULL),('AreaCode','141024','å±±è¥¿çœä¸´æ±¾å¸‚æ´ªæ´å¿','area',1,NULL,NULL,NULL),('AreaCode','141025','å±±è¥¿çœä¸´æ±¾å¸‚å¤å¿','area',1,NULL,NULL,NULL),('AreaCode','141026','å±±è¥¿çœä¸´æ±¾å¸‚å®‰æ³½å¿','area',1,NULL,NULL,NULL),('AreaCode','141027','å±±è¥¿çœä¸´æ±¾å¸‚æµ®å±±å¿','area',1,NULL,NULL,NULL),('AreaCode','141028','å±±è¥¿çœä¸´æ±¾å¸‚å‰å¿','area',1,NULL,NULL,NULL),('AreaCode','141029','å±±è¥¿çœä¸´æ±¾å¸‚ä¹¡å®å¿','area',1,NULL,NULL,NULL),('AreaCode','141030','å±±è¥¿çœä¸´æ±¾å¸‚å¤§å®å¿','area',1,NULL,NULL,NULL),('AreaCode','141031','å±±è¥¿çœä¸´æ±¾å¸‚éš°å¿','area',1,NULL,NULL,NULL),('AreaCode','141032','å±±è¥¿çœä¸´æ±¾å¸‚æ°¸å’Œå¿','area',1,NULL,NULL,NULL),('AreaCode','141033','å±±è¥¿çœä¸´æ±¾å¸‚è’²å¿','area',1,NULL,NULL,NULL),('AreaCode','141034','å±±è¥¿çœä¸´æ±¾å¸‚æ±¾è¥¿å¿','area',1,NULL,NULL,NULL),('AreaCode','141081','å±±è¥¿çœä¸´æ±¾å¸‚ä¾¯é©¬å¸‚','area',1,NULL,NULL,NULL),('AreaCode','141082','å±±è¥¿çœä¸´æ±¾å¸‚éœå·å¸‚','area',1,NULL,NULL,NULL),('AreaCode','141100','å±±è¥¿çœå•æ¢å¸‚','city',1,NULL,NULL,NULL),('AreaCode','141101','å±±è¥¿çœå•æ¢å¸‚å¸‚è¾–åŒº','area',1,NULL,NULL,NULL),('AreaCode','141102','å±±è¥¿çœå•æ¢å¸‚ç¦»çŸ³åŒº','area',1,NULL,NULL,NULL),('AreaCode','141121','å±±è¥¿çœå•æ¢å¸‚æ–‡æ°´å¿','area',1,NULL,NULL,NULL),('AreaCode','141122','å±±è¥¿çœå•æ¢å¸‚äº¤åŸå¿','area',1,NULL,NULL,NULL),('AreaCode','141123','å±±è¥¿çœå•æ¢å¸‚å…´å¿','area',1,NULL,NULL,NULL),('AreaCode','141124','å±±è¥¿çœå•æ¢å¸‚ä¸´å¿','area',1,NULL,NULL,NULL),('AreaCode','141125','å±±è¥¿çœå•æ¢å¸‚æŸ³æ—å¿','area',1,NULL,NULL,NULL),('AreaCode','141126','å±±è¥¿çœå•æ¢å¸‚çŸ³æ¥¼å¿','area',1,NULL,NULL,NULL),('AreaCode','141127','å±±è¥¿çœå•æ¢å¸‚å²šå¿','area',1,NULL,NULL,NULL),('AreaCode','141128','å±±è¥¿çœå•æ¢å¸‚æ–¹å±±å¿','area',1,NULL,NULL,NULL),('AreaCode','141129','å±±è¥¿çœå•æ¢å¸‚ä¸­é˜³å¿','area',1,NULL,NULL,NULL),('AreaCode','141130','å±±è¥¿çœå•æ¢å¸‚äº¤å£å¿','area',1,NULL,NULL,NULL),('AreaCode','141181','å±±è¥¿çœå•æ¢å¸‚å­ä¹‰å¸‚','area',1,NULL,NULL,NULL),('AreaCode','141182','å±±è¥¿çœå•æ¢å¸‚æ±¾é˜³å¸‚','area',1,NULL,NULL,NULL),('AreaCode','150000','å†…è’™å¤è‡ªæ²»åŒº','province',1,NULL,NULL,NULL),('AreaCode','150100','å†…è’™å¤è‡ªæ²»åŒºå‘¼å’Œæµ©ç‰¹å¸‚','city',1,NULL,NULL,NULL),('AreaCode','150101','å†…è’™å¤è‡ªæ²»åŒºå‘¼å’Œæµ©ç‰¹å¸‚å¸‚è¾–åŒº','area',1,NULL,NULL,NULL),('AreaCode','150102','å†…è’™å¤è‡ªæ²»åŒºå‘¼å’Œæµ©ç‰¹å¸‚æ–°åŸåŒº','area',1,NULL,NULL,NULL),('AreaCode','150103','å†…è’™å¤è‡ªæ²»åŒºå‘¼å’Œæµ©ç‰¹å¸‚å›æ°‘åŒº','area',1,NULL,NULL,NULL),('AreaCode','150104','å†…è’™å¤è‡ªæ²»åŒºå‘¼å’Œæµ©ç‰¹å¸‚ç‰æ³‰åŒº','area',1,NULL,NULL,NULL),('AreaCode','150105','å†…è’™å¤è‡ªæ²»åŒºå‘¼å’Œæµ©ç‰¹å¸‚èµ›ç½•åŒº','area',1,NULL,NULL,NULL),('AreaCode','150121','å†…è’™å¤è‡ªæ²»åŒºå‘¼å’Œæµ©ç‰¹å¸‚åœŸé»˜ç‰¹å·¦æ——','area',1,NULL,NULL,NULL),('AreaCode','150122','å†…è’™å¤è‡ªæ²»åŒºå‘¼å’Œæµ©ç‰¹å¸‚æ‰˜å…‹æ‰˜å¿','area',1,NULL,NULL,NULL),('AreaCode','150123','å†…è’™å¤è‡ªæ²»åŒºå‘¼å’Œæµ©ç‰¹å¸‚å’Œæ—æ ¼å°”å¿','area',1,NULL,NULL,NULL),('AreaCode','150124','å†…è’™å¤è‡ªæ²»åŒºå‘¼å’Œæµ©ç‰¹å¸‚æ¸…æ°´æ²³å¿','area',1,NULL,NULL,NULL),('AreaCode','150125','å†…è’™å¤è‡ªæ²»åŒºå‘¼å’Œæµ©ç‰¹å¸‚æ­¦å·å¿','area',1,NULL,NULL,NULL),('AreaCode','150200','å†…è’™å¤è‡ªæ²»åŒºåŒ…å¤´å¸‚','city',1,NULL,NULL,NULL),('AreaCode','150201','å†…è’™å¤è‡ªæ²»åŒºåŒ…å¤´å¸‚å¸‚è¾–åŒº','area',1,NULL,NULL,NULL),('AreaCode','150202','å†…è’™å¤è‡ªæ²»åŒºåŒ…å¤´å¸‚ä¸œæ²³åŒº','area',1,NULL,NULL,NULL),('AreaCode','150203','å†…è’™å¤è‡ªæ²»åŒºåŒ…å¤´å¸‚æ˜†éƒ½ä»‘åŒº','area',1,NULL,NULL,NULL),('AreaCode','150204','å†…è’™å¤è‡ªæ²»åŒºåŒ…å¤´å¸‚é’å±±åŒº','area',1,NULL,NULL,NULL),('AreaCode','150205','å†…è’™å¤è‡ªæ²»åŒºåŒ…å¤´å¸‚çŸ³æ‹åŒº','area',1,NULL,NULL,NULL),('AreaCode','150206','å†…è’™å¤è‡ªæ²»åŒºåŒ…å¤´å¸‚ç™½äº‘é„‚åšçŸ¿åŒº','area',1,NULL,NULL,NULL),('AreaCode','150207','å†…è’™å¤è‡ªæ²»åŒºåŒ…å¤´å¸‚ä¹åŸåŒº','area',1,NULL,NULL,NULL),('AreaCode','150221','å†…è’™å¤è‡ªæ²»åŒºåŒ…å¤´å¸‚åœŸé»˜ç‰¹å³æ——','area',1,NULL,NULL,NULL),('AreaCode','150222','å†…è’™å¤è‡ªæ²»åŒºåŒ…å¤´å¸‚å›ºé˜³å¿','area',1,NULL,NULL,NULL),('AreaCode','150223','å†…è’™å¤è‡ªæ²»åŒºåŒ…å¤´å¸‚è¾¾å°”ç½•èŒ‚æ˜å®‰è”åˆæ——','area',1,NULL,NULL,NULL),('AreaCode','150300','å†…è’™å¤è‡ªæ²»åŒºä¹Œæµ·å¸‚','city',1,NULL,NULL,NULL),('AreaCode','150301','å†…è’™å¤è‡ªæ²»åŒºä¹Œæµ·å¸‚å¸‚è¾–åŒº','area',1,NULL,NULL,NULL),('AreaCode','150302','å†…è’™å¤è‡ªæ²»åŒºä¹Œæµ·å¸‚æµ·å‹ƒæ¹¾åŒº','area',1,NULL,NULL,NULL),('AreaCode','150303','å†…è’™å¤è‡ªæ²»åŒºä¹Œæµ·å¸‚æµ·å—åŒº','area',1,NULL,NULL,NULL),('AreaCode','150304','å†…è’™å¤è‡ªæ²»åŒºä¹Œæµ·å¸‚ä¹Œè¾¾åŒº','area',1,NULL,NULL,NULL),('AreaCode','150400','å†…è’™å¤è‡ªæ²»åŒºèµ¤å³°å¸‚','city',1,NULL,NULL,NULL),('AreaCode','150401','å†…è’™å¤è‡ªæ²»åŒºèµ¤å³°å¸‚å¸‚è¾–åŒº','area',1,NULL,NULL,NULL),('AreaCode','150402','å†…è’™å¤è‡ªæ²»åŒºèµ¤å³°å¸‚çº¢å±±åŒº','area',1,NULL,NULL,NULL),('AreaCode','150403','å†…è’™å¤è‡ªæ²»åŒºèµ¤å³°å¸‚å…ƒå®å±±åŒº','area',1,NULL,NULL,NULL),('AreaCode','150404','å†…è’™å¤è‡ªæ²»åŒºèµ¤å³°å¸‚æ¾å±±åŒº','area',1,NULL,NULL,NULL),('AreaCode','150421','å†…è’™å¤è‡ªæ²»åŒºèµ¤å³°å¸‚é˜¿é²ç§‘å°”æ²æ——','area',1,NULL,NULL,NULL),('AreaCode','150422','å†…è’™å¤è‡ªæ²»åŒºèµ¤å³°å¸‚å·´æ—å·¦æ——','area',1,NULL,NULL,NULL),('AreaCode','150423','å†…è’™å¤è‡ªæ²»åŒºèµ¤å³°å¸‚å·´æ—å³æ——','area',1,NULL,NULL,NULL),('AreaCode','150424','å†…è’™å¤è‡ªæ²»åŒºèµ¤å³°å¸‚æ—è¥¿å¿','area',1,NULL,NULL,NULL),('AreaCode','150425','å†…è’™å¤è‡ªæ²»åŒºèµ¤å³°å¸‚å…‹ä»€å…‹è…¾æ——','area',1,NULL,NULL,NULL),('AreaCode','150426','å†…è’™å¤è‡ªæ²»åŒºèµ¤å³°å¸‚ç¿ç‰›ç‰¹æ——','area',1,NULL,NULL,NULL),('AreaCode','150428','å†…è’™å¤è‡ªæ²»åŒºèµ¤å³°å¸‚å–€å–‡æ²æ——','area',1,NULL,NULL,NULL),('AreaCode','150429','å†…è’™å¤è‡ªæ²»åŒºèµ¤å³°å¸‚å®åŸå¿','area',1,NULL,NULL,NULL),('AreaCode','150430','å†…è’™å¤è‡ªæ²»åŒºèµ¤å³°å¸‚æ•–æ±‰æ——','area',1,NULL,NULL,NULL),('AreaCode','150500','å†…è’™å¤è‡ªæ²»åŒºé€šè¾½å¸‚','city',1,NULL,NULL,NULL),('AreaCode','150501','å†…è’™å¤è‡ªæ²»åŒºé€šè¾½å¸‚å¸‚è¾–åŒº','area',1,NULL,NULL,NULL),('AreaCode','150502','å†…è’™å¤è‡ªæ²»åŒºé€šè¾½å¸‚ç§‘å°”æ²åŒº','area',1,NULL,NULL,NULL),('AreaCode','150521','å†…è’™å¤è‡ªæ²»åŒºé€šè¾½å¸‚ç§‘å°”æ²å·¦ç¿¼ä¸­æ——','area',1,NULL,NULL,NULL),('AreaCode','150522','å†…è’™å¤è‡ªæ²»åŒºé€šè¾½å¸‚ç§‘å°”æ²å·¦ç¿¼åæ——','area',1,NULL,NULL,NULL),('AreaCode','150523','å†…è’™å¤è‡ªæ²»åŒºé€šè¾½å¸‚å¼€é²å¿','area',1,NULL,NULL,NULL),('AreaCode','150524','å†…è’™å¤è‡ªæ²»åŒºé€šè¾½å¸‚åº“ä¼¦æ——','area',1,NULL,NULL,NULL),('AreaCode','150525','å†…è’™å¤è‡ªæ²»åŒºé€šè¾½å¸‚å¥ˆæ›¼æ——','area',1,NULL,NULL,NULL),('AreaCode','150526','å†…è’™å¤è‡ªæ²»åŒºé€šè¾½å¸‚æ‰é²ç‰¹æ——','area',1,NULL,NULL,NULL),('AreaCode','150581','å†…è’™å¤è‡ªæ²»åŒºé€šè¾½å¸‚éœæ—éƒ­å‹’å¸‚','area',1,NULL,NULL,NULL),('AreaCode','150600','å†…è’™å¤è‡ªæ²»åŒºé„‚å°”å¤šæ–¯å¸‚','city',1,NULL,NULL,NULL),('AreaCode','150601','å†…è’™å¤è‡ªæ²»åŒºé„‚å°”å¤šæ–¯å¸‚å¸‚è¾–åŒº','area',1,NULL,NULL,NULL),('AreaCode','150602','å†…è’™å¤è‡ªæ²»åŒºé„‚å°”å¤šæ–¯å¸‚ä¸œèƒœåŒº','area',1,NULL,NULL,NULL),('AreaCode','150603','å†…è’™å¤è‡ªæ²»åŒºé„‚å°”å¤šæ–¯å¸‚åº·å·´ä»€åŒº','area',1,NULL,NULL,NULL),('AreaCode','150621','å†…è’™å¤è‡ªæ²»åŒºé„‚å°”å¤šæ–¯å¸‚è¾¾æ‹‰ç‰¹æ——','area',1,NULL,NULL,NULL),('AreaCode','150622','å†…è’™å¤è‡ªæ²»åŒºé„‚å°”å¤šæ–¯å¸‚å‡†æ ¼å°”æ——','area',1,NULL,NULL,NULL),('AreaCode','150623','å†…è’™å¤è‡ªæ²»åŒºé„‚å°”å¤šæ–¯å¸‚é„‚æ‰˜å…‹å‰æ——','area',1,NULL,NULL,NULL),('AreaCode','150624','å†…è’™å¤è‡ªæ²»åŒºé„‚å°”å¤šæ–¯å¸‚é„‚æ‰˜å…‹æ——','area',1,NULL,NULL,NULL),('AreaCode','150625','å†…è’™å¤è‡ªæ²»åŒºé„‚å°”å¤šæ–¯å¸‚æ­é”¦æ——','area',1,NULL,NULL,NULL),('AreaCode','150626','å†…è’™å¤è‡ªæ²»åŒºé„‚å°”å¤šæ–¯å¸‚ä¹Œå®¡æ——','area',1,NULL,NULL,NULL),('AreaCode','150627','å†…è’™å¤è‡ªæ²»åŒºé„‚å°”å¤šæ–¯å¸‚ä¼Šé‡‘éœæ´›æ——','area',1,NULL,NULL,NULL),('AreaCode','150700','å†…è’™å¤è‡ªæ²»åŒºå‘¼ä¼¦è´å°”å¸‚','city',1,NULL,NULL,NULL),('AreaCode','150701','å†…è’™å¤è‡ªæ²»åŒºå‘¼ä¼¦è´å°”å¸‚å¸‚è¾–åŒº','area',1,NULL,NULL,NULL),('AreaCode','150702','å†…è’™å¤è‡ªæ²»åŒºå‘¼ä¼¦è´å°”å¸‚æµ·æ‹‰å°”åŒº','area',1,NULL,NULL,NULL),('AreaCode','150703','å†…è’™å¤è‡ªæ²»åŒºå‘¼ä¼¦è´å°”å¸‚æ‰èµ‰è¯ºå°”åŒº','area',1,NULL,NULL,NULL),('AreaCode','150721','å†…è’™å¤è‡ªæ²»åŒºå‘¼ä¼¦è´å°”å¸‚é˜¿è£æ——','area',1,NULL,NULL,NULL),('AreaCode','150722','å†…è’™å¤è‡ªæ²»åŒºå‘¼ä¼¦è´å°”å¸‚è«åŠ›è¾¾ç“¦è¾¾æ–¡å°”æ—è‡ªæ²»æ——','area',1,NULL,NULL,NULL),('AreaCode','150723','å†…è’™å¤è‡ªæ²»åŒºå‘¼ä¼¦è´å°”å¸‚é„‚ä¼¦æ˜¥è‡ªæ²»æ——','area',1,NULL,NULL,NULL),('AreaCode','150724','å†…è’™å¤è‡ªæ²»åŒºå‘¼ä¼¦è´å°”å¸‚é„‚æ¸©å…‹æ—è‡ªæ²»æ——','area',1,NULL,NULL,NULL),('AreaCode','150725','å†…è’™å¤è‡ªæ²»åŒºå‘¼ä¼¦è´å°”å¸‚é™ˆå·´å°”è™æ——','area',1,NULL,NULL,NULL),('AreaCode','150726','å†…è’™å¤è‡ªæ²»åŒºå‘¼ä¼¦è´å°”å¸‚æ–°å·´å°”è™å·¦æ——','area',1,NULL,NULL,NULL),('AreaCode','150727','å†…è’™å¤è‡ªæ²»åŒºå‘¼ä¼¦è´å°”å¸‚æ–°å·´å°”è™å³æ——','area',1,NULL,NULL,NULL),('AreaCode','150781','å†…è’™å¤è‡ªæ²»åŒºå‘¼ä¼¦è´å°”å¸‚æ»¡æ´²é‡Œå¸‚','area',1,NULL,NULL,NULL),('AreaCode','150782','å†…è’™å¤è‡ªæ²»åŒºå‘¼ä¼¦è´å°”å¸‚ç‰™å…‹çŸ³å¸‚','area',1,NULL,NULL,NULL),('AreaCode','150783','å†…è’™å¤è‡ªæ²»åŒºå‘¼ä¼¦è´å°”å¸‚æ‰å…°å±¯å¸‚','area',1,NULL,NULL,NULL),('AreaCode','150784','å†…è’™å¤è‡ªæ²»åŒºå‘¼ä¼¦è´å°”å¸‚é¢å°”å¤çº³å¸‚','area',1,NULL,NULL,NULL),('AreaCode','150785','å†…è’™å¤è‡ªæ²»åŒºå‘¼ä¼¦è´å°”å¸‚æ ¹æ²³å¸‚','area',1,NULL,NULL,NULL),('AreaCode','150800','å†…è’™å¤è‡ªæ²»åŒºå·´å½¦æ·–å°”å¸‚','city',1,NULL,NULL,NULL),('AreaCode','150801','å†…è’™å¤è‡ªæ²»åŒºå·´å½¦æ·–å°”å¸‚å¸‚è¾–åŒº','area',1,NULL,NULL,NULL),('AreaCode','150802','å†…è’™å¤è‡ªæ²»åŒºå·´å½¦æ·–å°”å¸‚ä¸´æ²³åŒº','area',1,NULL,NULL,NULL),('AreaCode','150821','å†…è’™å¤è‡ªæ²»åŒºå·´å½¦æ·–å°”å¸‚äº”åŸå¿','area',1,NULL,NULL,NULL),('AreaCode','150822','å†…è’™å¤è‡ªæ²»åŒºå·´å½¦æ·–å°”å¸‚ç£´å£å¿','area',1,NULL,NULL,NULL),('AreaCode','150823','å†…è’™å¤è‡ªæ²»åŒºå·´å½¦æ·–å°”å¸‚ä¹Œæ‹‰ç‰¹å‰æ——','area',1,NULL,NULL,NULL),('AreaCode','150824','å†…è’™å¤è‡ªæ²»åŒºå·´å½¦æ·–å°”å¸‚ä¹Œæ‹‰ç‰¹ä¸­æ——','area',1,NULL,NULL,NULL),('AreaCode','150825','å†…è’™å¤è‡ªæ²»åŒºå·´å½¦æ·–å°”å¸‚ä¹Œæ‹‰ç‰¹åæ——','area',1,NULL,NULL,NULL),('AreaCode','150826','å†…è’™å¤è‡ªæ²»åŒºå·´å½¦æ·–å°”å¸‚æ­é”¦åæ——','area',1,NULL,NULL,NULL),('AreaCode','150900','å†…è’™å¤è‡ªæ²»åŒºä¹Œå…°å¯Ÿå¸ƒå¸‚','city',1,NULL,NULL,NULL),('AreaCode','150901','å†…è’™å¤è‡ªæ²»åŒºä¹Œå…°å¯Ÿå¸ƒå¸‚å¸‚è¾–åŒº','area',1,NULL,NULL,NULL),('AreaCode','150902','å†…è’™å¤è‡ªæ²»åŒºä¹Œå…°å¯Ÿå¸ƒå¸‚é›†å®åŒº','area',1,NULL,NULL,NULL),('AreaCode','150921','å†…è’™å¤è‡ªæ²»åŒºä¹Œå…°å¯Ÿå¸ƒå¸‚å“èµ„å¿','area',1,NULL,NULL,NULL),('AreaCode','150922','å†…è’™å¤è‡ªæ²»åŒºä¹Œå…°å¯Ÿå¸ƒå¸‚åŒ–å¾·å¿','area',1,NULL,NULL,NULL),('AreaCode','150923','å†…è’™å¤è‡ªæ²»åŒºä¹Œå…°å¯Ÿå¸ƒå¸‚å•†éƒ½å¿','area',1,NULL,NULL,NULL),('AreaCode','150924','å†…è’™å¤è‡ªæ²»åŒºä¹Œå…°å¯Ÿå¸ƒå¸‚å…´å’Œå¿','area',1,NULL,NULL,NULL),('AreaCode','150925','å†…è’™å¤è‡ªæ²»åŒºä¹Œå…°å¯Ÿå¸ƒå¸‚å‡‰åŸå¿','area',1,NULL,NULL,NULL),('AreaCode','150926','å†…è’™å¤è‡ªæ²»åŒºä¹Œå…°å¯Ÿå¸ƒå¸‚å¯Ÿå“ˆå°”å³ç¿¼å‰æ——','area',1,NULL,NULL,NULL),('AreaCode','150927','å†…è’™å¤è‡ªæ²»åŒºä¹Œå…°å¯Ÿå¸ƒå¸‚å¯Ÿå“ˆå°”å³ç¿¼ä¸­æ——','area',1,NULL,NULL,NULL),('AreaCode','150928','å†…è’™å¤è‡ªæ²»åŒºä¹Œå…°å¯Ÿå¸ƒå¸‚å¯Ÿå“ˆå°”å³ç¿¼åæ——','area',1,NULL,NULL,NULL),('AreaCode','150929','å†…è’™å¤è‡ªæ²»åŒºä¹Œå…°å¯Ÿå¸ƒå¸‚å››å­ç‹æ——','area',1,NULL,NULL,NULL),('AreaCode','150981','å†…è’™å¤è‡ªæ²»åŒºä¹Œå…°å¯Ÿå¸ƒå¸‚ä¸°é•‡å¸‚','area',1,NULL,NULL,NULL),('AreaCode','152200','å†…è’™å¤è‡ªæ²»åŒºå…´å®‰ç›Ÿ','city',1,NULL,NULL,NULL),('AreaCode','152201','å†…è’™å¤è‡ªæ²»åŒºå…´å®‰ç›Ÿä¹Œå…°æµ©ç‰¹å¸‚','area',1,NULL,NULL,NULL),('AreaCode','152202','å†…è’™å¤è‡ªæ²»åŒºå…´å®‰ç›Ÿé˜¿å°”å±±å¸‚','area',1,NULL,NULL,NULL),('AreaCode','152221','å†…è’™å¤è‡ªæ²»åŒºå…´å®‰ç›Ÿç§‘å°”æ²å³ç¿¼å‰æ——','area',1,NULL,NULL,NULL),('AreaCode','152222','å†…è’™å¤è‡ªæ²»åŒºå…´å®‰ç›Ÿç§‘å°”æ²å³ç¿¼ä¸­æ——','area',1,NULL,NULL,NULL),('AreaCode','152223','å†…è’™å¤è‡ªæ²»åŒºå…´å®‰ç›Ÿæ‰èµ‰ç‰¹æ——','area',1,NULL,NULL,NULL),('AreaCode','152224','å†…è’™å¤è‡ªæ²»åŒºå…´å®‰ç›Ÿçªæ³‰å¿','area',1,NULL,NULL,NULL),('AreaCode','152500','å†…è’™å¤è‡ªæ²»åŒºé”¡æ—éƒ­å‹’ç›Ÿ','city',1,NULL,NULL,NULL),('AreaCode','152501','å†…è’™å¤è‡ªæ²»åŒºé”¡æ—éƒ­å‹’ç›ŸäºŒè¿æµ©ç‰¹å¸‚','area',1,NULL,NULL,NULL),('AreaCode','152502','å†…è’™å¤è‡ªæ²»åŒºé”¡æ—éƒ­å‹’ç›Ÿé”¡æ—æµ©ç‰¹å¸‚','area',1,NULL,NULL,NULL),('AreaCode','152522','å†…è’™å¤è‡ªæ²»åŒºé”¡æ—éƒ­å‹’ç›Ÿé˜¿å·´å˜æ——','area',1,NULL,NULL,NULL),('AreaCode','152523','å†…è’™å¤è‡ªæ²»åŒºé”¡æ—éƒ­å‹’ç›Ÿè‹å°¼ç‰¹å·¦æ——','area',1,NULL,NULL,NULL),('AreaCode','152524','å†…è’™å¤è‡ªæ²»åŒºé”¡æ—éƒ­å‹’ç›Ÿè‹å°¼ç‰¹å³æ——','area',1,NULL,NULL,NULL),('AreaCode','152525','å†…è’™å¤è‡ªæ²»åŒºé”¡æ—éƒ­å‹’ç›Ÿä¸œä¹Œç ç©†æ²æ——','area',1,NULL,NULL,NULL),('AreaCode','152526','å†…è’™å¤è‡ªæ²»åŒºé”¡æ—éƒ­å‹’ç›Ÿè¥¿ä¹Œç ç©†æ²æ——','area',1,NULL,NULL,NULL),('AreaCode','152527','å†…è’™å¤è‡ªæ²»åŒºé”¡æ—éƒ­å‹’ç›Ÿå¤ªä»†å¯ºæ——','area',1,NULL,NULL,NULL),('AreaCode','152528','å†…è’™å¤è‡ªæ²»åŒºé”¡æ—éƒ­å‹’ç›Ÿé•¶é»„æ——','area',1,NULL,NULL,NULL),('AreaCode','152529','å†…è’™å¤è‡ªæ²»åŒºé”¡æ—éƒ­å‹’ç›Ÿæ­£é•¶ç™½æ——','area',1,NULL,NULL,NULL),('AreaCode','152530','å†…è’™å¤è‡ªæ²»åŒºé”¡æ—éƒ­å‹’ç›Ÿæ­£è“æ——','area',1,NULL,NULL,NULL),('AreaCode','152531','å†…è’™å¤è‡ªæ²»åŒºé”¡æ—éƒ­å‹’ç›Ÿå¤šä¼¦å¿','area',1,NULL,NULL,NULL),('AreaCode','152900','å†…è’™å¤è‡ªæ²»åŒºé˜¿æ‹‰å–„ç›Ÿ','city',1,NULL,NULL,NULL),('AreaCode','152921','å†…è’™å¤è‡ªæ²»åŒºé˜¿æ‹‰å–„ç›Ÿé˜¿æ‹‰å–„å·¦æ——','area',1,NULL,NULL,NULL),('AreaCode','152922','å†…è’™å¤è‡ªæ²»åŒºé˜¿æ‹‰å–„ç›Ÿé˜¿æ‹‰å–„å³æ——','area',1,NULL,NULL,NULL),('AreaCode','152923','å†…è’™å¤è‡ªæ²»åŒºé˜¿æ‹‰å–„ç›Ÿé¢æµçº³æ——','area',1,NULL,NULL,NULL),('AreaCode','210000','è¾½å®çœ','province',1,NULL,NULL,NULL),('AreaCode','210100','è¾½å®çœæ²ˆé˜³å¸‚','city',1,NULL,NULL,NULL),('AreaCode','210101','è¾½å®çœæ²ˆé˜³å¸‚å¸‚è¾–åŒº','area',1,NULL,NULL,NULL),('AreaCode','210102','è¾½å®çœæ²ˆé˜³å¸‚å’Œå¹³åŒº','area',1,NULL,NULL,NULL),('AreaCode','210103','è¾½å®çœæ²ˆé˜³å¸‚æ²ˆæ²³åŒº','area',1,NULL,NULL,NULL),('AreaCode','210104','è¾½å®çœæ²ˆé˜³å¸‚å¤§ä¸œåŒº','area',1,NULL,NULL,NULL),('AreaCode','210105','è¾½å®çœæ²ˆé˜³å¸‚çš‡å§‘åŒº','area',1,NULL,NULL,NULL),('AreaCode','210106','è¾½å®çœæ²ˆé˜³å¸‚é“è¥¿åŒº','area',1,NULL,NULL,NULL),('AreaCode','210111','è¾½å®çœæ²ˆé˜³å¸‚è‹å®¶å±¯åŒº','area',1,NULL,NULL,NULL),('AreaCode','210112','è¾½å®çœæ²ˆé˜³å¸‚æµ‘å—åŒº','area',1,NULL,NULL,NULL),('AreaCode','210113','è¾½å®çœæ²ˆé˜³å¸‚æ²ˆåŒ—æ–°åŒº','area',1,NULL,NULL,NULL),('AreaCode','210114','è¾½å®çœæ²ˆé˜³å¸‚äºæ´ªåŒº','area',1,NULL,NULL,NULL),('AreaCode','210115','è¾½å®çœæ²ˆé˜³å¸‚è¾½ä¸­åŒº','area',1,NULL,NULL,NULL),('AreaCode','210123','è¾½å®çœæ²ˆé˜³å¸‚åº·å¹³å¿','area',1,NULL,NULL,NULL),('AreaCode','210124','è¾½å®çœæ²ˆé˜³å¸‚æ³•åº“å¿','area',1,NULL,NULL,NULL),('AreaCode','210181','è¾½å®çœæ²ˆé˜³å¸‚æ–°æ°‘å¸‚','area',1,NULL,NULL,NULL),('AreaCode','210200','è¾½å®çœå¤§è¿å¸‚','city',1,NULL,NULL,NULL),('AreaCode','210201','è¾½å®çœå¤§è¿å¸‚å¸‚è¾–åŒº','area',1,NULL,NULL,NULL),('AreaCode','210202','è¾½å®çœå¤§è¿å¸‚ä¸­å±±åŒº','area',1,NULL,NULL,NULL),('AreaCode','210203','è¾½å®çœå¤§è¿å¸‚è¥¿å²—åŒº','area',1,NULL,NULL,NULL),('AreaCode','210204','è¾½å®çœå¤§è¿å¸‚æ²™æ²³å£åŒº','area',1,NULL,NULL,NULL),('AreaCode','210211','è¾½å®çœå¤§è¿å¸‚ç”˜äº•å­åŒº','area',1,NULL,NULL,NULL),('AreaCode','210212','è¾½å®çœå¤§è¿å¸‚æ—…é¡ºå£åŒº','area',1,NULL,NULL,NULL),('AreaCode','210213','è¾½å®çœå¤§è¿å¸‚é‡‘å·åŒº','area',1,NULL,NULL,NULL),('AreaCode','210214','è¾½å®çœå¤§è¿å¸‚æ™®å…°åº—åŒº','area',1,NULL,NULL,NULL),('AreaCode','210224','è¾½å®çœå¤§è¿å¸‚é•¿æµ·å¿','area',1,NULL,NULL,NULL),('AreaCode','210281','è¾½å®çœå¤§è¿å¸‚ç“¦æˆ¿åº—å¸‚','area',1,NULL,NULL,NULL),('AreaCode','210283','è¾½å®çœå¤§è¿å¸‚åº„æ²³å¸‚','area',1,NULL,NULL,NULL),('AreaCode','210300','è¾½å®çœéå±±å¸‚','city',1,NULL,NULL,NULL),('AreaCode','210301','è¾½å®çœéå±±å¸‚å¸‚è¾–åŒº','area',1,NULL,NULL,NULL),('AreaCode','210302','è¾½å®çœéå±±å¸‚é“ä¸œåŒº','area',1,NULL,NULL,NULL),('AreaCode','210303','è¾½å®çœéå±±å¸‚é“è¥¿åŒº','area',1,NULL,NULL,NULL),('AreaCode','210304','è¾½å®çœéå±±å¸‚ç«‹å±±åŒº','area',1,NULL,NULL,NULL),('AreaCode','210311','è¾½å®çœéå±±å¸‚åƒå±±åŒº','area',1,NULL,NULL,NULL),('AreaCode','210321','è¾½å®çœéå±±å¸‚å°å®‰å¿','area',1,NULL,NULL,NULL),('AreaCode','210323','è¾½å®çœéå±±å¸‚å²«å²©æ»¡æ—è‡ªæ²»å¿','area',1,NULL,NULL,NULL),('AreaCode','210381','è¾½å®çœéå±±å¸‚æµ·åŸå¸‚','area',1,NULL,NULL,NULL),('AreaCode','210400','è¾½å®çœæŠšé¡ºå¸‚','city',1,NULL,NULL,NULL),('AreaCode','210401','è¾½å®çœæŠšé¡ºå¸‚å¸‚è¾–åŒº','area',1,NULL,NULL,NULL),('AreaCode','210402','è¾½å®çœæŠšé¡ºå¸‚æ–°æŠšåŒº','area',1,NULL,NULL,NULL),('AreaCode','210403','è¾½å®çœæŠšé¡ºå¸‚ä¸œæ´²åŒº','area',1,NULL,NULL,NULL),('AreaCode','210404','è¾½å®çœæŠšé¡ºå¸‚æœ›èŠ±åŒº','area',1,NULL,NULL,NULL),('AreaCode','210411','è¾½å®çœæŠšé¡ºå¸‚é¡ºåŸåŒº','area',1,NULL,NULL,NULL),('AreaCode','210421','è¾½å®çœæŠšé¡ºå¸‚æŠšé¡ºå¿','area',1,NULL,NULL,NULL),('AreaCode','210422','è¾½å®çœæŠšé¡ºå¸‚æ–°å®¾æ»¡æ—è‡ªæ²»å¿','area',1,NULL,NULL,NULL),('AreaCode','210423','è¾½å®çœæŠšé¡ºå¸‚æ¸…åŸæ»¡æ—è‡ªæ²»å¿','area',1,NULL,NULL,NULL),('AreaCode','210500','è¾½å®çœæœ¬æºªå¸‚','city',1,NULL,NULL,NULL),('AreaCode','210501','è¾½å®çœæœ¬æºªå¸‚å¸‚è¾–åŒº','area',1,NULL,NULL,NULL),('AreaCode','210502','è¾½å®çœæœ¬æºªå¸‚å¹³å±±åŒº','area',1,NULL,NULL,NULL),('AreaCode','210503','è¾½å®çœæœ¬æºªå¸‚æºªæ¹–åŒº','area',1,NULL,NULL,NULL),('AreaCode','210504','è¾½å®çœæœ¬æºªå¸‚æ˜å±±åŒº','area',1,NULL,NULL,NULL),('AreaCode','210505','è¾½å®çœæœ¬æºªå¸‚å—èŠ¬åŒº','area',1,NULL,NULL,NULL),('AreaCode','210521','è¾½å®çœæœ¬æºªå¸‚æœ¬æºªæ»¡æ—è‡ªæ²»å¿','area',1,NULL,NULL,NULL),('AreaCode','210522','è¾½å®çœæœ¬æºªå¸‚æ¡“ä»æ»¡æ—è‡ªæ²»å¿','area',1,NULL,NULL,NULL),('AreaCode','210600','è¾½å®çœä¸¹ä¸œå¸‚','city',1,NULL,NULL,NULL),('AreaCode','210601','è¾½å®çœä¸¹ä¸œå¸‚å¸‚è¾–åŒº','area',1,NULL,NULL,NULL),('AreaCode','210602','è¾½å®çœä¸¹ä¸œå¸‚å…ƒå®åŒº','area',1,NULL,NULL,NULL),('AreaCode','210603','è¾½å®çœä¸¹ä¸œå¸‚æŒ¯å…´åŒº','area',1,NULL,NULL,NULL),('AreaCode','210604','è¾½å®çœä¸¹ä¸œå¸‚æŒ¯å®‰åŒº','area',1,NULL,NULL,NULL),('AreaCode','210624','è¾½å®çœä¸¹ä¸œå¸‚å®½ç”¸æ»¡æ—è‡ªæ²»å¿','area',1,NULL,NULL,NULL),('AreaCode','210681','è¾½å®çœä¸¹ä¸œå¸‚ä¸œæ¸¯å¸‚','area',1,NULL,NULL,NULL),('AreaCode','210682','è¾½å®çœä¸¹ä¸œå¸‚å‡¤åŸå¸‚','area',1,NULL,NULL,NULL),('AreaCode','210700','è¾½å®çœé”¦å·å¸‚','city',1,NULL,NULL,NULL),('AreaCode','210701','è¾½å®çœé”¦å·å¸‚å¸‚è¾–åŒº','area',1,NULL,NULL,NULL),('AreaCode','210702','è¾½å®çœé”¦å·å¸‚å¤å¡”åŒº','area',1,NULL,NULL,NULL),('AreaCode','210703','è¾½å®çœé”¦å·å¸‚å‡Œæ²³åŒº','area',1,NULL,NULL,NULL),('AreaCode','210711','è¾½å®çœé”¦å·å¸‚å¤ªå’ŒåŒº','area',1,NULL,NULL,NULL),('AreaCode','210726','è¾½å®çœé”¦å·å¸‚é»‘å±±å¿','area',1,NULL,NULL,NULL),('AreaCode','210727','è¾½å®çœé”¦å·å¸‚ä¹‰å¿','area',1,NULL,NULL,NULL),('AreaCode','210781','è¾½å®çœé”¦å·å¸‚å‡Œæµ·å¸‚','area',1,NULL,NULL,NULL),('AreaCode','210782','è¾½å®çœé”¦å·å¸‚åŒ—é•‡å¸‚','area',1,NULL,NULL,NULL),('AreaCode','210800','è¾½å®çœè¥å£å¸‚','city',1,NULL,NULL,NULL),('AreaCode','210801','è¾½å®çœè¥å£å¸‚å¸‚è¾–åŒº','area',1,NULL,NULL,NULL),('AreaCode','210802','è¾½å®çœè¥å£å¸‚ç«™å‰åŒº','area',1,NULL,NULL,NULL),('AreaCode','210803','è¾½å®çœè¥å£å¸‚è¥¿å¸‚åŒº','area',1,NULL,NULL,NULL),('AreaCode','210804','è¾½å®çœè¥å£å¸‚é²…é±¼åœˆåŒº','area',1,NULL,NULL,NULL),('AreaCode','210811','è¾½å®çœè¥å£å¸‚è€è¾¹åŒº','area',1,NULL,NULL,NULL),('AreaCode','210881','è¾½å®çœè¥å£å¸‚ç›–å·å¸‚','area',1,NULL,NULL,NULL),('AreaCode','210882','è¾½å®çœè¥å£å¸‚å¤§çŸ³æ¡¥å¸‚','area',1,NULL,NULL,NULL),('AreaCode','210900','è¾½å®çœé˜œæ–°å¸‚','city',1,NULL,NULL,NULL),('AreaCode','210901','è¾½å®çœé˜œæ–°å¸‚å¸‚è¾–åŒº','area',1,NULL,NULL,NULL),('AreaCode','210902','è¾½å®çœé˜œæ–°å¸‚æµ·å·åŒº','area',1,NULL,NULL,NULL),('AreaCode','210903','è¾½å®çœé˜œæ–°å¸‚æ–°é‚±åŒº','area',1,NULL,NULL,NULL),('AreaCode','210904','è¾½å®çœé˜œæ–°å¸‚å¤ªå¹³åŒº','area',1,NULL,NULL,NULL),('AreaCode','210905','è¾½å®çœé˜œæ–°å¸‚æ¸…æ²³é—¨åŒº','area',1,NULL,NULL,NULL),('AreaCode','210911','è¾½å®çœé˜œæ–°å¸‚ç»†æ²³åŒº','area',1,NULL,NULL,NULL),('AreaCode','210921','è¾½å®çœé˜œæ–°å¸‚é˜œæ–°è’™å¤æ—è‡ªæ²»å¿','area',1,NULL,NULL,NULL),('AreaCode','210922','è¾½å®çœé˜œæ–°å¸‚å½°æ­¦å¿','area',1,NULL,NULL,NULL),('AreaCode','211000','è¾½å®çœè¾½é˜³å¸‚','city',1,NULL,NULL,NULL),('AreaCode','211001','è¾½å®çœè¾½é˜³å¸‚å¸‚è¾–åŒº','area',1,NULL,NULL,NULL),('AreaCode','211002','è¾½å®çœè¾½é˜³å¸‚ç™½å¡”åŒº','area',1,NULL,NULL,NULL),('AreaCode','211003','è¾½å®çœè¾½é˜³å¸‚æ–‡åœ£åŒº','area',1,NULL,NULL,NULL),('AreaCode','211004','è¾½å®çœè¾½é˜³å¸‚å®ä¼ŸåŒº','area',1,NULL,NULL,NULL),('AreaCode','211005','è¾½å®çœè¾½é˜³å¸‚å¼“é•¿å²­åŒº','area',1,NULL,NULL,NULL),('AreaCode','211011','è¾½å®çœè¾½é˜³å¸‚å¤ªå­æ²³åŒº','area',1,NULL,NULL,NULL),('AreaCode','211021','è¾½å®çœè¾½é˜³å¸‚è¾½é˜³å¿','area',1,NULL,NULL,NULL),('AreaCode','211081','è¾½å®çœè¾½é˜³å¸‚ç¯å¡”å¸‚','area',1,NULL,NULL,NULL),('AreaCode','211100','è¾½å®çœç›˜é”¦å¸‚','city',1,NULL,NULL,NULL),('AreaCode','211101','è¾½å®çœç›˜é”¦å¸‚å¸‚è¾–åŒº','area',1,NULL,NULL,NULL),('AreaCode','211102','è¾½å®çœç›˜é”¦å¸‚åŒå°å­åŒº','area',1,NULL,NULL,NULL),('AreaCode','211103','è¾½å®çœç›˜é”¦å¸‚å…´éš†å°åŒº','area',1,NULL,NULL,NULL),('AreaCode','211104','è¾½å®çœç›˜é”¦å¸‚å¤§æ´¼åŒº','area',1,NULL,NULL,NULL),('AreaCode','211122','è¾½å®çœç›˜é”¦å¸‚ç›˜å±±å¿','area',1,NULL,NULL,NULL),('AreaCode','211200','è¾½å®çœé“å²­å¸‚','city',1,NULL,NULL,NULL),('AreaCode','211201','è¾½å®çœé“å²­å¸‚å¸‚è¾–åŒº','area',1,NULL,NULL,NULL),('AreaCode','211202','è¾½å®çœé“å²­å¸‚é“¶å·åŒº','area',1,NULL,NULL,NULL),('AreaCode','211204','è¾½å®çœé“å²­å¸‚æ¸…æ²³åŒº','area',1,NULL,NULL,NULL),('AreaCode','211221','è¾½å®çœé“å²­å¸‚é“å²­å¿','area',1,NULL,NULL,NULL),('AreaCode','211223','è¾½å®çœé“å²­å¸‚è¥¿ä¸°å¿','area',1,NULL,NULL,NULL),('AreaCode','211224','è¾½å®çœé“å²­å¸‚æ˜Œå›¾å¿','area',1,NULL,NULL,NULL),('AreaCode','211281','è¾½å®çœé“å²­å¸‚è°ƒå…µå±±å¸‚','area',1,NULL,NULL,NULL),('AreaCode','211282','è¾½å®çœé“å²­å¸‚å¼€åŸå¸‚','area',1,NULL,NULL,NULL),('AreaCode','211300','è¾½å®çœæœé˜³å¸‚','city',1,NULL,NULL,NULL),('AreaCode','211301','è¾½å®çœæœé˜³å¸‚å¸‚è¾–åŒº','area',1,NULL,NULL,NULL),('AreaCode','211302','è¾½å®çœæœé˜³å¸‚åŒå¡”åŒº','area',1,NULL,NULL,NULL),('AreaCode','211303','è¾½å®çœæœé˜³å¸‚é¾™åŸåŒº','area',1,NULL,NULL,NULL),('AreaCode','211321','è¾½å®çœæœé˜³å¸‚æœé˜³å¿','area',1,NULL,NULL,NULL),('AreaCode','211322','è¾½å®çœæœé˜³å¸‚å»ºå¹³å¿','area',1,NULL,NULL,NULL),('AreaCode','211324','è¾½å®çœæœé˜³å¸‚å–€å–‡æ²å·¦ç¿¼è’™å¤æ—è‡ªæ²»å¿','area',1,NULL,NULL,NULL),('AreaCode','211381','è¾½å®çœæœé˜³å¸‚åŒ—ç¥¨å¸‚','area',1,NULL,NULL,NULL),('AreaCode','211382','è¾½å®çœæœé˜³å¸‚å‡Œæºå¸‚','area',1,NULL,NULL,NULL),('AreaCode','211400','è¾½å®çœè‘«èŠ¦å²›å¸‚','city',1,NULL,NULL,NULL),('AreaCode','211401','è¾½å®çœè‘«èŠ¦å²›å¸‚å¸‚è¾–åŒº','area',1,NULL,NULL,NULL),('AreaCode','211402','è¾½å®çœè‘«èŠ¦å²›å¸‚è¿å±±åŒº','area',1,NULL,NULL,NULL),('AreaCode','211403','è¾½å®çœè‘«èŠ¦å²›å¸‚é¾™æ¸¯åŒº','area',1,NULL,NULL,NULL),('AreaCode','211404','è¾½å®çœè‘«èŠ¦å²›å¸‚å—ç¥¨åŒº','area',1,NULL,NULL,NULL),('AreaCode','211421','è¾½å®çœè‘«èŠ¦å²›å¸‚ç»¥ä¸­å¿','area',1,NULL,NULL,NULL),('AreaCode','211422','è¾½å®çœè‘«èŠ¦å²›å¸‚å»ºæ˜Œå¿','area',1,NULL,NULL,NULL),('AreaCode','211481','è¾½å®çœè‘«èŠ¦å²›å¸‚å…´åŸå¸‚','area',1,NULL,NULL,NULL),('AreaCode','220000','å‰æ—çœ','province',1,NULL,NULL,NULL),('AreaCode','220100','å‰æ—çœé•¿æ˜¥å¸‚','city',1,NULL,NULL,NULL),('AreaCode','220101','å‰æ—çœé•¿æ˜¥å¸‚å¸‚è¾–åŒº','area',1,NULL,NULL,NULL),('AreaCode','220102','å‰æ—çœé•¿æ˜¥å¸‚å—å…³åŒº','area',1,NULL,NULL,NULL),('AreaCode','220103','å‰æ—çœé•¿æ˜¥å¸‚å®½åŸåŒº','area',1,NULL,NULL,NULL),('AreaCode','220104','å‰æ—çœé•¿æ˜¥å¸‚æœé˜³åŒº','area',1,NULL,NULL,NULL),('AreaCode','220105','å‰æ—çœé•¿æ˜¥å¸‚äºŒé“åŒº','area',1,NULL,NULL,NULL),('AreaCode','220106','å‰æ—çœé•¿æ˜¥å¸‚ç»¿å›­åŒº','area',1,NULL,NULL,NULL),('AreaCode','220112','å‰æ—çœé•¿æ˜¥å¸‚åŒé˜³åŒº','area',1,NULL,NULL,NULL),('AreaCode','220113','å‰æ—çœé•¿æ˜¥å¸‚ä¹å°åŒº','area',1,NULL,NULL,NULL),('AreaCode','220122','å‰æ—çœé•¿æ˜¥å¸‚å†œå®‰å¿','area',1,NULL,NULL,NULL),('AreaCode','220182','å‰æ—çœé•¿æ˜¥å¸‚æ¦†æ ‘å¸‚','area',1,NULL,NULL,NULL),('AreaCode','220183','å‰æ—çœé•¿æ˜¥å¸‚å¾·æƒ å¸‚','area',1,NULL,NULL,NULL),('AreaCode','220200','å‰æ—çœå‰æ—å¸‚','city',1,NULL,NULL,NULL),('AreaCode','220201','å‰æ—çœå‰æ—å¸‚å¸‚è¾–åŒº','area',1,NULL,NULL,NULL),('AreaCode','220202','å‰æ—çœå‰æ—å¸‚æ˜Œé‚‘åŒº','area',1,NULL,NULL,NULL),('AreaCode','220203','å‰æ—çœå‰æ—å¸‚é¾™æ½­åŒº','area',1,NULL,NULL,NULL),('AreaCode','220204','å‰æ—çœå‰æ—å¸‚èˆ¹è¥åŒº','area',1,NULL,NULL,NULL),('AreaCode','220211','å‰æ—çœå‰æ—å¸‚ä¸°æ»¡åŒº','area',1,NULL,NULL,NULL),('AreaCode','220221','å‰æ—çœå‰æ—å¸‚æ°¸å‰å¿','area',1,NULL,NULL,NULL),('AreaCode','220281','å‰æ—çœå‰æ—å¸‚è›Ÿæ²³å¸‚','area',1,NULL,NULL,NULL),('AreaCode','220282','å‰æ—çœå‰æ—å¸‚æ¡¦ç”¸å¸‚','area',1,NULL,NULL,NULL),('AreaCode','220283','å‰æ—çœå‰æ—å¸‚èˆ’å…°å¸‚','area',1,NULL,NULL,NULL),('AreaCode','220284','å‰æ—çœå‰æ—å¸‚ç£çŸ³å¸‚','area',1,NULL,NULL,NULL),('AreaCode','220300','å‰æ—çœå››å¹³å¸‚','city',1,NULL,NULL,NULL),('AreaCode','220301','å‰æ—çœå››å¹³å¸‚å¸‚è¾–åŒº','area',1,NULL,NULL,NULL),('AreaCode','220302','å‰æ—çœå››å¹³å¸‚é“è¥¿åŒº','area',1,NULL,NULL,NULL),('AreaCode','220303','å‰æ—çœå››å¹³å¸‚é“ä¸œåŒº','area',1,NULL,NULL,NULL),('AreaCode','220322','å‰æ—çœå››å¹³å¸‚æ¢¨æ ‘å¿','area',1,NULL,NULL,NULL),('AreaCode','220323','å‰æ—çœå››å¹³å¸‚ä¼Šé€šæ»¡æ—è‡ªæ²»å¿','area',1,NULL,NULL,NULL),('AreaCode','220381','å‰æ—çœå››å¹³å¸‚å…¬ä¸»å²­å¸‚','area',1,NULL,NULL,NULL),('AreaCode','220382','å‰æ—çœå››å¹³å¸‚åŒè¾½å¸‚','area',1,NULL,NULL,NULL),('AreaCode','220400','å‰æ—çœè¾½æºå¸‚','city',1,NULL,NULL,NULL),('AreaCode','220401','å‰æ—çœè¾½æºå¸‚å¸‚è¾–åŒº','area',1,NULL,NULL,NULL),('AreaCode','220402','å‰æ—çœè¾½æºå¸‚é¾™å±±åŒº','area',1,NULL,NULL,NULL),('AreaCode','220403','å‰æ—çœè¾½æºå¸‚è¥¿å®‰åŒº','area',1,NULL,NULL,NULL),('AreaCode','220421','å‰æ—çœè¾½æºå¸‚ä¸œä¸°å¿','area',1,NULL,NULL,NULL),('AreaCode','220422','å‰æ—çœè¾½æºå¸‚ä¸œè¾½å¿','area',1,NULL,NULL,NULL),('AreaCode','220500','å‰æ—çœé€šåŒ–å¸‚','city',1,NULL,NULL,NULL),('AreaCode','220501','å‰æ—çœé€šåŒ–å¸‚å¸‚è¾–åŒº','area',1,NULL,NULL,NULL),('AreaCode','220502','å‰æ—çœé€šåŒ–å¸‚ä¸œæ˜ŒåŒº','area',1,NULL,NULL,NULL),('AreaCode','220503','å‰æ—çœé€šåŒ–å¸‚äºŒé“æ±ŸåŒº','area',1,NULL,NULL,NULL),('AreaCode','220521','å‰æ—çœé€šåŒ–å¸‚é€šåŒ–å¿','area',1,NULL,NULL,NULL),('AreaCode','220523','å‰æ—çœé€šåŒ–å¸‚è¾‰å—å¿','area',1,NULL,NULL,NULL),('AreaCode','220524','å‰æ—çœé€šåŒ–å¸‚æŸ³æ²³å¿','area',1,NULL,NULL,NULL),('AreaCode','220581','å‰æ—çœé€šåŒ–å¸‚æ¢…æ²³å£å¸‚','area',1,NULL,NULL,NULL),('AreaCode','220582','å‰æ—çœé€šåŒ–å¸‚é›†å®‰å¸‚','area',1,NULL,NULL,NULL),('AreaCode','220600','å‰æ—çœç™½å±±å¸‚','city',1,NULL,NULL,NULL),('AreaCode','220601','å‰æ—çœç™½å±±å¸‚å¸‚è¾–åŒº','area',1,NULL,NULL,NULL),('AreaCode','220602','å‰æ—çœç™½å±±å¸‚æµ‘æ±ŸåŒº','area',1,NULL,NULL,NULL),('AreaCode','220605','å‰æ—çœç™½å±±å¸‚æ±ŸæºåŒº','area',1,NULL,NULL,NULL),('AreaCode','220621','å‰æ—çœç™½å±±å¸‚æŠšæ¾å¿','area',1,NULL,NULL,NULL),('AreaCode','220622','å‰æ—çœç™½å±±å¸‚é–å®‡å¿','area',1,NULL,NULL,NULL),('AreaCode','220623','å‰æ—çœç™½å±±å¸‚é•¿ç™½æœé²œæ—è‡ªæ²»å¿','area',1,NULL,NULL,NULL),('AreaCode','220681','å‰æ—çœç™½å±±å¸‚ä¸´æ±Ÿå¸‚','area',1,NULL,NULL,NULL),('AreaCode','220700','å‰æ—çœæ¾åŸå¸‚','city',1,NULL,NULL,NULL),('AreaCode','220701','å‰æ—çœæ¾åŸå¸‚å¸‚è¾–åŒº','area',1,NULL,NULL,NULL),('AreaCode','220702','å‰æ—çœæ¾åŸå¸‚å®æ±ŸåŒº','area',1,NULL,NULL,NULL),('AreaCode','220721','å‰æ—çœæ¾åŸå¸‚å‰éƒ­å°”ç½—æ–¯è’™å¤æ—è‡ªæ²»å¿','area',1,NULL,NULL,NULL),('AreaCode','220722','å‰æ—çœæ¾åŸå¸‚é•¿å²­å¿','area',1,NULL,NULL,NULL),('AreaCode','220723','å‰æ—çœæ¾åŸå¸‚ä¹¾å®‰å¿','area',1,NULL,NULL,NULL),('AreaCode','220781','å‰æ—çœæ¾åŸå¸‚æ‰¶ä½™å¸‚','area',1,NULL,NULL,NULL),('AreaCode','220800','å‰æ—çœç™½åŸå¸‚','city',1,NULL,NULL,NULL),('AreaCode','220801','å‰æ—çœç™½åŸå¸‚å¸‚è¾–åŒº','area',1,NULL,NULL,NULL),('AreaCode','220802','å‰æ—çœç™½åŸå¸‚æ´®åŒ—åŒº','area',1,NULL,NULL,NULL),('AreaCode','220821','å‰æ—çœç™½åŸå¸‚é•‡èµ‰å¿','area',1,NULL,NULL,NULL),('AreaCode','220822','å‰æ—çœç™½åŸå¸‚é€šæ¦†å¿','area',1,NULL,NULL,NULL),('AreaCode','220881','å‰æ—çœç™½åŸå¸‚æ´®å—å¸‚','area',1,NULL,NULL,NULL),('AreaCode','220882','å‰æ—çœç™½åŸå¸‚å¤§å®‰å¸‚','area',1,NULL,NULL,NULL),('AreaCode','222400','å‰æ—çœå»¶è¾¹æœé²œæ—è‡ªæ²»å·','city',1,NULL,NULL,NULL),('AreaCode','222401','å‰æ—çœå»¶è¾¹æœé²œæ—è‡ªæ²»å·å»¶å‰å¸‚','area',1,NULL,NULL,NULL),('AreaCode','222402','å‰æ—çœå»¶è¾¹æœé²œæ—è‡ªæ²»å·å›¾ä»¬å¸‚','area',1,NULL,NULL,NULL),('AreaCode','222403','å‰æ—çœå»¶è¾¹æœé²œæ—è‡ªæ²»å·æ•¦åŒ–å¸‚','area',1,NULL,NULL,NULL),('AreaCode','222404','å‰æ—çœå»¶è¾¹æœé²œæ—è‡ªæ²»å·ç²æ˜¥å¸‚','area',1,NULL,NULL,NULL),('AreaCode','222405','å‰æ—çœå»¶è¾¹æœé²œæ—è‡ªæ²»å·é¾™äº•å¸‚','area',1,NULL,NULL,NULL),('AreaCode','222406','å‰æ—çœå»¶è¾¹æœé²œæ—è‡ªæ²»å·å’Œé¾™å¸‚','area',1,NULL,NULL,NULL),('AreaCode','222424','å‰æ—çœå»¶è¾¹æœé²œæ—è‡ªæ²»å·æ±ªæ¸…å¿','area',1,NULL,NULL,NULL),('AreaCode','222426','å‰æ—çœå»¶è¾¹æœé²œæ—è‡ªæ²»å·å®‰å›¾å¿','area',1,NULL,NULL,NULL),('AreaCode','230000','é»‘é¾™æ±Ÿçœ','province',1,NULL,NULL,NULL),('AreaCode','230100','é»‘é¾™æ±Ÿçœå“ˆå°”æ»¨å¸‚','city',1,NULL,NULL,NULL),('AreaCode','230101','é»‘é¾™æ±Ÿçœå“ˆå°”æ»¨å¸‚å¸‚è¾–åŒº','area',1,NULL,NULL,NULL),('AreaCode','230102','é»‘é¾™æ±Ÿçœå“ˆå°”æ»¨å¸‚é“é‡ŒåŒº','area',1,NULL,NULL,NULL),('AreaCode','230103','é»‘é¾™æ±Ÿçœå“ˆå°”æ»¨å¸‚å—å²—åŒº','area',1,NULL,NULL,NULL),('AreaCode','230104','é»‘é¾™æ±Ÿçœå“ˆå°”æ»¨å¸‚é“å¤–åŒº','area',1,NULL,NULL,NULL),('AreaCode','230108','é»‘é¾™æ±Ÿçœå“ˆå°”æ»¨å¸‚å¹³æˆ¿åŒº','area',1,NULL,NULL,NULL),('AreaCode','230109','é»‘é¾™æ±Ÿçœå“ˆå°”æ»¨å¸‚æ¾åŒ—åŒº','area',1,NULL,NULL,NULL),('AreaCode','230110','é»‘é¾™æ±Ÿçœå“ˆå°”æ»¨å¸‚é¦™åŠåŒº','area',1,NULL,NULL,NULL),('AreaCode','230111','é»‘é¾™æ±Ÿçœå“ˆå°”æ»¨å¸‚å‘¼å…°åŒº','area',1,NULL,NULL,NULL),('AreaCode','230112','é»‘é¾™æ±Ÿçœå“ˆå°”æ»¨å¸‚é˜¿åŸåŒº','area',1,NULL,NULL,NULL),('AreaCode','230113','é»‘é¾™æ±Ÿçœå“ˆå°”æ»¨å¸‚åŒåŸåŒº','area',1,NULL,NULL,NULL),('AreaCode','230123','é»‘é¾™æ±Ÿçœå“ˆå°”æ»¨å¸‚ä¾å…°å¿','area',1,NULL,NULL,NULL),('AreaCode','230124','é»‘é¾™æ±Ÿçœå“ˆå°”æ»¨å¸‚æ–¹æ­£å¿','area',1,NULL,NULL,NULL),('AreaCode','230125','é»‘é¾™æ±Ÿçœå“ˆå°”æ»¨å¸‚å®¾å¿','area',1,NULL,NULL,NULL),('AreaCode','230126','é»‘é¾™æ±Ÿçœå“ˆå°”æ»¨å¸‚å·´å½¦å¿','area',1,NULL,NULL,NULL),('AreaCode','230127','é»‘é¾™æ±Ÿçœå“ˆå°”æ»¨å¸‚æœ¨å…°å¿','area',1,NULL,NULL,NULL),('AreaCode','230128','é»‘é¾™æ±Ÿçœå“ˆå°”æ»¨å¸‚é€šæ²³å¿','area',1,NULL,NULL,NULL),('AreaCode','230129','é»‘é¾™æ±Ÿçœå“ˆå°”æ»¨å¸‚å»¶å¯¿å¿','area',1,NULL,NULL,NULL),('AreaCode','230183','é»‘é¾™æ±Ÿçœå“ˆå°”æ»¨å¸‚å°šå¿—å¸‚','area',1,NULL,NULL,NULL),('AreaCode','230184','é»‘é¾™æ±Ÿçœå“ˆå°”æ»¨å¸‚äº”å¸¸å¸‚','area',1,NULL,NULL,NULL),('AreaCode','230200','é»‘é¾™æ±Ÿçœé½é½å“ˆå°”å¸‚','city',1,NULL,NULL,NULL),('AreaCode','230201','é»‘é¾™æ±Ÿçœé½é½å“ˆå°”å¸‚å¸‚è¾–åŒº','area',1,NULL,NULL,NULL),('AreaCode','230202','é»‘é¾™æ±Ÿçœé½é½å“ˆå°”å¸‚é¾™æ²™åŒº','area',1,NULL,NULL,NULL),('AreaCode','230203','é»‘é¾™æ±Ÿçœé½é½å“ˆå°”å¸‚å»ºååŒº','area',1,NULL,NULL,NULL),('AreaCode','230204','é»‘é¾™æ±Ÿçœé½é½å“ˆå°”å¸‚é“é”‹åŒº','area',1,NULL,NULL,NULL),('AreaCode','230205','é»‘é¾™æ±Ÿçœé½é½å“ˆå°”å¸‚æ˜‚æ˜‚æºªåŒº','area',1,NULL,NULL,NULL),('AreaCode','230206','é»‘é¾™æ±Ÿçœé½é½å“ˆå°”å¸‚å¯Œæ‹‰å°”åŸºåŒº','area',1,NULL,NULL,NULL),('AreaCode','230207','é»‘é¾™æ±Ÿçœé½é½å“ˆå°”å¸‚ç¢¾å­å±±åŒº','area',1,NULL,NULL,NULL),('AreaCode','230208','é»‘é¾™æ±Ÿçœé½é½å“ˆå°”å¸‚æ¢…é‡Œæ–¯è¾¾æ–¡å°”æ—åŒº','area',1,NULL,NULL,NULL),('AreaCode','230221','é»‘é¾™æ±Ÿçœé½é½å“ˆå°”å¸‚é¾™æ±Ÿå¿','area',1,NULL,NULL,NULL),('AreaCode','230223','é»‘é¾™æ±Ÿçœé½é½å“ˆå°”å¸‚ä¾å®‰å¿','area',1,NULL,NULL,NULL),('AreaCode','230224','é»‘é¾™æ±Ÿçœé½é½å“ˆå°”å¸‚æ³°æ¥å¿','area',1,NULL,NULL,NULL),('AreaCode','230225','é»‘é¾™æ±Ÿçœé½é½å“ˆå°”å¸‚ç”˜å—å¿','area',1,NULL,NULL,NULL),('AreaCode','230227','é»‘é¾™æ±Ÿçœé½é½å“ˆå°”å¸‚å¯Œè£•å¿','area',1,NULL,NULL,NULL),('AreaCode','230229','é»‘é¾™æ±Ÿçœé½é½å“ˆå°”å¸‚å…‹å±±å¿','area',1,NULL,NULL,NULL),('AreaCode','230230','é»‘é¾™æ±Ÿçœé½é½å“ˆå°”å¸‚å…‹ä¸œå¿','area',1,NULL,NULL,NULL),('AreaCode','230231','é»‘é¾™æ±Ÿçœé½é½å“ˆå°”å¸‚æ‹œæ³‰å¿','area',1,NULL,NULL,NULL),('AreaCode','230281','é»‘é¾™æ±Ÿçœé½é½å“ˆå°”å¸‚è®·æ²³å¸‚','area',1,NULL,NULL,NULL),('AreaCode','230300','é»‘é¾™æ±Ÿçœé¸¡è¥¿å¸‚','city',1,NULL,NULL,NULL),('AreaCode','230301','é»‘é¾™æ±Ÿçœé¸¡è¥¿å¸‚å¸‚è¾–åŒº','area',1,NULL,NULL,NULL),('AreaCode','230302','é»‘é¾™æ±Ÿçœé¸¡è¥¿å¸‚é¸¡å† åŒº','area',1,NULL,NULL,NULL),('AreaCode','230303','é»‘é¾™æ±Ÿçœé¸¡è¥¿å¸‚æ’å±±åŒº','area',1,NULL,NULL,NULL),('AreaCode','230304','é»‘é¾™æ±Ÿçœé¸¡è¥¿å¸‚æ»´é“åŒº','area',1,NULL,NULL,NULL),('AreaCode','230305','é»‘é¾™æ±Ÿçœé¸¡è¥¿å¸‚æ¢¨æ ‘åŒº','area',1,NULL,NULL,NULL),('AreaCode','230306','é»‘é¾™æ±Ÿçœé¸¡è¥¿å¸‚åŸå­æ²³åŒº','area',1,NULL,NULL,NULL),('AreaCode','230307','é»‘é¾™æ±Ÿçœé¸¡è¥¿å¸‚éº»å±±åŒº','area',1,NULL,NULL,NULL),('AreaCode','230321','é»‘é¾™æ±Ÿçœé¸¡è¥¿å¸‚é¸¡ä¸œå¿','area',1,NULL,NULL,NULL),('AreaCode','230381','é»‘é¾™æ±Ÿçœé¸¡è¥¿å¸‚è™æ—å¸‚','area',1,NULL,NULL,NULL),('AreaCode','230382','é»‘é¾™æ±Ÿçœé¸¡è¥¿å¸‚å¯†å±±å¸‚','area',1,NULL,NULL,NULL),('AreaCode','230400','é»‘é¾™æ±Ÿçœé¹¤å²—å¸‚','city',1,NULL,NULL,NULL),('AreaCode','230401','é»‘é¾™æ±Ÿçœé¹¤å²—å¸‚å¸‚è¾–åŒº','area',1,NULL,NULL,NULL),('AreaCode','230402','é»‘é¾™æ±Ÿçœé¹¤å²—å¸‚å‘é˜³åŒº','area',1,NULL,NULL,NULL),('AreaCode','230403','é»‘é¾™æ±Ÿçœé¹¤å²—å¸‚å·¥å†œåŒº','area',1,NULL,NULL,NULL),('AreaCode','230404','é»‘é¾™æ±Ÿçœé¹¤å²—å¸‚å—å±±åŒº','area',1,NULL,NULL,NULL),('AreaCode','230405','é»‘é¾™æ±Ÿçœé¹¤å²—å¸‚å…´å®‰åŒº','area',1,NULL,NULL,NULL),('AreaCode','230406','é»‘é¾™æ±Ÿçœé¹¤å²—å¸‚ä¸œå±±åŒº','area',1,NULL,NULL,NULL),('AreaCode','230407','é»‘é¾™æ±Ÿçœé¹¤å²—å¸‚å…´å±±åŒº','area',1,NULL,NULL,NULL),('AreaCode','230421','é»‘é¾™æ±Ÿçœé¹¤å²—å¸‚èåŒ—å¿','area',1,NULL,NULL,NULL),('AreaCode','230422','é»‘é¾™æ±Ÿçœé¹¤å²—å¸‚ç»¥æ»¨å¿','area',1,NULL,NULL,NULL),('AreaCode','230500','é»‘é¾™æ±ŸçœåŒé¸­å±±å¸‚','city',1,NULL,NULL,NULL),('AreaCode','230501','é»‘é¾™æ±ŸçœåŒé¸­å±±å¸‚å¸‚è¾–åŒº','area',1,NULL,NULL,NULL),('AreaCode','230502','é»‘é¾™æ±ŸçœåŒé¸­å±±å¸‚å°–å±±åŒº','area',1,NULL,NULL,NULL),('AreaCode','230503','é»‘é¾™æ±ŸçœåŒé¸­å±±å¸‚å²­ä¸œåŒº','area',1,NULL,NULL,NULL),('AreaCode','230505','é»‘é¾™æ±ŸçœåŒé¸­å±±å¸‚å››æ–¹å°åŒº','area',1,NULL,NULL,NULL),('AreaCode','230506','é»‘é¾™æ±ŸçœåŒé¸­å±±å¸‚å®å±±åŒº','area',1,NULL,NULL,NULL),('AreaCode','230521','é»‘é¾™æ±ŸçœåŒé¸­å±±å¸‚é›†è´¤å¿','area',1,NULL,NULL,NULL),('AreaCode','230522','é»‘é¾™æ±ŸçœåŒé¸­å±±å¸‚å‹è°Šå¿','area',1,NULL,NULL,NULL),('AreaCode','230523','é»‘é¾™æ±ŸçœåŒé¸­å±±å¸‚å®æ¸…å¿','area',1,NULL,NULL,NULL),('AreaCode','230524','é»‘é¾™æ±ŸçœåŒé¸­å±±å¸‚é¥¶æ²³å¿','area',1,NULL,NULL,NULL),('AreaCode','230600','é»‘é¾™æ±Ÿçœå¤§åº†å¸‚','city',1,NULL,NULL,NULL),('AreaCode','230601','é»‘é¾™æ±Ÿçœå¤§åº†å¸‚å¸‚è¾–åŒº','area',1,NULL,NULL,NULL),('AreaCode','230602','é»‘é¾™æ±Ÿçœå¤§åº†å¸‚è¨å°”å›¾åŒº','area',1,NULL,NULL,NULL),('AreaCode','230603','é»‘é¾™æ±Ÿçœå¤§åº†å¸‚é¾™å‡¤åŒº','area',1,NULL,NULL,NULL),('AreaCode','230604','é»‘é¾™æ±Ÿçœå¤§åº†å¸‚è®©èƒ¡è·¯åŒº','area',1,NULL,NULL,NULL),('AreaCode','230605','é»‘é¾™æ±Ÿçœå¤§åº†å¸‚çº¢å²—åŒº','area',1,NULL,NULL,NULL),('AreaCode','230606','é»‘é¾™æ±Ÿçœå¤§åº†å¸‚å¤§åŒåŒº','area',1,NULL,NULL,NULL),('AreaCode','230621','é»‘é¾™æ±Ÿçœå¤§åº†å¸‚è‚‡å·å¿','area',1,NULL,NULL,NULL),('AreaCode','230622','é»‘é¾™æ±Ÿçœå¤§åº†å¸‚è‚‡æºå¿','area',1,NULL,NULL,NULL),('AreaCode','230623','é»‘é¾™æ±Ÿçœå¤§åº†å¸‚æ—ç”¸å¿','area',1,NULL,NULL,NULL),('AreaCode','230624','é»‘é¾™æ±Ÿçœå¤§åº†å¸‚æœå°”ä¼¯ç‰¹è’™å¤æ—è‡ªæ²»å¿','area',1,NULL,NULL,NULL),('AreaCode','230700','é»‘é¾™æ±Ÿçœä¼Šæ˜¥å¸‚','city',1,NULL,NULL,NULL),('AreaCode','230701','é»‘é¾™æ±Ÿçœä¼Šæ˜¥å¸‚å¸‚è¾–åŒº','area',1,NULL,NULL,NULL),('AreaCode','230702','é»‘é¾™æ±Ÿçœä¼Šæ˜¥å¸‚ä¼Šæ˜¥åŒº','area',1,NULL,NULL,NULL),('AreaCode','230703','é»‘é¾™æ±Ÿçœä¼Šæ˜¥å¸‚å—å²”åŒº','area',1,NULL,NULL,NULL),('AreaCode','230704','é»‘é¾™æ±Ÿçœä¼Šæ˜¥å¸‚å‹å¥½åŒº','area',1,NULL,NULL,NULL),('AreaCode','230705','é»‘é¾™æ±Ÿçœä¼Šæ˜¥å¸‚è¥¿æ—åŒº','area',1,NULL,NULL,NULL),('AreaCode','230706','é»‘é¾™æ±Ÿçœä¼Šæ˜¥å¸‚ç¿ å³¦åŒº','area',1,NULL,NULL,NULL),('AreaCode','230707','é»‘é¾™æ±Ÿçœä¼Šæ˜¥å¸‚æ–°é’åŒº','area',1,NULL,NULL,NULL),('AreaCode','230708','é»‘é¾™æ±Ÿçœä¼Šæ˜¥å¸‚ç¾æºªåŒº','area',1,NULL,NULL,NULL),('AreaCode','230709','é»‘é¾™æ±Ÿçœä¼Šæ˜¥å¸‚é‡‘å±±å±¯åŒº','area',1,NULL,NULL,NULL),('AreaCode','230710','é»‘é¾™æ±Ÿçœä¼Šæ˜¥å¸‚äº”è¥åŒº','area',1,NULL,NULL,NULL),('AreaCode','230711','é»‘é¾™æ±Ÿçœä¼Šæ˜¥å¸‚ä¹Œé©¬æ²³åŒº','area',1,NULL,NULL,NULL),('AreaCode','230712','é»‘é¾™æ±Ÿçœä¼Šæ˜¥å¸‚æ±¤æ—ºæ²³åŒº','area',1,NULL,NULL,NULL),('AreaCode','230713','é»‘é¾™æ±Ÿçœä¼Šæ˜¥å¸‚å¸¦å²­åŒº','area',1,NULL,NULL,NULL),('AreaCode','230714','é»‘é¾™æ±Ÿçœä¼Šæ˜¥å¸‚ä¹Œä¼Šå²­åŒº','area',1,NULL,NULL,NULL),('AreaCode','230715','é»‘é¾™æ±Ÿçœä¼Šæ˜¥å¸‚çº¢æ˜ŸåŒº','area',1,NULL,NULL,NULL),('AreaCode','230716','é»‘é¾™æ±Ÿçœä¼Šæ˜¥å¸‚ä¸Šç”˜å²­åŒº','area',1,NULL,NULL,NULL),('AreaCode','230722','é»‘é¾™æ±Ÿçœä¼Šæ˜¥å¸‚å˜‰è«å¿','area',1,NULL,NULL,NULL),('AreaCode','230781','é»‘é¾™æ±Ÿçœä¼Šæ˜¥å¸‚é“åŠ›å¸‚','area',1,NULL,NULL,NULL),('AreaCode','230800','é»‘é¾™æ±Ÿçœä½³æœ¨æ–¯å¸‚','city',1,NULL,NULL,NULL),('AreaCode','230801','é»‘é¾™æ±Ÿçœä½³æœ¨æ–¯å¸‚å¸‚è¾–åŒº','area',1,NULL,NULL,NULL),('AreaCode','230803','é»‘é¾™æ±Ÿçœä½³æœ¨æ–¯å¸‚å‘é˜³åŒº','area',1,NULL,NULL,NULL),('AreaCode','230804','é»‘é¾™æ±Ÿçœä½³æœ¨æ–¯å¸‚å‰è¿›åŒº','area',1,NULL,NULL,NULL),('AreaCode','230805','é»‘é¾™æ±Ÿçœä½³æœ¨æ–¯å¸‚ä¸œé£åŒº','area',1,NULL,NULL,NULL),('AreaCode','230811','é»‘é¾™æ±Ÿçœä½³æœ¨æ–¯å¸‚éƒŠåŒº','area',1,NULL,NULL,NULL),('AreaCode','230822','é»‘é¾™æ±Ÿçœä½³æœ¨æ–¯å¸‚æ¡¦å—å¿','area',1,NULL,NULL,NULL),('AreaCode','230826','é»‘é¾™æ±Ÿçœä½³æœ¨æ–¯å¸‚æ¡¦å·å¿','area',1,NULL,NULL,NULL),('AreaCode','230828','é»‘é¾™æ±Ÿçœä½³æœ¨æ–¯å¸‚æ±¤åŸå¿','area',1,NULL,NULL,NULL),('AreaCode','230881','é»‘é¾™æ±Ÿçœä½³æœ¨æ–¯å¸‚åŒæ±Ÿå¸‚','area',1,NULL,NULL,NULL),('AreaCode','230882','é»‘é¾™æ±Ÿçœä½³æœ¨æ–¯å¸‚å¯Œé”¦å¸‚','area',1,NULL,NULL,NULL),('AreaCode','230883','é»‘é¾™æ±Ÿçœä½³æœ¨æ–¯å¸‚æŠšè¿œå¸‚','area',1,NULL,NULL,NULL),('AreaCode','230900','é»‘é¾™æ±Ÿçœä¸ƒå°æ²³å¸‚','city',1,NULL,NULL,NULL),('AreaCode','230901','é»‘é¾™æ±Ÿçœä¸ƒå°æ²³å¸‚å¸‚è¾–åŒº','area',1,NULL,NULL,NULL),('AreaCode','230902','é»‘é¾™æ±Ÿçœä¸ƒå°æ²³å¸‚æ–°å…´åŒº','area',1,NULL,NULL,NULL),('AreaCode','230903','é»‘é¾™æ±Ÿçœä¸ƒå°æ²³å¸‚æ¡ƒå±±åŒº','area',1,NULL,NULL,NULL),('AreaCode','230904','é»‘é¾™æ±Ÿçœä¸ƒå°æ²³å¸‚èŒ„å­æ²³åŒº','area',1,NULL,NULL,NULL),('AreaCode','230921','é»‘é¾™æ±Ÿçœä¸ƒå°æ²³å¸‚å‹ƒåˆ©å¿','area',1,NULL,NULL,NULL),('AreaCode','231000','é»‘é¾™æ±Ÿçœç‰¡ä¸¹æ±Ÿå¸‚','city',1,NULL,NULL,NULL),('AreaCode','231001','é»‘é¾™æ±Ÿçœç‰¡ä¸¹æ±Ÿå¸‚å¸‚è¾–åŒº','area',1,NULL,NULL,NULL),('AreaCode','231002','é»‘é¾™æ±Ÿçœç‰¡ä¸¹æ±Ÿå¸‚ä¸œå®‰åŒº','area',1,NULL,NULL,NULL),('AreaCode','231003','é»‘é¾™æ±Ÿçœç‰¡ä¸¹æ±Ÿå¸‚é˜³æ˜åŒº','area',1,NULL,NULL,NULL),('AreaCode','231004','é»‘é¾™æ±Ÿçœç‰¡ä¸¹æ±Ÿå¸‚çˆ±æ°‘åŒº','area',1,NULL,NULL,NULL),('AreaCode','231005','é»‘é¾™æ±Ÿçœç‰¡ä¸¹æ±Ÿå¸‚è¥¿å®‰åŒº','area',1,NULL,NULL,NULL),('AreaCode','231025','é»‘é¾™æ±Ÿçœç‰¡ä¸¹æ±Ÿå¸‚æ—å£å¿','area',1,NULL,NULL,NULL),('AreaCode','231081','é»‘é¾™æ±Ÿçœç‰¡ä¸¹æ±Ÿå¸‚ç»¥èŠ¬æ²³å¸‚','area',1,NULL,NULL,NULL),('AreaCode','231083','é»‘é¾™æ±Ÿçœç‰¡ä¸¹æ±Ÿå¸‚æµ·æ—å¸‚','area',1,NULL,NULL,NULL),('AreaCode','231084','é»‘é¾™æ±Ÿçœç‰¡ä¸¹æ±Ÿå¸‚å®å®‰å¸‚','area',1,NULL,NULL,NULL),('AreaCode','231085','é»‘é¾™æ±Ÿçœç‰¡ä¸¹æ±Ÿå¸‚ç©†æ£±å¸‚','area',1,NULL,NULL,NULL),('AreaCode','231086','é»‘é¾™æ±Ÿçœç‰¡ä¸¹æ±Ÿå¸‚ä¸œå®å¸‚','area',1,NULL,NULL,NULL),('AreaCode','231100','é»‘é¾™æ±Ÿçœé»‘æ²³å¸‚','city',1,NULL,NULL,NULL),('AreaCode','231101','é»‘é¾™æ±Ÿçœé»‘æ²³å¸‚å¸‚è¾–åŒº','area',1,NULL,NULL,NULL),('AreaCode','231102','é»‘é¾™æ±Ÿçœé»‘æ²³å¸‚çˆ±è¾‰åŒº','area',1,NULL,NULL,NULL),('AreaCode','231121','é»‘é¾™æ±Ÿçœé»‘æ²³å¸‚å«©æ±Ÿå¿','area',1,NULL,NULL,NULL),('AreaCode','231123','é»‘é¾™æ±Ÿçœé»‘æ²³å¸‚é€Šå…‹å¿','area',1,NULL,NULL,NULL),('AreaCode','231124','é»‘é¾™æ±Ÿçœé»‘æ²³å¸‚å­™å´å¿','area',1,NULL,NULL,NULL),('AreaCode','231181','é»‘é¾™æ±Ÿçœé»‘æ²³å¸‚åŒ—å®‰å¸‚','area',1,NULL,NULL,NULL),('AreaCode','231182','é»‘é¾™æ±Ÿçœé»‘æ²³å¸‚äº”å¤§è¿æ± å¸‚','area',1,NULL,NULL,NULL),('AreaCode','231200','é»‘é¾™æ±Ÿçœç»¥åŒ–å¸‚','city',1,NULL,NULL,NULL),('AreaCode','231201','é»‘é¾™æ±Ÿçœç»¥åŒ–å¸‚å¸‚è¾–åŒº','area',1,NULL,NULL,NULL),('AreaCode','231202','é»‘é¾™æ±Ÿçœç»¥åŒ–å¸‚åŒ—æ—åŒº','area',1,NULL,NULL,NULL),('AreaCode','231221','é»‘é¾™æ±Ÿçœç»¥åŒ–å¸‚æœ›å¥å¿','area',1,NULL,NULL,NULL),('AreaCode','231222','é»‘é¾™æ±Ÿçœç»¥åŒ–å¸‚å…°è¥¿å¿','area',1,NULL,NULL,NULL),('AreaCode','231223','é»‘é¾™æ±Ÿçœç»¥åŒ–å¸‚é’å†ˆå¿','area',1,NULL,NULL,NULL),('AreaCode','231224','é»‘é¾™æ±Ÿçœç»¥åŒ–å¸‚åº†å®‰å¿','area',1,NULL,NULL,NULL),('AreaCode','231225','é»‘é¾™æ±Ÿçœç»¥åŒ–å¸‚æ˜æ°´å¿','area',1,NULL,NULL,NULL),('AreaCode','231226','é»‘é¾™æ±Ÿçœç»¥åŒ–å¸‚ç»¥æ£±å¿','area',1,NULL,NULL,NULL),('AreaCode','231281','é»‘é¾™æ±Ÿçœç»¥åŒ–å¸‚å®‰è¾¾å¸‚','area',1,NULL,NULL,NULL),('AreaCode','231282','é»‘é¾™æ±Ÿçœç»¥åŒ–å¸‚è‚‡ä¸œå¸‚','area',1,NULL,NULL,NULL),('AreaCode','231283','é»‘é¾™æ±Ÿçœç»¥åŒ–å¸‚æµ·ä¼¦å¸‚','area',1,NULL,NULL,NULL),('AreaCode','232700','é»‘é¾™æ±Ÿçœå¤§å…´å®‰å²­åœ°åŒº','city',1,NULL,NULL,NULL),('AreaCode','232721','é»‘é¾™æ±Ÿçœå¤§å…´å®‰å²­åœ°åŒºå‘¼ç›å¿','area',1,NULL,NULL,NULL),('AreaCode','232722','é»‘é¾™æ±Ÿçœå¤§å…´å®‰å²­åœ°åŒºå¡”æ²³å¿','area',1,NULL,NULL,NULL),('AreaCode','232723','é»‘é¾™æ±Ÿçœå¤§å…´å®‰å²­åœ°åŒºæ¼ æ²³å¿','area',1,NULL,NULL,NULL),('AreaCode','310000','ä¸Šæµ·å¸‚','province',1,NULL,NULL,NULL),('AreaCode','310100','ä¸Šæµ·å¸‚å¸‚è¾–åŒº','city',1,NULL,NULL,NULL),('AreaCode','310101','ä¸Šæµ·å¸‚å¸‚è¾–åŒºé»„æµ¦åŒº','area',1,NULL,NULL,NULL),('AreaCode','310104','ä¸Šæµ·å¸‚å¸‚è¾–åŒºå¾æ±‡åŒº','area',1,NULL,NULL,NULL),('AreaCode','310105','ä¸Šæµ·å¸‚å¸‚è¾–åŒºé•¿å®åŒº','area',1,NULL,NULL,NULL),('AreaCode','310106','ä¸Šæµ·å¸‚å¸‚è¾–åŒºé™å®‰åŒº','area',1,NULL,NULL,NULL),('AreaCode','310107','ä¸Šæµ·å¸‚å¸‚è¾–åŒºæ™®é™€åŒº','area',1,NULL,NULL,NULL),('AreaCode','310109','ä¸Šæµ·å¸‚å¸‚è¾–åŒºè™¹å£åŒº','area',1,NULL,NULL,NULL),('AreaCode','310110','ä¸Šæµ·å¸‚å¸‚è¾–åŒºæ¨æµ¦åŒº','area',1,NULL,NULL,NULL),('AreaCode','310112','ä¸Šæµ·å¸‚å¸‚è¾–åŒºé—µè¡ŒåŒº','area',1,NULL,NULL,NULL),('AreaCode','310113','ä¸Šæµ·å¸‚å¸‚è¾–åŒºå®å±±åŒº','area',1,NULL,NULL,NULL),('AreaCode','310114','ä¸Šæµ·å¸‚å¸‚è¾–åŒºå˜‰å®šåŒº','area',1,NULL,NULL,NULL),('AreaCode','310115','ä¸Šæµ·å¸‚å¸‚è¾–åŒºæµ¦ä¸œæ–°åŒº','area',1,NULL,NULL,NULL),('AreaCode','310116','ä¸Šæµ·å¸‚å¸‚è¾–åŒºé‡‘å±±åŒº','area',1,NULL,NULL,NULL),('AreaCode','310117','ä¸Šæµ·å¸‚å¸‚è¾–åŒºæ¾æ±ŸåŒº','area',1,NULL,NULL,NULL),('AreaCode','310118','ä¸Šæµ·å¸‚å¸‚è¾–åŒºé’æµ¦åŒº','area',1,NULL,NULL,NULL),('AreaCode','310120','ä¸Šæµ·å¸‚å¸‚è¾–åŒºå¥‰è´¤åŒº','area',1,NULL,NULL,NULL),('AreaCode','310151','ä¸Šæµ·å¸‚å¸‚è¾–åŒºå´‡æ˜åŒº','area',1,NULL,NULL,NULL),('AreaCode','320000','æ±Ÿè‹çœ','province',1,NULL,NULL,NULL),('AreaCode','320100','æ±Ÿè‹çœå—äº¬å¸‚','city',1,NULL,NULL,NULL),('AreaCode','320101','æ±Ÿè‹çœå—äº¬å¸‚å¸‚è¾–åŒº','area',1,NULL,NULL,NULL),('AreaCode','320102','æ±Ÿè‹çœå—äº¬å¸‚ç„æ­¦åŒº','area',1,NULL,NULL,NULL),('AreaCode','320104','æ±Ÿè‹çœå—äº¬å¸‚ç§¦æ·®åŒº','area',1,NULL,NULL,NULL),('AreaCode','320105','æ±Ÿè‹çœå—äº¬å¸‚å»ºé‚ºåŒº','area',1,NULL,NULL,NULL),('AreaCode','320106','æ±Ÿè‹çœå—äº¬å¸‚é¼“æ¥¼åŒº','area',1,NULL,NULL,NULL),('AreaCode','320111','æ±Ÿè‹çœå—äº¬å¸‚æµ¦å£åŒº','area',1,NULL,NULL,NULL),('AreaCode','320113','æ±Ÿè‹çœå—äº¬å¸‚æ –éœåŒº','area',1,NULL,NULL,NULL),('AreaCode','320114','æ±Ÿè‹çœå—äº¬å¸‚é›¨èŠ±å°åŒº','area',1,NULL,NULL,NULL),('AreaCode','320115','æ±Ÿè‹çœå—äº¬å¸‚æ±Ÿå®åŒº','area',1,NULL,NULL,NULL),('AreaCode','320116','æ±Ÿè‹çœå—äº¬å¸‚å…­åˆåŒº','area',1,NULL,NULL,NULL),('AreaCode','320117','æ±Ÿè‹çœå—äº¬å¸‚æº§æ°´åŒº','area',1,NULL,NULL,NULL),('AreaCode','320118','æ±Ÿè‹çœå—äº¬å¸‚é«˜æ·³åŒº','area',1,NULL,NULL,NULL),('AreaCode','320200','æ±Ÿè‹çœæ— é”¡å¸‚','city',1,NULL,NULL,NULL),('AreaCode','320201','æ±Ÿè‹çœæ— é”¡å¸‚å¸‚è¾–åŒº','area',1,NULL,NULL,NULL),('AreaCode','320205','æ±Ÿè‹çœæ— é”¡å¸‚é”¡å±±åŒº','area',1,NULL,NULL,NULL),('AreaCode','320206','æ±Ÿè‹çœæ— é”¡å¸‚æƒ å±±åŒº','area',1,NULL,NULL,NULL),('AreaCode','320211','æ±Ÿè‹çœæ— é”¡å¸‚æ»¨æ¹–åŒº','area',1,NULL,NULL,NULL),('AreaCode','320213','æ±Ÿè‹çœæ— é”¡å¸‚æ¢æºªåŒº','area',1,NULL,NULL,NULL),('AreaCode','320214','æ±Ÿè‹çœæ— é”¡å¸‚æ–°å´åŒº','area',1,NULL,NULL,NULL),('AreaCode','320281','æ±Ÿè‹çœæ— é”¡å¸‚æ±Ÿé˜´å¸‚','area',1,NULL,NULL,NULL),('AreaCode','320282','æ±Ÿè‹çœæ— é”¡å¸‚å®œå…´å¸‚','area',1,NULL,NULL,NULL),('AreaCode','320300','æ±Ÿè‹çœå¾å·å¸‚','city',1,NULL,NULL,NULL),('AreaCode','320301','æ±Ÿè‹çœå¾å·å¸‚å¸‚è¾–åŒº','area',1,NULL,NULL,NULL),('AreaCode','320302','æ±Ÿè‹çœå¾å·å¸‚é¼“æ¥¼åŒº','area',1,NULL,NULL,NULL),('AreaCode','320303','æ±Ÿè‹çœå¾å·å¸‚äº‘é¾™åŒº','area',1,NULL,NULL,NULL),('AreaCode','320305','æ±Ÿè‹çœå¾å·å¸‚è´¾æ±ªåŒº','area',1,NULL,NULL,NULL),('AreaCode','320311','æ±Ÿè‹çœå¾å·å¸‚æ³‰å±±åŒº','area',1,NULL,NULL,NULL),('AreaCode','320312','æ±Ÿè‹çœå¾å·å¸‚é“œå±±åŒº','area',1,NULL,NULL,NULL),('AreaCode','320321','æ±Ÿè‹çœå¾å·å¸‚ä¸°å¿','area',1,NULL,NULL,NULL),('AreaCode','320322','æ±Ÿè‹çœå¾å·å¸‚æ²›å¿','area',1,NULL,NULL,NULL),('AreaCode','320324','æ±Ÿè‹çœå¾å·å¸‚ç¢å®å¿','area',1,NULL,NULL,NULL),('AreaCode','320381','æ±Ÿè‹çœå¾å·å¸‚æ–°æ²‚å¸‚','area',1,NULL,NULL,NULL),('AreaCode','320382','æ±Ÿè‹çœå¾å·å¸‚é‚³å·å¸‚','area',1,NULL,NULL,NULL),('AreaCode','320400','æ±Ÿè‹çœå¸¸å·å¸‚','city',1,NULL,NULL,NULL),('AreaCode','320401','æ±Ÿè‹çœå¸¸å·å¸‚å¸‚è¾–åŒº','area',1,NULL,NULL,NULL),('AreaCode','320402','æ±Ÿè‹çœå¸¸å·å¸‚å¤©å®åŒº','area',1,NULL,NULL,NULL),('AreaCode','320404','æ±Ÿè‹çœå¸¸å·å¸‚é’Ÿæ¥¼åŒº','area',1,NULL,NULL,NULL),('AreaCode','320411','æ±Ÿè‹çœå¸¸å·å¸‚æ–°åŒ—åŒº','area',1,NULL,NULL,NULL),('AreaCode','320412','æ±Ÿè‹çœå¸¸å·å¸‚æ­¦è¿›åŒº','area',1,NULL,NULL,NULL),('AreaCode','320413','æ±Ÿè‹çœå¸¸å·å¸‚é‡‘å›åŒº','area',1,NULL,NULL,NULL),('AreaCode','320481','æ±Ÿè‹çœå¸¸å·å¸‚æº§é˜³å¸‚','area',1,NULL,NULL,NULL),('AreaCode','320500','æ±Ÿè‹çœè‹å·å¸‚','city',1,NULL,NULL,NULL),('AreaCode','320501','æ±Ÿè‹çœè‹å·å¸‚å¸‚è¾–åŒº','area',1,NULL,NULL,NULL),('AreaCode','320505','æ±Ÿè‹çœè‹å·å¸‚è™ä¸˜åŒº','area',1,NULL,NULL,NULL),('AreaCode','320506','æ±Ÿè‹çœè‹å·å¸‚å´ä¸­åŒº','area',1,NULL,NULL,NULL),('AreaCode','320507','æ±Ÿè‹çœè‹å·å¸‚ç›¸åŸåŒº','area',1,NULL,NULL,NULL),('AreaCode','320508','æ±Ÿè‹çœè‹å·å¸‚å§‘è‹åŒº','area',1,NULL,NULL,NULL),('AreaCode','320509','æ±Ÿè‹çœè‹å·å¸‚å´æ±ŸåŒº','area',1,NULL,NULL,NULL),('AreaCode','320581','æ±Ÿè‹çœè‹å·å¸‚å¸¸ç†Ÿå¸‚','area',1,NULL,NULL,NULL),('AreaCode','320582','æ±Ÿè‹çœè‹å·å¸‚å¼ å®¶æ¸¯å¸‚','area',1,NULL,NULL,NULL),('AreaCode','320583','æ±Ÿè‹çœè‹å·å¸‚æ˜†å±±å¸‚','area',1,NULL,NULL,NULL),('AreaCode','320585','æ±Ÿè‹çœè‹å·å¸‚å¤ªä»“å¸‚','area',1,NULL,NULL,NULL),('AreaCode','320600','æ±Ÿè‹çœå—é€šå¸‚','city',1,NULL,NULL,NULL),('AreaCode','320601','æ±Ÿè‹çœå—é€šå¸‚å¸‚è¾–åŒº','area',1,NULL,NULL,NULL),('AreaCode','320602','æ±Ÿè‹çœå—é€šå¸‚å´‡å·åŒº','area',1,NULL,NULL,NULL),('AreaCode','320611','æ±Ÿè‹çœå—é€šå¸‚æ¸¯é—¸åŒº','area',1,NULL,NULL,NULL),('AreaCode','320612','æ±Ÿè‹çœå—é€šå¸‚é€šå·åŒº','area',1,NULL,NULL,NULL),('AreaCode','320621','æ±Ÿè‹çœå—é€šå¸‚æµ·å®‰å¿','area',1,NULL,NULL,NULL),('AreaCode','320623','æ±Ÿè‹çœå—é€šå¸‚å¦‚ä¸œå¿','area',1,NULL,NULL,NULL),('AreaCode','320681','æ±Ÿè‹çœå—é€šå¸‚å¯ä¸œå¸‚','area',1,NULL,NULL,NULL),('AreaCode','320682','æ±Ÿè‹çœå—é€šå¸‚å¦‚çš‹å¸‚','area',1,NULL,NULL,NULL),('AreaCode','320684','æ±Ÿè‹çœå—é€šå¸‚æµ·é—¨å¸‚','area',1,NULL,NULL,NULL),('AreaCode','320700','æ±Ÿè‹çœè¿äº‘æ¸¯å¸‚','city',1,NULL,NULL,NULL),('AreaCode','320701','æ±Ÿè‹çœè¿äº‘æ¸¯å¸‚å¸‚è¾–åŒº','area',1,NULL,NULL,NULL),('AreaCode','320703','æ±Ÿè‹çœè¿äº‘æ¸¯å¸‚è¿äº‘åŒº','area',1,NULL,NULL,NULL),('AreaCode','320706','æ±Ÿè‹çœè¿äº‘æ¸¯å¸‚æµ·å·åŒº','area',1,NULL,NULL,NULL),('AreaCode','320707','æ±Ÿè‹çœè¿äº‘æ¸¯å¸‚èµ£æ¦†åŒº','area',1,NULL,NULL,NULL),('AreaCode','320722','æ±Ÿè‹çœè¿äº‘æ¸¯å¸‚ä¸œæµ·å¿','area',1,NULL,NULL,NULL),('AreaCode','320723','æ±Ÿè‹çœè¿äº‘æ¸¯å¸‚çŒäº‘å¿','area',1,NULL,NULL,NULL),('AreaCode','320724','æ±Ÿè‹çœè¿äº‘æ¸¯å¸‚çŒå—å¿','area',1,NULL,NULL,NULL),('AreaCode','320800','æ±Ÿè‹çœæ·®å®‰å¸‚','city',1,NULL,NULL,NULL),('AreaCode','320801','æ±Ÿè‹çœæ·®å®‰å¸‚å¸‚è¾–åŒº','area',1,NULL,NULL,NULL),('AreaCode','320803','æ±Ÿè‹çœæ·®å®‰å¸‚æ·®å®‰åŒº','area',1,NULL,NULL,NULL),('AreaCode','320804','æ±Ÿè‹çœæ·®å®‰å¸‚æ·®é˜´åŒº','area',1,NULL,NULL,NULL),('AreaCode','320812','æ±Ÿè‹çœæ·®å®‰å¸‚æ¸…æ±Ÿæµ¦åŒº','area',1,NULL,NULL,NULL),('AreaCode','320813','æ±Ÿè‹çœæ·®å®‰å¸‚æ´ªæ³½åŒº','area',1,NULL,NULL,NULL),('AreaCode','320826','æ±Ÿè‹çœæ·®å®‰å¸‚æ¶Ÿæ°´å¿','area',1,NULL,NULL,NULL),('AreaCode','320830','æ±Ÿè‹çœæ·®å®‰å¸‚ç›±çœ™å¿','area',1,NULL,NULL,NULL),('AreaCode','320831','æ±Ÿè‹çœæ·®å®‰å¸‚é‡‘æ¹–å¿','area',1,NULL,NULL,NULL),('AreaCode','320900','æ±Ÿè‹çœç›åŸå¸‚','city',1,NULL,NULL,NULL),('AreaCode','320901','æ±Ÿè‹çœç›åŸå¸‚å¸‚è¾–åŒº','area',1,NULL,NULL,NULL),('AreaCode','320902','æ±Ÿè‹çœç›åŸå¸‚äº­æ¹–åŒº','area',1,NULL,NULL,NULL),('AreaCode','320903','æ±Ÿè‹çœç›åŸå¸‚ç›éƒ½åŒº','area',1,NULL,NULL,NULL),('AreaCode','320904','æ±Ÿè‹çœç›åŸå¸‚å¤§ä¸°åŒº','area',1,NULL,NULL,NULL),('AreaCode','320921','æ±Ÿè‹çœç›åŸå¸‚å“æ°´å¿','area',1,NULL,NULL,NULL),('AreaCode','320922','æ±Ÿè‹çœç›åŸå¸‚æ»¨æµ·å¿','area',1,NULL,NULL,NULL),('AreaCode','320923','æ±Ÿè‹çœç›åŸå¸‚é˜œå®å¿','area',1,NULL,NULL,NULL),('AreaCode','320924','æ±Ÿè‹çœç›åŸå¸‚å°„é˜³å¿','area',1,NULL,NULL,NULL),('AreaCode','320925','æ±Ÿè‹çœç›åŸå¸‚å»ºæ¹–å¿','area',1,NULL,NULL,NULL),('AreaCode','320981','æ±Ÿè‹çœç›åŸå¸‚ä¸œå°å¸‚','area',1,NULL,NULL,NULL),('AreaCode','321000','æ±Ÿè‹çœæ‰¬å·å¸‚','city',1,NULL,NULL,NULL),('AreaCode','321001','æ±Ÿè‹çœæ‰¬å·å¸‚å¸‚è¾–åŒº','area',1,NULL,NULL,NULL),('AreaCode','321002','æ±Ÿè‹çœæ‰¬å·å¸‚å¹¿é™µåŒº','area',1,NULL,NULL,NULL),('AreaCode','321003','æ±Ÿè‹çœæ‰¬å·å¸‚é‚—æ±ŸåŒº','area',1,NULL,NULL,NULL),('AreaCode','321012','æ±Ÿè‹çœæ‰¬å·å¸‚æ±Ÿéƒ½åŒº','area',1,NULL,NULL,NULL),('AreaCode','321023','æ±Ÿè‹çœæ‰¬å·å¸‚å®åº”å¿','area',1,NULL,NULL,NULL),('AreaCode','321081','æ±Ÿè‹çœæ‰¬å·å¸‚ä»ªå¾å¸‚','area',1,NULL,NULL,NULL),('AreaCode','321084','æ±Ÿè‹çœæ‰¬å·å¸‚é«˜é‚®å¸‚','area',1,NULL,NULL,NULL),('AreaCode','321100','æ±Ÿè‹çœé•‡æ±Ÿå¸‚','city',1,NULL,NULL,NULL),('AreaCode','321101','æ±Ÿè‹çœé•‡æ±Ÿå¸‚å¸‚è¾–åŒº','area',1,NULL,NULL,NULL),('AreaCode','321102','æ±Ÿè‹çœé•‡æ±Ÿå¸‚äº¬å£åŒº','area',1,NULL,NULL,NULL),('AreaCode','321111','æ±Ÿè‹çœé•‡æ±Ÿå¸‚æ¶¦å·åŒº','area',1,NULL,NULL,NULL),('AreaCode','321112','æ±Ÿè‹çœé•‡æ±Ÿå¸‚ä¸¹å¾’åŒº','area',1,NULL,NULL,NULL),('AreaCode','321181','æ±Ÿè‹çœé•‡æ±Ÿå¸‚ä¸¹é˜³å¸‚','area',1,NULL,NULL,NULL),('AreaCode','321182','æ±Ÿè‹çœé•‡æ±Ÿå¸‚æ‰¬ä¸­å¸‚','area',1,NULL,NULL,NULL),('AreaCode','321183','æ±Ÿè‹çœé•‡æ±Ÿå¸‚å¥å®¹å¸‚','area',1,NULL,NULL,NULL),('AreaCode','321200','æ±Ÿè‹çœæ³°å·å¸‚','city',1,NULL,NULL,NULL),('AreaCode','321201','æ±Ÿè‹çœæ³°å·å¸‚å¸‚è¾–åŒº','area',1,NULL,NULL,NULL),('AreaCode','321202','æ±Ÿè‹çœæ³°å·å¸‚æµ·é™µåŒº','area',1,NULL,NULL,NULL),('AreaCode','321203','æ±Ÿè‹çœæ³°å·å¸‚é«˜æ¸¯åŒº','area',1,NULL,NULL,NULL),('AreaCode','321204','æ±Ÿè‹çœæ³°å·å¸‚å§œå °åŒº','area',1,NULL,NULL,NULL),('AreaCode','321281','æ±Ÿè‹çœæ³°å·å¸‚å…´åŒ–å¸‚','area',1,NULL,NULL,NULL),('AreaCode','321282','æ±Ÿè‹çœæ³°å·å¸‚é–æ±Ÿå¸‚','area',1,NULL,NULL,NULL),('AreaCode','321283','æ±Ÿè‹çœæ³°å·å¸‚æ³°å…´å¸‚','area',1,NULL,NULL,NULL),('AreaCode','321300','æ±Ÿè‹çœå®¿è¿å¸‚','city',1,NULL,NULL,NULL),('AreaCode','321301','æ±Ÿè‹çœå®¿è¿å¸‚å¸‚è¾–åŒº','area',1,NULL,NULL,NULL),('AreaCode','321302','æ±Ÿè‹çœå®¿è¿å¸‚å®¿åŸåŒº','area',1,NULL,NULL,NULL),('AreaCode','321311','æ±Ÿè‹çœå®¿è¿å¸‚å®¿è±«åŒº','area',1,NULL,NULL,NULL),('AreaCode','321322','æ±Ÿè‹çœå®¿è¿å¸‚æ²­é˜³å¿','area',1,NULL,NULL,NULL),('AreaCode','321323','æ±Ÿè‹çœå®¿è¿å¸‚æ³—é˜³å¿','area',1,NULL,NULL,NULL),('AreaCode','321324','æ±Ÿè‹çœå®¿è¿å¸‚æ³—æ´ªå¿','area',1,NULL,NULL,NULL),('AreaCode','330000','æµ™æ±Ÿçœ','province',1,NULL,NULL,NULL),('AreaCode','330100','æµ™æ±Ÿçœæ­å·å¸‚','city',1,NULL,NULL,NULL),('AreaCode','330101','æµ™æ±Ÿçœæ­å·å¸‚å¸‚è¾–åŒº','area',1,NULL,NULL,NULL),('AreaCode','330102','æµ™æ±Ÿçœæ­å·å¸‚ä¸ŠåŸåŒº','area',1,NULL,NULL,NULL),('AreaCode','330103','æµ™æ±Ÿçœæ­å·å¸‚ä¸‹åŸåŒº','area',1,NULL,NULL,NULL),('AreaCode','330104','æµ™æ±Ÿçœæ­å·å¸‚æ±Ÿå¹²åŒº','area',1,NULL,NULL,NULL),('AreaCode','330105','æµ™æ±Ÿçœæ­å·å¸‚æ‹±å¢…åŒº','area',1,NULL,NULL,NULL),('AreaCode','330106','æµ™æ±Ÿçœæ­å·å¸‚è¥¿æ¹–åŒº','area',1,NULL,NULL,NULL),('AreaCode','330108','æµ™æ±Ÿçœæ­å·å¸‚æ»¨æ±ŸåŒº','area',1,NULL,NULL,NULL),('AreaCode','330109','æµ™æ±Ÿçœæ­å·å¸‚è§å±±åŒº','area',1,NULL,NULL,NULL),('AreaCode','330110','æµ™æ±Ÿçœæ­å·å¸‚ä½™æ­åŒº','area',1,NULL,NULL,NULL),('AreaCode','330111','æµ™æ±Ÿçœæ­å·å¸‚å¯Œé˜³åŒº','area',1,NULL,NULL,NULL),('AreaCode','330122','æµ™æ±Ÿçœæ­å·å¸‚æ¡åºå¿','area',1,NULL,NULL,NULL),('AreaCode','330127','æµ™æ±Ÿçœæ­å·å¸‚æ·³å®‰å¿','area',1,NULL,NULL,NULL),('AreaCode','330182','æµ™æ±Ÿçœæ­å·å¸‚å»ºå¾·å¸‚','area',1,NULL,NULL,NULL),('AreaCode','330185','æµ™æ±Ÿçœæ­å·å¸‚ä¸´å®‰å¸‚','area',1,NULL,NULL,NULL),('AreaCode','330200','æµ™æ±Ÿçœå®æ³¢å¸‚','city',1,NULL,NULL,NULL),('AreaCode','330201','æµ™æ±Ÿçœå®æ³¢å¸‚å¸‚è¾–åŒº','area',1,NULL,NULL,NULL),('AreaCode','330203','æµ™æ±Ÿçœå®æ³¢å¸‚æµ·æ›™åŒº','area',1,NULL,NULL,NULL),('AreaCode','330204','æµ™æ±Ÿçœå®æ³¢å¸‚æ±Ÿä¸œåŒº','area',1,NULL,NULL,NULL),('AreaCode','330205','æµ™æ±Ÿçœå®æ³¢å¸‚æ±ŸåŒ—åŒº','area',1,NULL,NULL,NULL),('AreaCode','330206','æµ™æ±Ÿçœå®æ³¢å¸‚åŒ—ä»‘åŒº','area',1,NULL,NULL,NULL),('AreaCode','330211','æµ™æ±Ÿçœå®æ³¢å¸‚é•‡æµ·åŒº','area',1,NULL,NULL,NULL),('AreaCode','330212','æµ™æ±Ÿçœå®æ³¢å¸‚é„å·åŒº','area',1,NULL,NULL,NULL),('AreaCode','330225','æµ™æ±Ÿçœå®æ³¢å¸‚è±¡å±±å¿','area',1,NULL,NULL,NULL),('AreaCode','330226','æµ™æ±Ÿçœå®æ³¢å¸‚å®æµ·å¿','area',1,NULL,NULL,NULL),('AreaCode','330281','æµ™æ±Ÿçœå®æ³¢å¸‚ä½™å§šå¸‚','area',1,NULL,NULL,NULL),('AreaCode','330282','æµ™æ±Ÿçœå®æ³¢å¸‚æ…ˆæºªå¸‚','area',1,NULL,NULL,NULL),('AreaCode','330283','æµ™æ±Ÿçœå®æ³¢å¸‚å¥‰åŒ–å¸‚','area',1,NULL,NULL,NULL),('AreaCode','330300','æµ™æ±Ÿçœæ¸©å·å¸‚','city',1,NULL,NULL,NULL),('AreaCode','330301','æµ™æ±Ÿçœæ¸©å·å¸‚å¸‚è¾–åŒº','area',1,NULL,NULL,NULL),('AreaCode','330302','æµ™æ±Ÿçœæ¸©å·å¸‚é¹¿åŸåŒº','area',1,NULL,NULL,NULL),('AreaCode','330303','æµ™æ±Ÿçœæ¸©å·å¸‚é¾™æ¹¾åŒº','area',1,NULL,NULL,NULL),('AreaCode','330304','æµ™æ±Ÿçœæ¸©å·å¸‚ç“¯æµ·åŒº','area',1,NULL,NULL,NULL),('AreaCode','330305','æµ™æ±Ÿçœæ¸©å·å¸‚æ´å¤´åŒº','area',1,NULL,NULL,NULL),('AreaCode','330324','æµ™æ±Ÿçœæ¸©å·å¸‚æ°¸å˜‰å¿','area',1,NULL,NULL,NULL),('AreaCode','330326','æµ™æ±Ÿçœæ¸©å·å¸‚å¹³é˜³å¿','area',1,NULL,NULL,NULL),('AreaCode','330327','æµ™æ±Ÿçœæ¸©å·å¸‚è‹å—å¿','area',1,NULL,NULL,NULL),('AreaCode','330328','æµ™æ±Ÿçœæ¸©å·å¸‚æ–‡æˆå¿','area',1,NULL,NULL,NULL),('AreaCode','330329','æµ™æ±Ÿçœæ¸©å·å¸‚æ³°é¡ºå¿','area',1,NULL,NULL,NULL),('AreaCode','330381','æµ™æ±Ÿçœæ¸©å·å¸‚ç‘å®‰å¸‚','area',1,NULL,NULL,NULL),('AreaCode','330382','æµ™æ±Ÿçœæ¸©å·å¸‚ä¹æ¸…å¸‚','area',1,NULL,NULL,NULL),('AreaCode','330400','æµ™æ±Ÿçœå˜‰å…´å¸‚','city',1,NULL,NULL,NULL),('AreaCode','330401','æµ™æ±Ÿçœå˜‰å…´å¸‚å¸‚è¾–åŒº','area',1,NULL,NULL,NULL),('AreaCode','330402','æµ™æ±Ÿçœå˜‰å…´å¸‚å—æ¹–åŒº','area',1,NULL,NULL,NULL),('AreaCode','330411','æµ™æ±Ÿçœå˜‰å…´å¸‚ç§€æ´²åŒº','area',1,NULL,NULL,NULL),('AreaCode','330421','æµ™æ±Ÿçœå˜‰å…´å¸‚å˜‰å–„å¿','area',1,NULL,NULL,NULL),('AreaCode','330424','æµ™æ±Ÿçœå˜‰å…´å¸‚æµ·ç›å¿','area',1,NULL,NULL,NULL),('AreaCode','330481','æµ™æ±Ÿçœå˜‰å…´å¸‚æµ·å®å¸‚','area',1,NULL,NULL,NULL),('AreaCode','330482','æµ™æ±Ÿçœå˜‰å…´å¸‚å¹³æ¹–å¸‚','area',1,NULL,NULL,NULL),('AreaCode','330483','æµ™æ±Ÿçœå˜‰å…´å¸‚æ¡ä¹¡å¸‚','area',1,NULL,NULL,NULL),('AreaCode','330500','æµ™æ±Ÿçœæ¹–å·å¸‚','city',1,NULL,NULL,NULL),('AreaCode','330501','æµ™æ±Ÿçœæ¹–å·å¸‚å¸‚è¾–åŒº','area',1,NULL,NULL,NULL),('AreaCode','330502','æµ™æ±Ÿçœæ¹–å·å¸‚å´å…´åŒº','area',1,NULL,NULL,NULL),('AreaCode','330503','æµ™æ±Ÿçœæ¹–å·å¸‚å—æµ”åŒº','area',1,NULL,NULL,NULL),('AreaCode','330521','æµ™æ±Ÿçœæ¹–å·å¸‚å¾·æ¸…å¿','area',1,NULL,NULL,NULL),('AreaCode','330522','æµ™æ±Ÿçœæ¹–å·å¸‚é•¿å…´å¿','area',1,NULL,NULL,NULL),('AreaCode','330523','æµ™æ±Ÿçœæ¹–å·å¸‚å®‰å‰å¿','area',1,NULL,NULL,NULL),('AreaCode','330600','æµ™æ±Ÿçœç»å…´å¸‚','city',1,NULL,NULL,NULL),('AreaCode','330601','æµ™æ±Ÿçœç»å…´å¸‚å¸‚è¾–åŒº','area',1,NULL,NULL,NULL),('AreaCode','330602','æµ™æ±Ÿçœç»å…´å¸‚è¶ŠåŸåŒº','area',1,NULL,NULL,NULL),('AreaCode','330603','æµ™æ±Ÿçœç»å…´å¸‚æŸ¯æ¡¥åŒº','area',1,NULL,NULL,NULL),('AreaCode','330604','æµ™æ±Ÿçœç»å…´å¸‚ä¸Šè™åŒº','area',1,NULL,NULL,NULL),('AreaCode','330624','æµ™æ±Ÿçœç»å…´å¸‚æ–°æ˜Œå¿','area',1,NULL,NULL,NULL),('AreaCode','330681','æµ™æ±Ÿçœç»å…´å¸‚è¯¸æš¨å¸‚','area',1,NULL,NULL,NULL),('AreaCode','330683','æµ™æ±Ÿçœç»å…´å¸‚åµŠå·å¸‚','area',1,NULL,NULL,NULL),('AreaCode','330700','æµ™æ±Ÿçœé‡‘åå¸‚','city',1,NULL,NULL,NULL),('AreaCode','330701','æµ™æ±Ÿçœé‡‘åå¸‚å¸‚è¾–åŒº','area',1,NULL,NULL,NULL),('AreaCode','330702','æµ™æ±Ÿçœé‡‘åå¸‚å©ºåŸåŒº','area',1,NULL,NULL,NULL),('AreaCode','330703','æµ™æ±Ÿçœé‡‘åå¸‚é‡‘ä¸œåŒº','area',1,NULL,NULL,NULL),('AreaCode','330723','æµ™æ±Ÿçœé‡‘åå¸‚æ­¦ä¹‰å¿','area',1,NULL,NULL,NULL),('AreaCode','330726','æµ™æ±Ÿçœé‡‘åå¸‚æµ¦æ±Ÿå¿','area',1,NULL,NULL,NULL),('AreaCode','330727','æµ™æ±Ÿçœé‡‘åå¸‚ç£å®‰å¿','area',1,NULL,NULL,NULL),('AreaCode','330781','æµ™æ±Ÿçœé‡‘åå¸‚å…°æºªå¸‚','area',1,NULL,NULL,NULL),('AreaCode','330782','æµ™æ±Ÿçœé‡‘åå¸‚ä¹‰ä¹Œå¸‚','area',1,NULL,NULL,NULL),('AreaCode','330783','æµ™æ±Ÿçœé‡‘åå¸‚ä¸œé˜³å¸‚','area',1,NULL,NULL,NULL),('AreaCode','330784','æµ™æ±Ÿçœé‡‘åå¸‚æ°¸åº·å¸‚','area',1,NULL,NULL,NULL),('AreaCode','330800','æµ™æ±Ÿçœè¡¢å·å¸‚','city',1,NULL,NULL,NULL),('AreaCode','330801','æµ™æ±Ÿçœè¡¢å·å¸‚å¸‚è¾–åŒº','area',1,NULL,NULL,NULL),('AreaCode','330802','æµ™æ±Ÿçœè¡¢å·å¸‚æŸ¯åŸåŒº','area',1,NULL,NULL,NULL),('AreaCode','330803','æµ™æ±Ÿçœè¡¢å·å¸‚è¡¢æ±ŸåŒº','area',1,NULL,NULL,NULL),('AreaCode','330822','æµ™æ±Ÿçœè¡¢å·å¸‚å¸¸å±±å¿','area',1,NULL,NULL,NULL),('AreaCode','330824','æµ™æ±Ÿçœè¡¢å·å¸‚å¼€åŒ–å¿','area',1,NULL,NULL,NULL),('AreaCode','330825','æµ™æ±Ÿçœè¡¢å·å¸‚é¾™æ¸¸å¿','area',1,NULL,NULL,NULL),('AreaCode','330881','æµ™æ±Ÿçœè¡¢å·å¸‚æ±Ÿå±±å¸‚','area',1,NULL,NULL,NULL),('AreaCode','330900','æµ™æ±ŸçœèˆŸå±±å¸‚','city',1,NULL,NULL,NULL),('AreaCode','330901','æµ™æ±ŸçœèˆŸå±±å¸‚å¸‚è¾–åŒº','area',1,NULL,NULL,NULL),('AreaCode','330902','æµ™æ±ŸçœèˆŸå±±å¸‚å®šæµ·åŒº','area',1,NULL,NULL,NULL),('AreaCode','330903','æµ™æ±ŸçœèˆŸå±±å¸‚æ™®é™€åŒº','area',1,NULL,NULL,NULL),('AreaCode','330921','æµ™æ±ŸçœèˆŸå±±å¸‚å²±å±±å¿','area',1,NULL,NULL,NULL),('AreaCode','330922','æµ™æ±ŸçœèˆŸå±±å¸‚åµŠæ³—å¿','area',1,NULL,NULL,NULL),('AreaCode','331000','æµ™æ±Ÿçœå°å·å¸‚','city',1,NULL,NULL,NULL),('AreaCode','331001','æµ™æ±Ÿçœå°å·å¸‚å¸‚è¾–åŒº','area',1,NULL,NULL,NULL),('AreaCode','331002','æµ™æ±Ÿçœå°å·å¸‚æ¤’æ±ŸåŒº','area',1,NULL,NULL,NULL),('AreaCode','331003','æµ™æ±Ÿçœå°å·å¸‚é»„å²©åŒº','area',1,NULL,NULL,NULL),('AreaCode','331004','æµ™æ±Ÿçœå°å·å¸‚è·¯æ¡¥åŒº','area',1,NULL,NULL,NULL),('AreaCode','331021','æµ™æ±Ÿçœå°å·å¸‚ç‰ç¯å¿','area',1,NULL,NULL,NULL),('AreaCode','331022','æµ™æ±Ÿçœå°å·å¸‚ä¸‰é—¨å¿','area',1,NULL,NULL,NULL),('AreaCode','331023','æµ™æ±Ÿçœå°å·å¸‚å¤©å°å¿','area',1,NULL,NULL,NULL),('AreaCode','331024','æµ™æ±Ÿçœå°å·å¸‚ä»™å±…å¿','area',1,NULL,NULL,NULL),('AreaCode','331081','æµ™æ±Ÿçœå°å·å¸‚æ¸©å²­å¸‚','area',1,NULL,NULL,NULL),('AreaCode','331082','æµ™æ±Ÿçœå°å·å¸‚ä¸´æµ·å¸‚','area',1,NULL,NULL,NULL),('AreaCode','331100','æµ™æ±Ÿçœä¸½æ°´å¸‚','city',1,NULL,NULL,NULL),('AreaCode','331101','æµ™æ±Ÿçœä¸½æ°´å¸‚å¸‚è¾–åŒº','area',1,NULL,NULL,NULL),('AreaCode','331102','æµ™æ±Ÿçœä¸½æ°´å¸‚è²éƒ½åŒº','area',1,NULL,NULL,NULL),('AreaCode','331121','æµ™æ±Ÿçœä¸½æ°´å¸‚é’ç”°å¿','area',1,NULL,NULL,NULL),('AreaCode','331122','æµ™æ±Ÿçœä¸½æ°´å¸‚ç¼™äº‘å¿','area',1,NULL,NULL,NULL),('AreaCode','331123','æµ™æ±Ÿçœä¸½æ°´å¸‚é‚æ˜Œå¿','area',1,NULL,NULL,NULL),('AreaCode','331124','æµ™æ±Ÿçœä¸½æ°´å¸‚æ¾é˜³å¿','area',1,NULL,NULL,NULL),('AreaCode','331125','æµ™æ±Ÿçœä¸½æ°´å¸‚äº‘å’Œå¿','area',1,NULL,NULL,NULL),('AreaCode','331126','æµ™æ±Ÿçœä¸½æ°´å¸‚åº†å…ƒå¿','area',1,NULL,NULL,NULL),('AreaCode','331127','æµ™æ±Ÿçœä¸½æ°´å¸‚æ™¯å®ç•²æ—è‡ªæ²»å¿','area',1,NULL,NULL,NULL),('AreaCode','331181','æµ™æ±Ÿçœä¸½æ°´å¸‚é¾™æ³‰å¸‚','area',1,NULL,NULL,NULL),('AreaCode','340000','å®‰å¾½çœ','province',1,NULL,NULL,NULL),('AreaCode','340100','å®‰å¾½çœåˆè‚¥å¸‚','city',1,NULL,NULL,NULL),('AreaCode','340101','å®‰å¾½çœåˆè‚¥å¸‚å¸‚è¾–åŒº','area',1,NULL,NULL,NULL),('AreaCode','340102','å®‰å¾½çœåˆè‚¥å¸‚ç‘¶æµ·åŒº','area',1,NULL,NULL,NULL),('AreaCode','340103','å®‰å¾½çœåˆè‚¥å¸‚åºé˜³åŒº','area',1,NULL,NULL,NULL),('AreaCode','340104','å®‰å¾½çœåˆè‚¥å¸‚èœ€å±±åŒº','area',1,NULL,NULL,NULL),('AreaCode','340111','å®‰å¾½çœåˆè‚¥å¸‚åŒ…æ²³åŒº','area',1,NULL,NULL,NULL),('AreaCode','340121','å®‰å¾½çœåˆè‚¥å¸‚é•¿ä¸°å¿','area',1,NULL,NULL,NULL),('AreaCode','340122','å®‰å¾½çœåˆè‚¥å¸‚è‚¥ä¸œå¿','area',1,NULL,NULL,NULL),('AreaCode','340123','å®‰å¾½çœåˆè‚¥å¸‚è‚¥è¥¿å¿','area',1,NULL,NULL,NULL),('AreaCode','340124','å®‰å¾½çœåˆè‚¥å¸‚åºæ±Ÿå¿','area',1,NULL,NULL,NULL),('AreaCode','340181','å®‰å¾½çœåˆè‚¥å¸‚å·¢æ¹–å¸‚','area',1,NULL,NULL,NULL),('AreaCode','340200','å®‰å¾½çœèŠœæ¹–å¸‚','city',1,NULL,NULL,NULL),('AreaCode','340201','å®‰å¾½çœèŠœæ¹–å¸‚å¸‚è¾–åŒº','area',1,NULL,NULL,NULL),('AreaCode','340202','å®‰å¾½çœèŠœæ¹–å¸‚é•œæ¹–åŒº','area',1,NULL,NULL,NULL),('AreaCode','340203','å®‰å¾½çœèŠœæ¹–å¸‚å¼‹æ±ŸåŒº','area',1,NULL,NULL,NULL),('AreaCode','340207','å®‰å¾½çœèŠœæ¹–å¸‚é¸ æ±ŸåŒº','area',1,NULL,NULL,NULL),('AreaCode','340208','å®‰å¾½çœèŠœæ¹–å¸‚ä¸‰å±±åŒº','area',1,NULL,NULL,NULL),('AreaCode','340221','å®‰å¾½çœèŠœæ¹–å¸‚èŠœæ¹–å¿','area',1,NULL,NULL,NULL),('AreaCode','340222','å®‰å¾½çœèŠœæ¹–å¸‚ç¹æ˜Œå¿','area',1,NULL,NULL,NULL),('AreaCode','340223','å®‰å¾½çœèŠœæ¹–å¸‚å—é™µå¿','area',1,NULL,NULL,NULL),('AreaCode','340225','å®‰å¾½çœèŠœæ¹–å¸‚æ— ä¸ºå¿','area',1,NULL,NULL,NULL),('AreaCode','340300','å®‰å¾½çœèšŒåŸ å¸‚','city',1,NULL,NULL,NULL),('AreaCode','340301','å®‰å¾½çœèšŒåŸ å¸‚å¸‚è¾–åŒº','area',1,NULL,NULL,NULL),('AreaCode','340302','å®‰å¾½çœèšŒåŸ å¸‚é¾™å­æ¹–åŒº','area',1,NULL,NULL,NULL),('AreaCode','340303','å®‰å¾½çœèšŒåŸ å¸‚èšŒå±±åŒº','area',1,NULL,NULL,NULL),('AreaCode','340304','å®‰å¾½çœèšŒåŸ å¸‚ç¦¹ä¼šåŒº','area',1,NULL,NULL,NULL),('AreaCode','340311','å®‰å¾½çœèšŒåŸ å¸‚æ·®ä¸ŠåŒº','area',1,NULL,NULL,NULL),('AreaCode','340321','å®‰å¾½çœèšŒåŸ å¸‚æ€€è¿œå¿','area',1,NULL,NULL,NULL),('AreaCode','340322','å®‰å¾½çœèšŒåŸ å¸‚äº”æ²³å¿','area',1,NULL,NULL,NULL),('AreaCode','340323','å®‰å¾½çœèšŒåŸ å¸‚å›ºé•‡å¿','area',1,NULL,NULL,NULL),('AreaCode','340400','å®‰å¾½çœæ·®å—å¸‚','city',1,NULL,NULL,NULL),('AreaCode','340401','å®‰å¾½çœæ·®å—å¸‚å¸‚è¾–åŒº','area',1,NULL,NULL,NULL),('AreaCode','340402','å®‰å¾½çœæ·®å—å¸‚å¤§é€šåŒº','area',1,NULL,NULL,NULL),('AreaCode','340403','å®‰å¾½çœæ·®å—å¸‚ç”°å®¶åºµåŒº','area',1,NULL,NULL,NULL),('AreaCode','340404','å®‰å¾½çœæ·®å—å¸‚è°¢å®¶é›†åŒº','area',1,NULL,NULL,NULL),('AreaCode','340405','å®‰å¾½çœæ·®å—å¸‚å…«å…¬å±±åŒº','area',1,NULL,NULL,NULL),('AreaCode','340406','å®‰å¾½çœæ·®å—å¸‚æ½˜é›†åŒº','area',1,NULL,NULL,NULL),('AreaCode','340421','å®‰å¾½çœæ·®å—å¸‚å‡¤å°å¿','area',1,NULL,NULL,NULL),('AreaCode','340422','å®‰å¾½çœæ·®å—å¸‚å¯¿å¿','area',1,NULL,NULL,NULL),('AreaCode','340500','å®‰å¾½çœé©¬éå±±å¸‚','city',1,NULL,NULL,NULL),('AreaCode','340501','å®‰å¾½çœé©¬éå±±å¸‚å¸‚è¾–åŒº','area',1,NULL,NULL,NULL),('AreaCode','340503','å®‰å¾½çœé©¬éå±±å¸‚èŠ±å±±åŒº','area',1,NULL,NULL,NULL),('AreaCode','340504','å®‰å¾½çœé©¬éå±±å¸‚é›¨å±±åŒº','area',1,NULL,NULL,NULL),('AreaCode','340506','å®‰å¾½çœé©¬éå±±å¸‚åšæœ›åŒº','area',1,NULL,NULL,NULL),('AreaCode','340521','å®‰å¾½çœé©¬éå±±å¸‚å½“æ¶‚å¿','area',1,NULL,NULL,NULL),('AreaCode','340522','å®‰å¾½çœé©¬éå±±å¸‚å«å±±å¿','area',1,NULL,NULL,NULL),('AreaCode','340523','å®‰å¾½çœé©¬éå±±å¸‚å’Œå¿','area',1,NULL,NULL,NULL),('AreaCode','340600','å®‰å¾½çœæ·®åŒ—å¸‚','city',1,NULL,NULL,NULL),('AreaCode','340601','å®‰å¾½çœæ·®åŒ—å¸‚å¸‚è¾–åŒº','area',1,NULL,NULL,NULL),('AreaCode','340602','å®‰å¾½çœæ·®åŒ—å¸‚æœé›†åŒº','area',1,NULL,NULL,NULL),('AreaCode','340603','å®‰å¾½çœæ·®åŒ—å¸‚ç›¸å±±åŒº','area',1,NULL,NULL,NULL),('AreaCode','340604','å®‰å¾½çœæ·®åŒ—å¸‚çƒˆå±±åŒº','area',1,NULL,NULL,NULL),('AreaCode','340621','å®‰å¾½çœæ·®åŒ—å¸‚æ¿‰æºªå¿','area',1,NULL,NULL,NULL),('AreaCode','340700','å®‰å¾½çœé“œé™µå¸‚','city',1,NULL,NULL,NULL),('AreaCode','340701','å®‰å¾½çœé“œé™µå¸‚å¸‚è¾–åŒº','area',1,NULL,NULL,NULL),('AreaCode','340705','å®‰å¾½çœé“œé™µå¸‚é“œå®˜åŒº','area',1,NULL,NULL,NULL),('AreaCode','340706','å®‰å¾½çœé“œé™µå¸‚ä¹‰å®‰åŒº','area',1,NULL,NULL,NULL),('AreaCode','340711','å®‰å¾½çœé“œé™µå¸‚éƒŠåŒº','area',1,NULL,NULL,NULL),('AreaCode','340722','å®‰å¾½çœé“œé™µå¸‚æé˜³å¿','area',1,NULL,NULL,NULL),('AreaCode','340800','å®‰å¾½çœå®‰åº†å¸‚','city',1,NULL,NULL,NULL),('AreaCode','340801','å®‰å¾½çœå®‰åº†å¸‚å¸‚è¾–åŒº','area',1,NULL,NULL,NULL),('AreaCode','340802','å®‰å¾½çœå®‰åº†å¸‚è¿æ±ŸåŒº','area',1,NULL,NULL,NULL),('AreaCode','340803','å®‰å¾½çœå®‰åº†å¸‚å¤§è§‚åŒº','area',1,NULL,NULL,NULL),('AreaCode','340811','å®‰å¾½çœå®‰åº†å¸‚å®œç§€åŒº','area',1,NULL,NULL,NULL),('AreaCode','340822','å®‰å¾½çœå®‰åº†å¸‚æ€€å®å¿','area',1,NULL,NULL,NULL),('AreaCode','340824','å®‰å¾½çœå®‰åº†å¸‚æ½œå±±å¿','area',1,NULL,NULL,NULL),('AreaCode','340825','å®‰å¾½çœå®‰åº†å¸‚å¤ªæ¹–å¿','area',1,NULL,NULL,NULL),('AreaCode','340826','å®‰å¾½çœå®‰åº†å¸‚å®¿æ¾å¿','area',1,NULL,NULL,NULL),('AreaCode','340827','å®‰å¾½çœå®‰åº†å¸‚æœ›æ±Ÿå¿','area',1,NULL,NULL,NULL),('AreaCode','340828','å®‰å¾½çœå®‰åº†å¸‚å²³è¥¿å¿','area',1,NULL,NULL,NULL),('AreaCode','340881','å®‰å¾½çœå®‰åº†å¸‚æ¡åŸå¸‚','area',1,NULL,NULL,NULL),('AreaCode','341000','å®‰å¾½çœé»„å±±å¸‚','city',1,NULL,NULL,NULL),('AreaCode','341001','å®‰å¾½çœé»„å±±å¸‚å¸‚è¾–åŒº','area',1,NULL,NULL,NULL),('AreaCode','341002','å®‰å¾½çœé»„å±±å¸‚å±¯æºªåŒº','area',1,NULL,NULL,NULL),('AreaCode','341003','å®‰å¾½çœé»„å±±å¸‚é»„å±±åŒº','area',1,NULL,NULL,NULL),('AreaCode','341004','å®‰å¾½çœé»„å±±å¸‚å¾½å·åŒº','area',1,NULL,NULL,NULL),('AreaCode','341021','å®‰å¾½çœé»„å±±å¸‚æ­™å¿','area',1,NULL,NULL,NULL),('AreaCode','341022','å®‰å¾½çœé»„å±±å¸‚ä¼‘å®å¿','area',1,NULL,NULL,NULL),('AreaCode','341023','å®‰å¾½çœé»„å±±å¸‚é»Ÿå¿','area',1,NULL,NULL,NULL),('AreaCode','341024','å®‰å¾½çœé»„å±±å¸‚ç¥é—¨å¿','area',1,NULL,NULL,NULL),('AreaCode','341100','å®‰å¾½çœæ»å·å¸‚','city',1,NULL,NULL,NULL),('AreaCode','341101','å®‰å¾½çœæ»å·å¸‚å¸‚è¾–åŒº','area',1,NULL,NULL,NULL),('AreaCode','341102','å®‰å¾½çœæ»å·å¸‚ç…çŠåŒº','area',1,NULL,NULL,NULL),('AreaCode','341103','å®‰å¾½çœæ»å·å¸‚å—è°¯åŒº','area',1,NULL,NULL,NULL),('AreaCode','341122','å®‰å¾½çœæ»å·å¸‚æ¥å®‰å¿','area',1,NULL,NULL,NULL),('AreaCode','341124','å®‰å¾½çœæ»å·å¸‚å…¨æ¤’å¿','area',1,NULL,NULL,NULL),('AreaCode','341125','å®‰å¾½çœæ»å·å¸‚å®šè¿œå¿','area',1,NULL,NULL,NULL),('AreaCode','341126','å®‰å¾½çœæ»å·å¸‚å‡¤é˜³å¿','area',1,NULL,NULL,NULL),('AreaCode','341181','å®‰å¾½çœæ»å·å¸‚å¤©é•¿å¸‚','area',1,NULL,NULL,NULL),('AreaCode','341182','å®‰å¾½çœæ»å·å¸‚æ˜å…‰å¸‚','area',1,NULL,NULL,NULL),('AreaCode','341200','å®‰å¾½çœé˜œé˜³å¸‚','city',1,NULL,NULL,NULL),('AreaCode','341201','å®‰å¾½çœé˜œé˜³å¸‚å¸‚è¾–åŒº','area',1,NULL,NULL,NULL),('AreaCode','341202','å®‰å¾½çœé˜œé˜³å¸‚é¢å·åŒº','area',1,NULL,NULL,NULL),('AreaCode','341203','å®‰å¾½çœé˜œé˜³å¸‚é¢ä¸œåŒº','area',1,NULL,NULL,NULL),('AreaCode','341204','å®‰å¾½çœé˜œé˜³å¸‚é¢æ³‰åŒº','area',1,NULL,NULL,NULL),('AreaCode','341221','å®‰å¾½çœé˜œé˜³å¸‚ä¸´æ³‰å¿','area',1,NULL,NULL,NULL),('AreaCode','341222','å®‰å¾½çœé˜œé˜³å¸‚å¤ªå’Œå¿','area',1,NULL,NULL,NULL),('AreaCode','341225','å®‰å¾½çœé˜œé˜³å¸‚é˜œå—å¿','area',1,NULL,NULL,NULL),('AreaCode','341226','å®‰å¾½çœé˜œé˜³å¸‚é¢ä¸Šå¿','area',1,NULL,NULL,NULL),('AreaCode','341282','å®‰å¾½çœé˜œé˜³å¸‚ç•Œé¦–å¸‚','area',1,NULL,NULL,NULL),('AreaCode','341300','å®‰å¾½çœå®¿å·å¸‚','city',1,NULL,NULL,NULL),('AreaCode','341301','å®‰å¾½çœå®¿å·å¸‚å¸‚è¾–åŒº','area',1,NULL,NULL,NULL),('AreaCode','341302','å®‰å¾½çœå®¿å·å¸‚åŸ‡æ¡¥åŒº','area',1,NULL,NULL,NULL),('AreaCode','341321','å®‰å¾½çœå®¿å·å¸‚ç €å±±å¿','area',1,NULL,NULL,NULL),('AreaCode','341322','å®‰å¾½çœå®¿å·å¸‚è§å¿','area',1,NULL,NULL,NULL),('AreaCode','341323','å®‰å¾½çœå®¿å·å¸‚çµç’§å¿','area',1,NULL,NULL,NULL),('AreaCode','341324','å®‰å¾½çœå®¿å·å¸‚æ³—å¿','area',1,NULL,NULL,NULL),('AreaCode','341500','å®‰å¾½çœå…­å®‰å¸‚','city',1,NULL,NULL,NULL),('AreaCode','341501','å®‰å¾½çœå…­å®‰å¸‚å¸‚è¾–åŒº','area',1,NULL,NULL,NULL),('AreaCode','341502','å®‰å¾½çœå…­å®‰å¸‚é‡‘å®‰åŒº','area',1,NULL,NULL,NULL),('AreaCode','341503','å®‰å¾½çœå…­å®‰å¸‚è£•å®‰åŒº','area',1,NULL,NULL,NULL),('AreaCode','341504','å®‰å¾½çœå…­å®‰å¸‚å¶é›†åŒº','area',1,NULL,NULL,NULL),('AreaCode','341522','å®‰å¾½çœå…­å®‰å¸‚éœé‚±å¿','area',1,NULL,NULL,NULL),('AreaCode','341523','å®‰å¾½çœå…­å®‰å¸‚èˆ’åŸå¿','area',1,NULL,NULL,NULL),('AreaCode','341524','å®‰å¾½çœå…­å®‰å¸‚é‡‘å¯¨å¿','area',1,NULL,NULL,NULL),('AreaCode','341525','å®‰å¾½çœå…­å®‰å¸‚éœå±±å¿','area',1,NULL,NULL,NULL),('AreaCode','341600','å®‰å¾½çœäº³å·å¸‚','city',1,NULL,NULL,NULL),('AreaCode','341601','å®‰å¾½çœäº³å·å¸‚å¸‚è¾–åŒº','area',1,NULL,NULL,NULL),('AreaCode','341602','å®‰å¾½çœäº³å·å¸‚è°¯åŸåŒº','area',1,NULL,NULL,NULL),('AreaCode','341621','å®‰å¾½çœäº³å·å¸‚æ¶¡é˜³å¿','area',1,NULL,NULL,NULL),('AreaCode','341622','å®‰å¾½çœäº³å·å¸‚è’™åŸå¿','area',1,NULL,NULL,NULL),('AreaCode','341623','å®‰å¾½çœäº³å·å¸‚åˆ©è¾›å¿','area',1,NULL,NULL,NULL),('AreaCode','341700','å®‰å¾½çœæ± å·å¸‚','city',1,NULL,NULL,NULL),('AreaCode','341701','å®‰å¾½çœæ± å·å¸‚å¸‚è¾–åŒº','area',1,NULL,NULL,NULL),('AreaCode','341702','å®‰å¾½çœæ± å·å¸‚è´µæ± åŒº','area',1,NULL,NULL,NULL),('AreaCode','341721','å®‰å¾½çœæ± å·å¸‚ä¸œè‡³å¿','area',1,NULL,NULL,NULL),('AreaCode','341722','å®‰å¾½çœæ± å·å¸‚çŸ³å°å¿','area',1,NULL,NULL,NULL),('AreaCode','341723','å®‰å¾½çœæ± å·å¸‚é’é˜³å¿','area',1,NULL,NULL,NULL),('AreaCode','341800','å®‰å¾½çœå®£åŸå¸‚','city',1,NULL,NULL,NULL),('AreaCode','341801','å®‰å¾½çœå®£åŸå¸‚å¸‚è¾–åŒº','area',1,NULL,NULL,NULL),('AreaCode','341802','å®‰å¾½çœå®£åŸå¸‚å®£å·åŒº','area',1,NULL,NULL,NULL),('AreaCode','341821','å®‰å¾½çœå®£åŸå¸‚éƒæºªå¿','area',1,NULL,NULL,NULL),('AreaCode','341822','å®‰å¾½çœå®£åŸå¸‚å¹¿å¾·å¿','area',1,NULL,NULL,NULL),('AreaCode','341823','å®‰å¾½çœå®£åŸå¸‚æ³¾å¿','area',1,NULL,NULL,NULL),('AreaCode','341824','å®‰å¾½çœå®£åŸå¸‚ç»©æºªå¿','area',1,NULL,NULL,NULL),('AreaCode','341825','å®‰å¾½çœå®£åŸå¸‚æ—Œå¾·å¿','area',1,NULL,NULL,NULL),('AreaCode','341881','å®‰å¾½çœå®£åŸå¸‚å®å›½å¸‚','area',1,NULL,NULL,NULL),('AreaCode','350000','ç¦å»ºçœ','province',1,NULL,NULL,NULL),('AreaCode','350100','ç¦å»ºçœç¦å·å¸‚','city',1,NULL,NULL,NULL),('AreaCode','350101','ç¦å»ºçœç¦å·å¸‚å¸‚è¾–åŒº','area',1,NULL,NULL,NULL),('AreaCode','350102','ç¦å»ºçœç¦å·å¸‚é¼“æ¥¼åŒº','area',1,NULL,NULL,NULL),('AreaCode','350103','ç¦å»ºçœç¦å·å¸‚å°æ±ŸåŒº','area',1,NULL,NULL,NULL),('AreaCode','350104','ç¦å»ºçœç¦å·å¸‚ä»“å±±åŒº','area',1,NULL,NULL,NULL),('AreaCode','350105','ç¦å»ºçœç¦å·å¸‚é©¬å°¾åŒº','area',1,NULL,NULL,NULL),('AreaCode','350111','ç¦å»ºçœç¦å·å¸‚æ™‹å®‰åŒº','area',1,NULL,NULL,NULL),('AreaCode','350121','ç¦å»ºçœç¦å·å¸‚é—½ä¾¯å¿','area',1,NULL,NULL,NULL),('AreaCode','350122','ç¦å»ºçœç¦å·å¸‚è¿æ±Ÿå¿','area',1,NULL,NULL,NULL),('AreaCode','350123','ç¦å»ºçœç¦å·å¸‚ç½—æºå¿','area',1,NULL,NULL,NULL),('AreaCode','350124','ç¦å»ºçœç¦å·å¸‚é—½æ¸…å¿','area',1,NULL,NULL,NULL),('AreaCode','350125','ç¦å»ºçœç¦å·å¸‚æ°¸æ³°å¿','area',1,NULL,NULL,NULL),('AreaCode','350128','ç¦å»ºçœç¦å·å¸‚å¹³æ½­å¿','area',1,NULL,NULL,NULL),('AreaCode','350181','ç¦å»ºçœç¦å·å¸‚ç¦æ¸…å¸‚','area',1,NULL,NULL,NULL),('AreaCode','350182','ç¦å»ºçœç¦å·å¸‚é•¿ä¹å¸‚','area',1,NULL,NULL,NULL),('AreaCode','350200','ç¦å»ºçœå¦é—¨å¸‚','city',1,NULL,NULL,NULL),('AreaCode','350201','ç¦å»ºçœå¦é—¨å¸‚å¸‚è¾–åŒº','area',1,NULL,NULL,NULL),('AreaCode','350203','ç¦å»ºçœå¦é—¨å¸‚æ€æ˜åŒº','area',1,NULL,NULL,NULL),('AreaCode','350205','ç¦å»ºçœå¦é—¨å¸‚æµ·æ²§åŒº','area',1,NULL,NULL,NULL),('AreaCode','350206','ç¦å»ºçœå¦é—¨å¸‚æ¹–é‡ŒåŒº','area',1,NULL,NULL,NULL),('AreaCode','350211','ç¦å»ºçœå¦é—¨å¸‚é›†ç¾åŒº','area',1,NULL,NULL,NULL),('AreaCode','350212','ç¦å»ºçœå¦é—¨å¸‚åŒå®‰åŒº','area',1,NULL,NULL,NULL),('AreaCode','350213','ç¦å»ºçœå¦é—¨å¸‚ç¿”å®‰åŒº','area',1,NULL,NULL,NULL),('AreaCode','350300','ç¦å»ºçœè†ç”°å¸‚','city',1,NULL,NULL,NULL),('AreaCode','350301','ç¦å»ºçœè†ç”°å¸‚å¸‚è¾–åŒº','area',1,NULL,NULL,NULL),('AreaCode','350302','ç¦å»ºçœè†ç”°å¸‚åŸå¢åŒº','area',1,NULL,NULL,NULL),('AreaCode','350303','ç¦å»ºçœè†ç”°å¸‚æ¶µæ±ŸåŒº','area',1,NULL,NULL,NULL),('AreaCode','350304','ç¦å»ºçœè†ç”°å¸‚è”åŸåŒº','area',1,NULL,NULL,NULL),('AreaCode','350305','ç¦å»ºçœè†ç”°å¸‚ç§€å±¿åŒº','area',1,NULL,NULL,NULL),('AreaCode','350322','ç¦å»ºçœè†ç”°å¸‚ä»™æ¸¸å¿','area',1,NULL,NULL,NULL),('AreaCode','350400','ç¦å»ºçœä¸‰æ˜å¸‚','city',1,NULL,NULL,NULL),('AreaCode','350401','ç¦å»ºçœä¸‰æ˜å¸‚å¸‚è¾–åŒº','area',1,NULL,NULL,NULL),('AreaCode','350402','ç¦å»ºçœä¸‰æ˜å¸‚æ¢…åˆ—åŒº','area',1,NULL,NULL,NULL),('AreaCode','350403','ç¦å»ºçœä¸‰æ˜å¸‚ä¸‰å…ƒåŒº','area',1,NULL,NULL,NULL),('AreaCode','350421','ç¦å»ºçœä¸‰æ˜å¸‚æ˜æºªå¿','area',1,NULL,NULL,NULL),('AreaCode','350423','ç¦å»ºçœä¸‰æ˜å¸‚æ¸…æµå¿','area',1,NULL,NULL,NULL),('AreaCode','350424','ç¦å»ºçœä¸‰æ˜å¸‚å®åŒ–å¿','area',1,NULL,NULL,NULL),('AreaCode','350425','ç¦å»ºçœä¸‰æ˜å¸‚å¤§ç”°å¿','area',1,NULL,NULL,NULL),('AreaCode','350426','ç¦å»ºçœä¸‰æ˜å¸‚å°¤æºªå¿','area',1,NULL,NULL,NULL),('AreaCode','350427','ç¦å»ºçœä¸‰æ˜å¸‚æ²™å¿','area',1,NULL,NULL,NULL),('AreaCode','350428','ç¦å»ºçœä¸‰æ˜å¸‚å°†ä¹å¿','area',1,NULL,NULL,NULL),('AreaCode','350429','ç¦å»ºçœä¸‰æ˜å¸‚æ³°å®å¿','area',1,NULL,NULL,NULL),('AreaCode','350430','ç¦å»ºçœä¸‰æ˜å¸‚å»ºå®å¿','area',1,NULL,NULL,NULL),('AreaCode','350481','ç¦å»ºçœä¸‰æ˜å¸‚æ°¸å®‰å¸‚','area',1,NULL,NULL,NULL),('AreaCode','350500','ç¦å»ºçœæ³‰å·å¸‚','city',1,NULL,NULL,NULL),('AreaCode','350501','ç¦å»ºçœæ³‰å·å¸‚å¸‚è¾–åŒº','area',1,NULL,NULL,NULL),('AreaCode','350502','ç¦å»ºçœæ³‰å·å¸‚é²¤åŸåŒº','area',1,NULL,NULL,NULL),('AreaCode','350503','ç¦å»ºçœæ³‰å·å¸‚ä¸°æ³½åŒº','area',1,NULL,NULL,NULL),('AreaCode','350504','ç¦å»ºçœæ³‰å·å¸‚æ´›æ±ŸåŒº','area',1,NULL,NULL,NULL),('AreaCode','350505','ç¦å»ºçœæ³‰å·å¸‚æ³‰æ¸¯åŒº','area',1,NULL,NULL,NULL),('AreaCode','350521','ç¦å»ºçœæ³‰å·å¸‚æƒ å®‰å¿','area',1,NULL,NULL,NULL),('AreaCode','350524','ç¦å»ºçœæ³‰å·å¸‚å®‰æºªå¿','area',1,NULL,NULL,NULL),('AreaCode','350525','ç¦å»ºçœæ³‰å·å¸‚æ°¸æ˜¥å¿','area',1,NULL,NULL,NULL),('AreaCode','350526','ç¦å»ºçœæ³‰å·å¸‚å¾·åŒ–å¿','area',1,NULL,NULL,NULL),('AreaCode','350527','ç¦å»ºçœæ³‰å·å¸‚é‡‘é—¨å¿','area',1,NULL,NULL,NULL),('AreaCode','350581','ç¦å»ºçœæ³‰å·å¸‚çŸ³ç‹®å¸‚','area',1,NULL,NULL,NULL),('AreaCode','350582','ç¦å»ºçœæ³‰å·å¸‚æ™‹æ±Ÿå¸‚','area',1,NULL,NULL,NULL),('AreaCode','350583','ç¦å»ºçœæ³‰å·å¸‚å—å®‰å¸‚','area',1,NULL,NULL,NULL),('AreaCode','350600','ç¦å»ºçœæ¼³å·å¸‚','city',1,NULL,NULL,NULL),('AreaCode','350601','ç¦å»ºçœæ¼³å·å¸‚å¸‚è¾–åŒº','area',1,NULL,NULL,NULL),('AreaCode','350602','ç¦å»ºçœæ¼³å·å¸‚èŠ—åŸåŒº','area',1,NULL,NULL,NULL),('AreaCode','350603','ç¦å»ºçœæ¼³å·å¸‚é¾™æ–‡åŒº','area',1,NULL,NULL,NULL),('AreaCode','350622','ç¦å»ºçœæ¼³å·å¸‚äº‘éœ„å¿','area',1,NULL,NULL,NULL),('AreaCode','350623','ç¦å»ºçœæ¼³å·å¸‚æ¼³æµ¦å¿','area',1,NULL,NULL,NULL),('AreaCode','350624','ç¦å»ºçœæ¼³å·å¸‚è¯å®‰å¿','area',1,NULL,NULL,NULL),('AreaCode','350625','ç¦å»ºçœæ¼³å·å¸‚é•¿æ³°å¿','area',1,NULL,NULL,NULL),('AreaCode','350626','ç¦å»ºçœæ¼³å·å¸‚ä¸œå±±å¿','area',1,NULL,NULL,NULL),('AreaCode','350627','ç¦å»ºçœæ¼³å·å¸‚å—é–å¿','area',1,NULL,NULL,NULL),('AreaCode','350628','ç¦å»ºçœæ¼³å·å¸‚å¹³å’Œå¿','area',1,NULL,NULL,NULL),('AreaCode','350629','ç¦å»ºçœæ¼³å·å¸‚åå®‰å¿','area',1,NULL,NULL,NULL),('AreaCode','350681','ç¦å»ºçœæ¼³å·å¸‚é¾™æµ·å¸‚','area',1,NULL,NULL,NULL),('AreaCode','350700','ç¦å»ºçœå—å¹³å¸‚','city',1,NULL,NULL,NULL),('AreaCode','350701','ç¦å»ºçœå—å¹³å¸‚å¸‚è¾–åŒº','area',1,NULL,NULL,NULL),('AreaCode','350702','ç¦å»ºçœå—å¹³å¸‚å»¶å¹³åŒº','area',1,NULL,NULL,NULL),('AreaCode','350703','ç¦å»ºçœå—å¹³å¸‚å»ºé˜³åŒº','area',1,NULL,NULL,NULL),('AreaCode','350721','ç¦å»ºçœå—å¹³å¸‚é¡ºæ˜Œå¿','area',1,NULL,NULL,NULL),('AreaCode','350722','ç¦å»ºçœå—å¹³å¸‚æµ¦åŸå¿','area',1,NULL,NULL,NULL),('AreaCode','350723','ç¦å»ºçœå—å¹³å¸‚å…‰æ³½å¿','area',1,NULL,NULL,NULL),('AreaCode','350724','ç¦å»ºçœå—å¹³å¸‚æ¾æºªå¿','area',1,NULL,NULL,NULL),('AreaCode','350725','ç¦å»ºçœå—å¹³å¸‚æ”¿å’Œå¿','area',1,NULL,NULL,NULL),('AreaCode','350781','ç¦å»ºçœå—å¹³å¸‚é‚µæ­¦å¸‚','area',1,NULL,NULL,NULL),('AreaCode','350782','ç¦å»ºçœå—å¹³å¸‚æ­¦å¤·å±±å¸‚','area',1,NULL,NULL,NULL),('AreaCode','350783','ç¦å»ºçœå—å¹³å¸‚å»ºç“¯å¸‚','area',1,NULL,NULL,NULL),('AreaCode','350800','ç¦å»ºçœé¾™å²©å¸‚','city',1,NULL,NULL,NULL),('AreaCode','350801','ç¦å»ºçœé¾™å²©å¸‚å¸‚è¾–åŒº','area',1,NULL,NULL,NULL),('AreaCode','350802','ç¦å»ºçœé¾™å²©å¸‚æ–°ç½—åŒº','area',1,NULL,NULL,NULL),('AreaCode','350803','ç¦å»ºçœé¾™å²©å¸‚æ°¸å®šåŒº','area',1,NULL,NULL,NULL),('AreaCode','350821','ç¦å»ºçœé¾™å²©å¸‚é•¿æ±€å¿','area',1,NULL,NULL,NULL),('AreaCode','350823','ç¦å»ºçœé¾™å²©å¸‚ä¸Šæ­å¿','area',1,NULL,NULL,NULL),('AreaCode','350824','ç¦å»ºçœé¾™å²©å¸‚æ­¦å¹³å¿','area',1,NULL,NULL,NULL),('AreaCode','350825','ç¦å»ºçœé¾™å²©å¸‚è¿åŸå¿','area',1,NULL,NULL,NULL),('AreaCode','350881','ç¦å»ºçœé¾™å²©å¸‚æ¼³å¹³å¸‚','area',1,NULL,NULL,NULL),('AreaCode','350900','ç¦å»ºçœå®å¾·å¸‚','city',1,NULL,NULL,NULL),('AreaCode','350901','ç¦å»ºçœå®å¾·å¸‚å¸‚è¾–åŒº','area',1,NULL,NULL,NULL),('AreaCode','350902','ç¦å»ºçœå®å¾·å¸‚è•‰åŸåŒº','area',1,NULL,NULL,NULL),('AreaCode','350921','ç¦å»ºçœå®å¾·å¸‚éœæµ¦å¿','area',1,NULL,NULL,NULL),('AreaCode','350922','ç¦å»ºçœå®å¾·å¸‚å¤ç”°å¿','area',1,NULL,NULL,NULL),('AreaCode','350923','ç¦å»ºçœå®å¾·å¸‚å±å—å¿','area',1,NULL,NULL,NULL),('AreaCode','350924','ç¦å»ºçœå®å¾·å¸‚å¯¿å®å¿','area',1,NULL,NULL,NULL),('AreaCode','350925','ç¦å»ºçœå®å¾·å¸‚å‘¨å®å¿','area',1,NULL,NULL,NULL),('AreaCode','350926','ç¦å»ºçœå®å¾·å¸‚æŸ˜è£å¿','area',1,NULL,NULL,NULL),('AreaCode','350981','ç¦å»ºçœå®å¾·å¸‚ç¦å®‰å¸‚','area',1,NULL,NULL,NULL),('AreaCode','350982','ç¦å»ºçœå®å¾·å¸‚ç¦é¼å¸‚','area',1,NULL,NULL,NULL),('AreaCode','360000','æ±Ÿè¥¿çœ','province',1,NULL,NULL,NULL),('AreaCode','360100','æ±Ÿè¥¿çœå—æ˜Œå¸‚','city',1,NULL,NULL,NULL),('AreaCode','360101','æ±Ÿè¥¿çœå—æ˜Œå¸‚å¸‚è¾–åŒº','area',1,NULL,NULL,NULL),('AreaCode','360102','æ±Ÿè¥¿çœå—æ˜Œå¸‚ä¸œæ¹–åŒº','area',1,NULL,NULL,NULL),('AreaCode','360103','æ±Ÿè¥¿çœå—æ˜Œå¸‚è¥¿æ¹–åŒº','area',1,NULL,NULL,NULL),('AreaCode','360104','æ±Ÿè¥¿çœå—æ˜Œå¸‚é’äº‘è°±åŒº','area',1,NULL,NULL,NULL),('AreaCode','360105','æ±Ÿè¥¿çœå—æ˜Œå¸‚æ¹¾é‡ŒåŒº','area',1,NULL,NULL,NULL),('AreaCode','360111','æ±Ÿè¥¿çœå—æ˜Œå¸‚é’å±±æ¹–åŒº','area',1,NULL,NULL,NULL),('AreaCode','360112','æ±Ÿè¥¿çœå—æ˜Œå¸‚æ–°å»ºåŒº','area',1,NULL,NULL,NULL),('AreaCode','360121','æ±Ÿè¥¿çœå—æ˜Œå¸‚å—æ˜Œå¿','area',1,NULL,NULL,NULL),('AreaCode','360123','æ±Ÿè¥¿çœå—æ˜Œå¸‚å®‰ä¹‰å¿','area',1,NULL,NULL,NULL),('AreaCode','360124','æ±Ÿè¥¿çœå—æ˜Œå¸‚è¿›è´¤å¿','area',1,NULL,NULL,NULL),('AreaCode','360200','æ±Ÿè¥¿çœæ™¯å¾·é•‡å¸‚','city',1,NULL,NULL,NULL),('AreaCode','360201','æ±Ÿè¥¿çœæ™¯å¾·é•‡å¸‚å¸‚è¾–åŒº','area',1,NULL,NULL,NULL),('AreaCode','360202','æ±Ÿè¥¿çœæ™¯å¾·é•‡å¸‚æ˜Œæ±ŸåŒº','area',1,NULL,NULL,NULL),('AreaCode','360203','æ±Ÿè¥¿çœæ™¯å¾·é•‡å¸‚ç å±±åŒº','area',1,NULL,NULL,NULL),('AreaCode','360222','æ±Ÿè¥¿çœæ™¯å¾·é•‡å¸‚æµ®æ¢å¿','area',1,NULL,NULL,NULL),('AreaCode','360281','æ±Ÿè¥¿çœæ™¯å¾·é•‡å¸‚ä¹å¹³å¸‚','area',1,NULL,NULL,NULL),('AreaCode','360300','æ±Ÿè¥¿çœèä¹¡å¸‚','city',1,NULL,NULL,NULL),('AreaCode','360301','æ±Ÿè¥¿çœèä¹¡å¸‚å¸‚è¾–åŒº','area',1,NULL,NULL,NULL),('AreaCode','360302','æ±Ÿè¥¿çœèä¹¡å¸‚å®‰æºåŒº','area',1,NULL,NULL,NULL),('AreaCode','360313','æ±Ÿè¥¿çœèä¹¡å¸‚æ¹˜ä¸œåŒº','area',1,NULL,NULL,NULL),('AreaCode','360321','æ±Ÿè¥¿çœèä¹¡å¸‚è²èŠ±å¿','area',1,NULL,NULL,NULL),('AreaCode','360322','æ±Ÿè¥¿çœèä¹¡å¸‚ä¸Šæ —å¿','area',1,NULL,NULL,NULL),('AreaCode','360323','æ±Ÿè¥¿çœèä¹¡å¸‚èŠ¦æºªå¿','area',1,NULL,NULL,NULL),('AreaCode','360400','æ±Ÿè¥¿çœä¹æ±Ÿå¸‚','city',1,NULL,NULL,NULL),('AreaCode','360401','æ±Ÿè¥¿çœä¹æ±Ÿå¸‚å¸‚è¾–åŒº','area',1,NULL,NULL,NULL),('AreaCode','360402','æ±Ÿè¥¿çœä¹æ±Ÿå¸‚æ¿‚æºªåŒº','area',1,NULL,NULL,NULL),('AreaCode','360403','æ±Ÿè¥¿çœä¹æ±Ÿå¸‚æµ”é˜³åŒº','area',1,NULL,NULL,NULL),('AreaCode','360421','æ±Ÿè¥¿çœä¹æ±Ÿå¸‚ä¹æ±Ÿå¿','area',1,NULL,NULL,NULL),('AreaCode','360423','æ±Ÿè¥¿çœä¹æ±Ÿå¸‚æ­¦å®å¿','area',1,NULL,NULL,NULL),('AreaCode','360424','æ±Ÿè¥¿çœä¹æ±Ÿå¸‚ä¿®æ°´å¿','area',1,NULL,NULL,NULL),('AreaCode','360425','æ±Ÿè¥¿çœä¹æ±Ÿå¸‚æ°¸ä¿®å¿','area',1,NULL,NULL,NULL),('AreaCode','360426','æ±Ÿè¥¿çœä¹æ±Ÿå¸‚å¾·å®‰å¿','area',1,NULL,NULL,NULL),('AreaCode','360428','æ±Ÿè¥¿çœä¹æ±Ÿå¸‚éƒ½æ˜Œå¿','area',1,NULL,NULL,NULL),('AreaCode','360429','æ±Ÿè¥¿çœä¹æ±Ÿå¸‚æ¹–å£å¿','area',1,NULL,NULL,NULL),('AreaCode','360430','æ±Ÿè¥¿çœä¹æ±Ÿå¸‚å½­æ³½å¿','area',1,NULL,NULL,NULL),('AreaCode','360481','æ±Ÿè¥¿çœä¹æ±Ÿå¸‚ç‘æ˜Œå¸‚','area',1,NULL,NULL,NULL),('AreaCode','360482','æ±Ÿè¥¿çœä¹æ±Ÿå¸‚å…±é’åŸå¸‚','area',1,NULL,NULL,NULL),('AreaCode','360483','æ±Ÿè¥¿çœä¹æ±Ÿå¸‚åºå±±å¸‚','area',1,NULL,NULL,NULL),('AreaCode','360500','æ±Ÿè¥¿çœæ–°ä½™å¸‚','city',1,NULL,NULL,NULL),('AreaCode','360501','æ±Ÿè¥¿çœæ–°ä½™å¸‚å¸‚è¾–åŒº','area',1,NULL,NULL,NULL),('AreaCode','360502','æ±Ÿè¥¿çœæ–°ä½™å¸‚æ¸æ°´åŒº','area',1,NULL,NULL,NULL),('AreaCode','360521','æ±Ÿè¥¿çœæ–°ä½™å¸‚åˆ†å®œå¿','area',1,NULL,NULL,NULL),('AreaCode','360600','æ±Ÿè¥¿çœé¹°æ½­å¸‚','city',1,NULL,NULL,NULL),('AreaCode','360601','æ±Ÿè¥¿çœé¹°æ½­å¸‚å¸‚è¾–åŒº','area',1,NULL,NULL,NULL),('AreaCode','360602','æ±Ÿè¥¿çœé¹°æ½­å¸‚æœˆæ¹–åŒº','area',1,NULL,NULL,NULL),('AreaCode','360622','æ±Ÿè¥¿çœé¹°æ½­å¸‚ä½™æ±Ÿå¿','area',1,NULL,NULL,NULL),('AreaCode','360681','æ±Ÿè¥¿çœé¹°æ½­å¸‚è´µæºªå¸‚','area',1,NULL,NULL,NULL),('AreaCode','360700','æ±Ÿè¥¿çœèµ£å·å¸‚','city',1,NULL,NULL,NULL),('AreaCode','360701','æ±Ÿè¥¿çœèµ£å·å¸‚å¸‚è¾–åŒº','area',1,NULL,NULL,NULL),('AreaCode','360702','æ±Ÿè¥¿çœèµ£å·å¸‚ç« è´¡åŒº','area',1,NULL,NULL,NULL),('AreaCode','360703','æ±Ÿè¥¿çœèµ£å·å¸‚å—åº·åŒº','area',1,NULL,NULL,NULL),('AreaCode','360721','æ±Ÿè¥¿çœèµ£å·å¸‚èµ£å¿','area',1,NULL,NULL,NULL),('AreaCode','360722','æ±Ÿè¥¿çœèµ£å·å¸‚ä¿¡ä¸°å¿','area',1,NULL,NULL,NULL),('AreaCode','360723','æ±Ÿè¥¿çœèµ£å·å¸‚å¤§ä½™å¿','area',1,NULL,NULL,NULL),('AreaCode','360724','æ±Ÿè¥¿çœèµ£å·å¸‚ä¸ŠçŠ¹å¿','area',1,NULL,NULL,NULL),('AreaCode','360725','æ±Ÿè¥¿çœèµ£å·å¸‚å´‡ä¹‰å¿','area',1,NULL,NULL,NULL),('AreaCode','360726','æ±Ÿè¥¿çœèµ£å·å¸‚å®‰è¿œå¿','area',1,NULL,NULL,NULL),('AreaCode','360727','æ±Ÿè¥¿çœèµ£å·å¸‚é¾™å—å¿','area',1,NULL,NULL,NULL),('AreaCode','360728','æ±Ÿè¥¿çœèµ£å·å¸‚å®šå—å¿','area',1,NULL,NULL,NULL),('AreaCode','360729','æ±Ÿè¥¿çœèµ£å·å¸‚å…¨å—å¿','area',1,NULL,NULL,NULL),('AreaCode','360730','æ±Ÿè¥¿çœèµ£å·å¸‚å®éƒ½å¿','area',1,NULL,NULL,NULL),('AreaCode','360731','æ±Ÿè¥¿çœèµ£å·å¸‚äºéƒ½å¿','area',1,NULL,NULL,NULL),('AreaCode','360732','æ±Ÿè¥¿çœèµ£å·å¸‚å…´å›½å¿','area',1,NULL,NULL,NULL),('AreaCode','360733','æ±Ÿè¥¿çœèµ£å·å¸‚ä¼šæ˜Œå¿','area',1,NULL,NULL,NULL),('AreaCode','360734','æ±Ÿè¥¿çœèµ£å·å¸‚å¯»ä¹Œå¿','area',1,NULL,NULL,NULL),('AreaCode','360735','æ±Ÿè¥¿çœèµ£å·å¸‚çŸ³åŸå¿','area',1,NULL,NULL,NULL),('AreaCode','360781','æ±Ÿè¥¿çœèµ£å·å¸‚ç‘é‡‘å¸‚','area',1,NULL,NULL,NULL),('AreaCode','360800','æ±Ÿè¥¿çœå‰å®‰å¸‚','city',1,NULL,NULL,NULL),('AreaCode','360801','æ±Ÿè¥¿çœå‰å®‰å¸‚å¸‚è¾–åŒº','area',1,NULL,NULL,NULL),('AreaCode','360802','æ±Ÿè¥¿çœå‰å®‰å¸‚å‰å·åŒº','area',1,NULL,NULL,NULL),('AreaCode','360803','æ±Ÿè¥¿çœå‰å®‰å¸‚é’åŸåŒº','area',1,NULL,NULL,NULL),('AreaCode','360821','æ±Ÿè¥¿çœå‰å®‰å¸‚å‰å®‰å¿','area',1,NULL,NULL,NULL),('AreaCode','360822','æ±Ÿè¥¿çœå‰å®‰å¸‚å‰æ°´å¿','area',1,NULL,NULL,NULL),('AreaCode','360823','æ±Ÿè¥¿çœå‰å®‰å¸‚å³¡æ±Ÿå¿','area',1,NULL,NULL,NULL),('AreaCode','360824','æ±Ÿè¥¿çœå‰å®‰å¸‚æ–°å¹²å¿','area',1,NULL,NULL,NULL),('AreaCode','360825','æ±Ÿè¥¿çœå‰å®‰å¸‚æ°¸ä¸°å¿','area',1,NULL,NULL,NULL),('AreaCode','360826','æ±Ÿè¥¿çœå‰å®‰å¸‚æ³°å’Œå¿','area',1,NULL,NULL,NULL),('AreaCode','360827','æ±Ÿè¥¿çœå‰å®‰å¸‚é‚å·å¿','area',1,NULL,NULL,NULL),('AreaCode','360828','æ±Ÿè¥¿çœå‰å®‰å¸‚ä¸‡å®‰å¿','area',1,NULL,NULL,NULL),('AreaCode','360829','æ±Ÿè¥¿çœå‰å®‰å¸‚å®‰ç¦å¿','area',1,NULL,NULL,NULL),('AreaCode','360830','æ±Ÿè¥¿çœå‰å®‰å¸‚æ°¸æ–°å¿','area',1,NULL,NULL,NULL),('AreaCode','360881','æ±Ÿè¥¿çœå‰å®‰å¸‚äº•å†ˆå±±å¸‚','area',1,NULL,NULL,NULL),('AreaCode','360900','æ±Ÿè¥¿çœå®œæ˜¥å¸‚','city',1,NULL,NULL,NULL),('AreaCode','360901','æ±Ÿè¥¿çœå®œæ˜¥å¸‚å¸‚è¾–åŒº','area',1,NULL,NULL,NULL),('AreaCode','360902','æ±Ÿè¥¿çœå®œæ˜¥å¸‚è¢å·åŒº','area',1,NULL,NULL,NULL),('AreaCode','360921','æ±Ÿè¥¿çœå®œæ˜¥å¸‚å¥‰æ–°å¿','area',1,NULL,NULL,NULL),('AreaCode','360922','æ±Ÿè¥¿çœå®œæ˜¥å¸‚ä¸‡è½½å¿','area',1,NULL,NULL,NULL),('AreaCode','360923','æ±Ÿè¥¿çœå®œæ˜¥å¸‚ä¸Šé«˜å¿','area',1,NULL,NULL,NULL),('AreaCode','360924','æ±Ÿè¥¿çœå®œæ˜¥å¸‚å®œä¸°å¿','area',1,NULL,NULL,NULL),('AreaCode','360925','æ±Ÿè¥¿çœå®œæ˜¥å¸‚é–å®‰å¿','area',1,NULL,NULL,NULL),('AreaCode','360926','æ±Ÿè¥¿çœå®œæ˜¥å¸‚é“œé¼“å¿','area',1,NULL,NULL,NULL),('AreaCode','360981','æ±Ÿè¥¿çœå®œæ˜¥å¸‚ä¸°åŸå¸‚','area',1,NULL,NULL,NULL),('AreaCode','360982','æ±Ÿè¥¿çœå®œæ˜¥å¸‚æ¨Ÿæ ‘å¸‚','area',1,NULL,NULL,NULL),('AreaCode','360983','æ±Ÿè¥¿çœå®œæ˜¥å¸‚é«˜å®‰å¸‚','area',1,NULL,NULL,NULL),('AreaCode','361000','æ±Ÿè¥¿çœæŠšå·å¸‚','city',1,NULL,NULL,NULL),('AreaCode','361001','æ±Ÿè¥¿çœæŠšå·å¸‚å¸‚è¾–åŒº','area',1,NULL,NULL,NULL),('AreaCode','361002','æ±Ÿè¥¿çœæŠšå·å¸‚ä¸´å·åŒº','area',1,NULL,NULL,NULL),('AreaCode','361021','æ±Ÿè¥¿çœæŠšå·å¸‚å—åŸå¿','area',1,NULL,NULL,NULL),('AreaCode','361022','æ±Ÿè¥¿çœæŠšå·å¸‚é»å·å¿','area',1,NULL,NULL,NULL),('AreaCode','361023','æ±Ÿè¥¿çœæŠšå·å¸‚å—ä¸°å¿','area',1,NULL,NULL,NULL),('AreaCode','361024','æ±Ÿè¥¿çœæŠšå·å¸‚å´‡ä»å¿','area',1,NULL,NULL,NULL),('AreaCode','361025','æ±Ÿè¥¿çœæŠšå·å¸‚ä¹å®‰å¿','area',1,NULL,NULL,NULL),('AreaCode','361026','æ±Ÿè¥¿çœæŠšå·å¸‚å®œé»„å¿','area',1,NULL,NULL,NULL),('AreaCode','361027','æ±Ÿè¥¿çœæŠšå·å¸‚é‡‘æºªå¿','area',1,NULL,NULL,NULL),('AreaCode','361028','æ±Ÿè¥¿çœæŠšå·å¸‚èµ„æºªå¿','area',1,NULL,NULL,NULL),('AreaCode','361029','æ±Ÿè¥¿çœæŠšå·å¸‚ä¸œä¹¡å¿','area',1,NULL,NULL,NULL),('AreaCode','361030','æ±Ÿè¥¿çœæŠšå·å¸‚å¹¿æ˜Œå¿','area',1,NULL,NULL,NULL),('AreaCode','361100','æ±Ÿè¥¿çœä¸Šé¥¶å¸‚','city',1,NULL,NULL,NULL),('AreaCode','361101','æ±Ÿè¥¿çœä¸Šé¥¶å¸‚å¸‚è¾–åŒº','area',1,NULL,NULL,NULL),('AreaCode','361102','æ±Ÿè¥¿çœä¸Šé¥¶å¸‚ä¿¡å·åŒº','area',1,NULL,NULL,NULL),('AreaCode','361103','æ±Ÿè¥¿çœä¸Šé¥¶å¸‚å¹¿ä¸°åŒº','area',1,NULL,NULL,NULL),('AreaCode','361121','æ±Ÿè¥¿çœä¸Šé¥¶å¸‚ä¸Šé¥¶å¿','area',1,NULL,NULL,NULL),('AreaCode','361123','æ±Ÿè¥¿çœä¸Šé¥¶å¸‚ç‰å±±å¿','area',1,NULL,NULL,NULL),('AreaCode','361124','æ±Ÿè¥¿çœä¸Šé¥¶å¸‚é“…å±±å¿','area',1,NULL,NULL,NULL),('AreaCode','361125','æ±Ÿè¥¿çœä¸Šé¥¶å¸‚æ¨ªå³°å¿','area',1,NULL,NULL,NULL),('AreaCode','361126','æ±Ÿè¥¿çœä¸Šé¥¶å¸‚å¼‹é˜³å¿','area',1,NULL,NULL,NULL),('AreaCode','361127','æ±Ÿè¥¿çœä¸Šé¥¶å¸‚ä½™å¹²å¿','area',1,NULL,NULL,NULL),('AreaCode','361128','æ±Ÿè¥¿çœä¸Šé¥¶å¸‚é„±é˜³å¿','area',1,NULL,NULL,NULL),('AreaCode','361129','æ±Ÿè¥¿çœä¸Šé¥¶å¸‚ä¸‡å¹´å¿','area',1,NULL,NULL,NULL),('AreaCode','361130','æ±Ÿè¥¿çœä¸Šé¥¶å¸‚å©ºæºå¿','area',1,NULL,NULL,NULL),('AreaCode','361181','æ±Ÿè¥¿çœä¸Šé¥¶å¸‚å¾·å…´å¸‚','area',1,NULL,NULL,NULL),('AreaCode','370000','å±±ä¸œçœ','province',1,NULL,NULL,NULL),('AreaCode','370100','å±±ä¸œçœæµå—å¸‚','city',1,NULL,NULL,NULL),('AreaCode','370101','å±±ä¸œçœæµå—å¸‚å¸‚è¾–åŒº','area',1,NULL,NULL,NULL),('AreaCode','370102','å±±ä¸œçœæµå—å¸‚å†ä¸‹åŒº','area',1,NULL,NULL,NULL),('AreaCode','370103','å±±ä¸œçœæµå—å¸‚å¸‚ä¸­åŒº','area',1,NULL,NULL,NULL),('AreaCode','370104','å±±ä¸œçœæµå—å¸‚æ§è«åŒº','area',1,NULL,NULL,NULL),('AreaCode','370105','å±±ä¸œçœæµå—å¸‚å¤©æ¡¥åŒº','area',1,NULL,NULL,NULL),('AreaCode','370112','å±±ä¸œçœæµå—å¸‚å†åŸåŒº','area',1,NULL,NULL,NULL),('AreaCode','370113','å±±ä¸œçœæµå—å¸‚é•¿æ¸…åŒº','area',1,NULL,NULL,NULL),('AreaCode','370124','å±±ä¸œçœæµå—å¸‚å¹³é˜´å¿','area',1,NULL,NULL,NULL),('AreaCode','370125','å±±ä¸œçœæµå—å¸‚æµé˜³å¿','area',1,NULL,NULL,NULL),('AreaCode','370126','å±±ä¸œçœæµå—å¸‚å•†æ²³å¿','area',1,NULL,NULL,NULL),('AreaCode','370181','å±±ä¸œçœæµå—å¸‚ç« ä¸˜å¸‚','area',1,NULL,NULL,NULL),('AreaCode','370200','å±±ä¸œçœé’å²›å¸‚','city',1,NULL,NULL,NULL),('AreaCode','370201','å±±ä¸œçœé’å²›å¸‚å¸‚è¾–åŒº','area',1,NULL,NULL,NULL),('AreaCode','370202','å±±ä¸œçœé’å²›å¸‚å¸‚å—åŒº','area',1,NULL,NULL,NULL),('AreaCode','370203','å±±ä¸œçœé’å²›å¸‚å¸‚åŒ—åŒº','area',1,NULL,NULL,NULL),('AreaCode','370211','å±±ä¸œçœé’å²›å¸‚é»„å²›åŒº','area',1,NULL,NULL,NULL),('AreaCode','370212','å±±ä¸œçœé’å²›å¸‚å´‚å±±åŒº','area',1,NULL,NULL,NULL),('AreaCode','370213','å±±ä¸œçœé’å²›å¸‚ææ²§åŒº','area',1,NULL,NULL,NULL),('AreaCode','370214','å±±ä¸œçœé’å²›å¸‚åŸé˜³åŒº','area',1,NULL,NULL,NULL),('AreaCode','370281','å±±ä¸œçœé’å²›å¸‚èƒ¶å·å¸‚','area',1,NULL,NULL,NULL),('AreaCode','370282','å±±ä¸œçœé’å²›å¸‚å³å¢¨å¸‚','area',1,NULL,NULL,NULL),('AreaCode','370283','å±±ä¸œçœé’å²›å¸‚å¹³åº¦å¸‚','area',1,NULL,NULL,NULL),('AreaCode','370285','å±±ä¸œçœé’å²›å¸‚è±è¥¿å¸‚','area',1,NULL,NULL,NULL),('AreaCode','370300','å±±ä¸œçœæ·„åšå¸‚','city',1,NULL,NULL,NULL),('AreaCode','370301','å±±ä¸œçœæ·„åšå¸‚å¸‚è¾–åŒº','area',1,NULL,NULL,NULL),('AreaCode','370302','å±±ä¸œçœæ·„åšå¸‚æ·„å·åŒº','area',1,NULL,NULL,NULL),('AreaCode','370303','å±±ä¸œçœæ·„åšå¸‚å¼ åº—åŒº','area',1,NULL,NULL,NULL),('AreaCode','370304','å±±ä¸œçœæ·„åšå¸‚åšå±±åŒº','area',1,NULL,NULL,NULL),('AreaCode','370305','å±±ä¸œçœæ·„åšå¸‚ä¸´æ·„åŒº','area',1,NULL,NULL,NULL),('AreaCode','370306','å±±ä¸œçœæ·„åšå¸‚å‘¨æ‘åŒº','area',1,NULL,NULL,NULL),('AreaCode','370321','å±±ä¸œçœæ·„åšå¸‚æ¡“å°å¿','area',1,NULL,NULL,NULL),('AreaCode','370322','å±±ä¸œçœæ·„åšå¸‚é«˜é’å¿','area',1,NULL,NULL,NULL),('AreaCode','370323','å±±ä¸œçœæ·„åšå¸‚æ²‚æºå¿','area',1,NULL,NULL,NULL),('AreaCode','370400','å±±ä¸œçœæ£åº„å¸‚','city',1,NULL,NULL,NULL),('AreaCode','370401','å±±ä¸œçœæ£åº„å¸‚å¸‚è¾–åŒº','area',1,NULL,NULL,NULL),('AreaCode','370402','å±±ä¸œçœæ£åº„å¸‚å¸‚ä¸­åŒº','area',1,NULL,NULL,NULL),('AreaCode','370403','å±±ä¸œçœæ£åº„å¸‚è–›åŸåŒº','area',1,NULL,NULL,NULL),('AreaCode','370404','å±±ä¸œçœæ£åº„å¸‚å³„åŸåŒº','area',1,NULL,NULL,NULL),('AreaCode','370405','å±±ä¸œçœæ£åº„å¸‚å°å„¿åº„åŒº','area',1,NULL,NULL,NULL),('AreaCode','370406','å±±ä¸œçœæ£åº„å¸‚å±±äº­åŒº','area',1,NULL,NULL,NULL),('AreaCode','370481','å±±ä¸œçœæ£åº„å¸‚æ»•å·å¸‚','area',1,NULL,NULL,NULL),('AreaCode','370500','å±±ä¸œçœä¸œè¥å¸‚','city',1,NULL,NULL,NULL),('AreaCode','370501','å±±ä¸œçœä¸œè¥å¸‚å¸‚è¾–åŒº','area',1,NULL,NULL,NULL),('AreaCode','370502','å±±ä¸œçœä¸œè¥å¸‚ä¸œè¥åŒº','area',1,NULL,NULL,NULL),('AreaCode','370503','å±±ä¸œçœä¸œè¥å¸‚æ²³å£åŒº','area',1,NULL,NULL,NULL),('AreaCode','370505','å±±ä¸œçœä¸œè¥å¸‚å¦åˆ©åŒº','area',1,NULL,NULL,NULL),('AreaCode','370522','å±±ä¸œçœä¸œè¥å¸‚åˆ©æ´¥å¿','area',1,NULL,NULL,NULL),('AreaCode','370523','å±±ä¸œçœä¸œè¥å¸‚å¹¿é¥¶å¿','area',1,NULL,NULL,NULL),('AreaCode','370600','å±±ä¸œçœçƒŸå°å¸‚','city',1,NULL,NULL,NULL),('AreaCode','370601','å±±ä¸œçœçƒŸå°å¸‚å¸‚è¾–åŒº','area',1,NULL,NULL,NULL),('AreaCode','370602','å±±ä¸œçœçƒŸå°å¸‚èŠç½˜åŒº','area',1,NULL,NULL,NULL),('AreaCode','370611','å±±ä¸œçœçƒŸå°å¸‚ç¦å±±åŒº','area',1,NULL,NULL,NULL),('AreaCode','370612','å±±ä¸œçœçƒŸå°å¸‚ç‰Ÿå¹³åŒº','area',1,NULL,NULL,NULL),('AreaCode','370613','å±±ä¸œçœçƒŸå°å¸‚è±å±±åŒº','area',1,NULL,NULL,NULL),('AreaCode','370634','å±±ä¸œçœçƒŸå°å¸‚é•¿å²›å¿','area',1,NULL,NULL,NULL),('AreaCode','370681','å±±ä¸œçœçƒŸå°å¸‚é¾™å£å¸‚','area',1,NULL,NULL,NULL),('AreaCode','370682','å±±ä¸œçœçƒŸå°å¸‚è±é˜³å¸‚','area',1,NULL,NULL,NULL),('AreaCode','370683','å±±ä¸œçœçƒŸå°å¸‚è±å·å¸‚','area',1,NULL,NULL,NULL),('AreaCode','370684','å±±ä¸œçœçƒŸå°å¸‚è“¬è±å¸‚','area',1,NULL,NULL,NULL),('AreaCode','370685','å±±ä¸œçœçƒŸå°å¸‚æ‹›è¿œå¸‚','area',1,NULL,NULL,NULL),('AreaCode','370686','å±±ä¸œçœçƒŸå°å¸‚æ –éœå¸‚','area',1,NULL,NULL,NULL),('AreaCode','370687','å±±ä¸œçœçƒŸå°å¸‚æµ·é˜³å¸‚','area',1,NULL,NULL,NULL),('AreaCode','370700','å±±ä¸œçœæ½åŠå¸‚','city',1,NULL,NULL,NULL),('AreaCode','370701','å±±ä¸œçœæ½åŠå¸‚å¸‚è¾–åŒº','area',1,NULL,NULL,NULL),('AreaCode','370702','å±±ä¸œçœæ½åŠå¸‚æ½åŸåŒº','area',1,NULL,NULL,NULL),('AreaCode','370703','å±±ä¸œçœæ½åŠå¸‚å¯’äº­åŒº','area',1,NULL,NULL,NULL),('AreaCode','370704','å±±ä¸œçœæ½åŠå¸‚åŠå­åŒº','area',1,NULL,NULL,NULL),('AreaCode','370705','å±±ä¸œçœæ½åŠå¸‚å¥æ–‡åŒº','area',1,NULL,NULL,NULL),('AreaCode','370724','å±±ä¸œçœæ½åŠå¸‚ä¸´æœå¿','area',1,NULL,NULL,NULL),('AreaCode','370725','å±±ä¸œçœæ½åŠå¸‚æ˜Œä¹å¿','area',1,NULL,NULL,NULL),('AreaCode','370781','å±±ä¸œçœæ½åŠå¸‚é’å·å¸‚','area',1,NULL,NULL,NULL),('AreaCode','370782','å±±ä¸œçœæ½åŠå¸‚è¯¸åŸå¸‚','area',1,NULL,NULL,NULL),('AreaCode','370783','å±±ä¸œçœæ½åŠå¸‚å¯¿å…‰å¸‚','area',1,NULL,NULL,NULL),('AreaCode','370784','å±±ä¸œçœæ½åŠå¸‚å®‰ä¸˜å¸‚','area',1,NULL,NULL,NULL),('AreaCode','370785','å±±ä¸œçœæ½åŠå¸‚é«˜å¯†å¸‚','area',1,NULL,NULL,NULL),('AreaCode','370786','å±±ä¸œçœæ½åŠå¸‚æ˜Œé‚‘å¸‚','area',1,NULL,NULL,NULL),('AreaCode','370800','å±±ä¸œçœæµå®å¸‚','city',1,NULL,NULL,NULL),('AreaCode','370801','å±±ä¸œçœæµå®å¸‚å¸‚è¾–åŒº','area',1,NULL,NULL,NULL),('AreaCode','370811','å±±ä¸œçœæµå®å¸‚ä»»åŸåŒº','area',1,NULL,NULL,NULL),('AreaCode','370812','å±±ä¸œçœæµå®å¸‚å…–å·åŒº','area',1,NULL,NULL,NULL),('AreaCode','370826','å±±ä¸œçœæµå®å¸‚å¾®å±±å¿','area',1,NULL,NULL,NULL),('AreaCode','370827','å±±ä¸œçœæµå®å¸‚é±¼å°å¿','area',1,NULL,NULL,NULL),('AreaCode','370828','å±±ä¸œçœæµå®å¸‚é‡‘ä¹¡å¿','area',1,NULL,NULL,NULL),('AreaCode','370829','å±±ä¸œçœæµå®å¸‚å˜‰ç¥¥å¿','area',1,NULL,NULL,NULL),('AreaCode','370830','å±±ä¸œçœæµå®å¸‚æ±¶ä¸Šå¿','area',1,NULL,NULL,NULL),('AreaCode','370831','å±±ä¸œçœæµå®å¸‚æ³—æ°´å¿','area',1,NULL,NULL,NULL),('AreaCode','370832','å±±ä¸œçœæµå®å¸‚æ¢å±±å¿','area',1,NULL,NULL,NULL),('AreaCode','370881','å±±ä¸œçœæµå®å¸‚æ›²é˜œå¸‚','area',1,NULL,NULL,NULL),('AreaCode','370883','å±±ä¸œçœæµå®å¸‚é‚¹åŸå¸‚','area',1,NULL,NULL,NULL),('AreaCode','370900','å±±ä¸œçœæ³°å®‰å¸‚','city',1,NULL,NULL,NULL),('AreaCode','370901','å±±ä¸œçœæ³°å®‰å¸‚å¸‚è¾–åŒº','area',1,NULL,NULL,NULL),('AreaCode','370902','å±±ä¸œçœæ³°å®‰å¸‚æ³°å±±åŒº','area',1,NULL,NULL,NULL),('AreaCode','370911','å±±ä¸œçœæ³°å®‰å¸‚å²±å²³åŒº','area',1,NULL,NULL,NULL),('AreaCode','370921','å±±ä¸œçœæ³°å®‰å¸‚å®é˜³å¿','area',1,NULL,NULL,NULL),('AreaCode','370923','å±±ä¸œçœæ³°å®‰å¸‚ä¸œå¹³å¿','area',1,NULL,NULL,NULL),('AreaCode','370982','å±±ä¸œçœæ³°å®‰å¸‚æ–°æ³°å¸‚','area',1,NULL,NULL,NULL),('AreaCode','370983','å±±ä¸œçœæ³°å®‰å¸‚è‚¥åŸå¸‚','area',1,NULL,NULL,NULL),('AreaCode','371000','å±±ä¸œçœå¨æµ·å¸‚','city',1,NULL,NULL,NULL),('AreaCode','371001','å±±ä¸œçœå¨æµ·å¸‚å¸‚è¾–åŒº','area',1,NULL,NULL,NULL),('AreaCode','371002','å±±ä¸œçœå¨æµ·å¸‚ç¯ç¿ åŒº','area',1,NULL,NULL,NULL),('AreaCode','371003','å±±ä¸œçœå¨æµ·å¸‚æ–‡ç™»åŒº','area',1,NULL,NULL,NULL),('AreaCode','371082','å±±ä¸œçœå¨æµ·å¸‚è£æˆå¸‚','area',1,NULL,NULL,NULL),('AreaCode','371083','å±±ä¸œçœå¨æµ·å¸‚ä¹³å±±å¸‚','area',1,NULL,NULL,NULL),('AreaCode','371100','å±±ä¸œçœæ—¥ç…§å¸‚','city',1,NULL,NULL,NULL),('AreaCode','371101','å±±ä¸œçœæ—¥ç…§å¸‚å¸‚è¾–åŒº','area',1,NULL,NULL,NULL),('AreaCode','371102','å±±ä¸œçœæ—¥ç…§å¸‚ä¸œæ¸¯åŒº','area',1,NULL,NULL,NULL),('AreaCode','371103','å±±ä¸œçœæ—¥ç…§å¸‚å²šå±±åŒº','area',1,NULL,NULL,NULL),('AreaCode','371121','å±±ä¸œçœæ—¥ç…§å¸‚äº”è²å¿','area',1,NULL,NULL,NULL),('AreaCode','371122','å±±ä¸œçœæ—¥ç…§å¸‚è’å¿','area',1,NULL,NULL,NULL),('AreaCode','371200','å±±ä¸œçœè±èŠœå¸‚','city',1,NULL,NULL,NULL),('AreaCode','371201','å±±ä¸œçœè±èŠœå¸‚å¸‚è¾–åŒº','area',1,NULL,NULL,NULL),('AreaCode','371202','å±±ä¸œçœè±èŠœå¸‚è±åŸåŒº','area',1,NULL,NULL,NULL),('AreaCode','371203','å±±ä¸œçœè±èŠœå¸‚é’¢åŸåŒº','area',1,NULL,NULL,NULL),('AreaCode','371300','å±±ä¸œçœä¸´æ²‚å¸‚','city',1,NULL,NULL,NULL),('AreaCode','371301','å±±ä¸œçœä¸´æ²‚å¸‚å¸‚è¾–åŒº','area',1,NULL,NULL,NULL),('AreaCode','371302','å±±ä¸œçœä¸´æ²‚å¸‚å…°å±±åŒº','area',1,NULL,NULL,NULL),('AreaCode','371311','å±±ä¸œçœä¸´æ²‚å¸‚ç½—åº„åŒº','area',1,NULL,NULL,NULL),('AreaCode','371312','å±±ä¸œçœä¸´æ²‚å¸‚æ²³ä¸œåŒº','area',1,NULL,NULL,NULL),('AreaCode','371321','å±±ä¸œçœä¸´æ²‚å¸‚æ²‚å—å¿','area',1,NULL,NULL,NULL),('AreaCode','371322','å±±ä¸œçœä¸´æ²‚å¸‚éƒ¯åŸå¿','area',1,NULL,NULL,NULL),('AreaCode','371323','å±±ä¸œçœä¸´æ²‚å¸‚æ²‚æ°´å¿','area',1,NULL,NULL,NULL),('AreaCode','371324','å±±ä¸œçœä¸´æ²‚å¸‚å…°é™µå¿','area',1,NULL,NULL,NULL),('AreaCode','371325','å±±ä¸œçœä¸´æ²‚å¸‚è´¹å¿','area',1,NULL,NULL,NULL),('AreaCode','371326','å±±ä¸œçœä¸´æ²‚å¸‚å¹³é‚‘å¿','area',1,NULL,NULL,NULL),('AreaCode','371327','å±±ä¸œçœä¸´æ²‚å¸‚è’å—å¿','area',1,NULL,NULL,NULL),('AreaCode','371328','å±±ä¸œçœä¸´æ²‚å¸‚è’™é˜´å¿','area',1,NULL,NULL,NULL),('AreaCode','371329','å±±ä¸œçœä¸´æ²‚å¸‚ä¸´æ²­å¿','area',1,NULL,NULL,NULL),('AreaCode','371400','å±±ä¸œçœå¾·å·å¸‚','city',1,NULL,NULL,NULL),('AreaCode','371401','å±±ä¸œçœå¾·å·å¸‚å¸‚è¾–åŒº','area',1,NULL,NULL,NULL),('AreaCode','371402','å±±ä¸œçœå¾·å·å¸‚å¾·åŸåŒº','area',1,NULL,NULL,NULL),('AreaCode','371403','å±±ä¸œçœå¾·å·å¸‚é™µåŸåŒº','area',1,NULL,NULL,NULL),('AreaCode','371422','å±±ä¸œçœå¾·å·å¸‚å®æ´¥å¿','area',1,NULL,NULL,NULL),('AreaCode','371423','å±±ä¸œçœå¾·å·å¸‚åº†äº‘å¿','area',1,NULL,NULL,NULL),('AreaCode','371424','å±±ä¸œçœå¾·å·å¸‚ä¸´é‚‘å¿','area',1,NULL,NULL,NULL),('AreaCode','371425','å±±ä¸œçœå¾·å·å¸‚é½æ²³å¿','area',1,NULL,NULL,NULL),('AreaCode','371426','å±±ä¸œçœå¾·å·å¸‚å¹³åŸå¿','area',1,NULL,NULL,NULL),('AreaCode','371427','å±±ä¸œçœå¾·å·å¸‚å¤æ´¥å¿','area',1,NULL,NULL,NULL),('AreaCode','371428','å±±ä¸œçœå¾·å·å¸‚æ­¦åŸå¿','area',1,NULL,NULL,NULL),('AreaCode','371481','å±±ä¸œçœå¾·å·å¸‚ä¹é™µå¸‚','area',1,NULL,NULL,NULL),('AreaCode','371482','å±±ä¸œçœå¾·å·å¸‚ç¦¹åŸå¸‚','area',1,NULL,NULL,NULL),('AreaCode','371500','å±±ä¸œçœèŠåŸå¸‚','city',1,NULL,NULL,NULL),('AreaCode','371501','å±±ä¸œçœèŠåŸå¸‚å¸‚è¾–åŒº','area',1,NULL,NULL,NULL),('AreaCode','371502','å±±ä¸œçœèŠåŸå¸‚ä¸œæ˜ŒåºœåŒº','area',1,NULL,NULL,NULL),('AreaCode','371521','å±±ä¸œçœèŠåŸå¸‚é˜³è°·å¿','area',1,NULL,NULL,NULL),('AreaCode','371522','å±±ä¸œçœèŠåŸå¸‚è˜å¿','area',1,NULL,NULL,NULL),('AreaCode','371523','å±±ä¸œçœèŠåŸå¸‚èŒŒå¹³å¿','area',1,NULL,NULL,NULL),('AreaCode','371524','å±±ä¸œçœèŠåŸå¸‚ä¸œé˜¿å¿','area',1,NULL,NULL,NULL),('AreaCode','371525','å±±ä¸œçœèŠåŸå¸‚å† å¿','area',1,NULL,NULL,NULL),('AreaCode','371526','å±±ä¸œçœèŠåŸå¸‚é«˜å”å¿','area',1,NULL,NULL,NULL),('AreaCode','371581','å±±ä¸œçœèŠåŸå¸‚ä¸´æ¸…å¸‚','area',1,NULL,NULL,NULL),('AreaCode','371600','å±±ä¸œçœæ»¨å·å¸‚','city',1,NULL,NULL,NULL),('AreaCode','371601','å±±ä¸œçœæ»¨å·å¸‚å¸‚è¾–åŒº','area',1,NULL,NULL,NULL),('AreaCode','371602','å±±ä¸œçœæ»¨å·å¸‚æ»¨åŸåŒº','area',1,NULL,NULL,NULL),('AreaCode','371603','å±±ä¸œçœæ»¨å·å¸‚æ²¾åŒ–åŒº','area',1,NULL,NULL,NULL),('AreaCode','371621','å±±ä¸œçœæ»¨å·å¸‚æƒ æ°‘å¿','area',1,NULL,NULL,NULL),('AreaCode','371622','å±±ä¸œçœæ»¨å·å¸‚é˜³ä¿¡å¿','area',1,NULL,NULL,NULL),('AreaCode','371623','å±±ä¸œçœæ»¨å·å¸‚æ— æ££å¿','area',1,NULL,NULL,NULL),('AreaCode','371625','å±±ä¸œçœæ»¨å·å¸‚åšå…´å¿','area',1,NULL,NULL,NULL),('AreaCode','371626','å±±ä¸œçœæ»¨å·å¸‚é‚¹å¹³å¿','area',1,NULL,NULL,NULL),('AreaCode','371700','å±±ä¸œçœèæ³½å¸‚','city',1,NULL,NULL,NULL),('AreaCode','371701','å±±ä¸œçœèæ³½å¸‚å¸‚è¾–åŒº','area',1,NULL,NULL,NULL),('AreaCode','371702','å±±ä¸œçœèæ³½å¸‚ç‰¡ä¸¹åŒº','area',1,NULL,NULL,NULL),('AreaCode','371703','å±±ä¸œçœèæ³½å¸‚å®šé™¶åŒº','area',1,NULL,NULL,NULL),('AreaCode','371721','å±±ä¸œçœèæ³½å¸‚æ›¹å¿','area',1,NULL,NULL,NULL),('AreaCode','371722','å±±ä¸œçœèæ³½å¸‚å•å¿','area',1,NULL,NULL,NULL),('AreaCode','371723','å±±ä¸œçœèæ³½å¸‚æˆæ­¦å¿','area',1,NULL,NULL,NULL),('AreaCode','371724','å±±ä¸œçœèæ³½å¸‚å·¨é‡å¿','area',1,NULL,NULL,NULL),('AreaCode','371725','å±±ä¸œçœèæ³½å¸‚éƒ“åŸå¿','area',1,NULL,NULL,NULL),('AreaCode','371726','å±±ä¸œçœèæ³½å¸‚é„„åŸå¿','area',1,NULL,NULL,NULL),('AreaCode','371728','å±±ä¸œçœèæ³½å¸‚ä¸œæ˜å¿','area',1,NULL,NULL,NULL),('AreaCode','410000','æ²³å—çœ','province',1,NULL,NULL,NULL),('AreaCode','410100','æ²³å—çœéƒ‘å·å¸‚','city',1,NULL,NULL,NULL),('AreaCode','410101','æ²³å—çœéƒ‘å·å¸‚å¸‚è¾–åŒº','area',1,NULL,NULL,NULL),('AreaCode','410102','æ²³å—çœéƒ‘å·å¸‚ä¸­åŸåŒº','area',1,NULL,NULL,NULL),('AreaCode','410103','æ²³å—çœéƒ‘å·å¸‚äºŒä¸ƒåŒº','area',1,NULL,NULL,NULL),('AreaCode','410104','æ²³å—çœéƒ‘å·å¸‚ç®¡åŸå›æ—åŒº','area',1,NULL,NULL,NULL),('AreaCode','410105','æ²³å—çœéƒ‘å·å¸‚é‡‘æ°´åŒº','area',1,NULL,NULL,NULL),('AreaCode','410106','æ²³å—çœéƒ‘å·å¸‚ä¸Šè¡—åŒº','area',1,NULL,NULL,NULL),('AreaCode','410108','æ²³å—çœéƒ‘å·å¸‚æƒ æµåŒº','area',1,NULL,NULL,NULL),('AreaCode','410122','æ²³å—çœéƒ‘å·å¸‚ä¸­ç‰Ÿå¿','area',1,NULL,NULL,NULL),('AreaCode','410181','æ²³å—çœéƒ‘å·å¸‚å·©ä¹‰å¸‚','area',1,NULL,NULL,NULL),('AreaCode','410182','æ²³å—çœéƒ‘å·å¸‚è¥é˜³å¸‚','area',1,NULL,NULL,NULL),('AreaCode','410183','æ²³å—çœéƒ‘å·å¸‚æ–°å¯†å¸‚','area',1,NULL,NULL,NULL),('AreaCode','410184','æ²³å—çœéƒ‘å·å¸‚æ–°éƒ‘å¸‚','area',1,NULL,NULL,NULL),('AreaCode','410185','æ²³å—çœéƒ‘å·å¸‚ç™»å°å¸‚','area',1,NULL,NULL,NULL),('AreaCode','410200','æ²³å—çœå¼€å°å¸‚','city',1,NULL,NULL,NULL),('AreaCode','410201','æ²³å—çœå¼€å°å¸‚å¸‚è¾–åŒº','area',1,NULL,NULL,NULL),('AreaCode','410202','æ²³å—çœå¼€å°å¸‚é¾™äº­åŒº','area',1,NULL,NULL,NULL),('AreaCode','410203','æ²³å—çœå¼€å°å¸‚é¡ºæ²³å›æ—åŒº','area',1,NULL,NULL,NULL),('AreaCode','410204','æ²³å—çœå¼€å°å¸‚é¼“æ¥¼åŒº','area',1,NULL,NULL,NULL),('AreaCode','410205','æ²³å—çœå¼€å°å¸‚ç¦¹ç‹å°åŒº','area',1,NULL,NULL,NULL),('AreaCode','410211','æ²³å—çœå¼€å°å¸‚é‡‘æ˜åŒº','area',1,NULL,NULL,NULL),('AreaCode','410212','æ²³å—çœå¼€å°å¸‚ç¥¥ç¬¦åŒº','area',1,NULL,NULL,NULL),('AreaCode','410221','æ²³å—çœå¼€å°å¸‚æå¿','area',1,NULL,NULL,NULL),('AreaCode','410222','æ²³å—çœå¼€å°å¸‚é€šè®¸å¿','area',1,NULL,NULL,NULL),('AreaCode','410223','æ²³å—çœå¼€å°å¸‚å°‰æ°å¿','area',1,NULL,NULL,NULL),('AreaCode','410224','æ²³å—çœå¼€å°å¸‚å¼€å°å¿','area',1,NULL,NULL,NULL),('AreaCode','410225','æ²³å—çœå¼€å°å¸‚å…°è€ƒå¿','area',1,NULL,NULL,NULL),('AreaCode','410300','æ²³å—çœæ´›é˜³å¸‚','city',1,NULL,NULL,NULL),('AreaCode','410301','æ²³å—çœæ´›é˜³å¸‚å¸‚è¾–åŒº','area',1,NULL,NULL,NULL),('AreaCode','410302','æ²³å—çœæ´›é˜³å¸‚è€åŸåŒº','area',1,NULL,NULL,NULL),('AreaCode','410303','æ²³å—çœæ´›é˜³å¸‚è¥¿å·¥åŒº','area',1,NULL,NULL,NULL),('AreaCode','410304','æ²³å—çœæ´›é˜³å¸‚ç€æ²³å›æ—åŒº','area',1,NULL,NULL,NULL),('AreaCode','410305','æ²³å—çœæ´›é˜³å¸‚æ¶§è¥¿åŒº','area',1,NULL,NULL,NULL),('AreaCode','410306','æ²³å—çœæ´›é˜³å¸‚å‰åˆ©åŒº','area',1,NULL,NULL,NULL),('AreaCode','410311','æ²³å—çœæ´›é˜³å¸‚æ´›é¾™åŒº','area',1,NULL,NULL,NULL),('AreaCode','410322','æ²³å—çœæ´›é˜³å¸‚å­Ÿæ´¥å¿','area',1,NULL,NULL,NULL),('AreaCode','410323','æ²³å—çœæ´›é˜³å¸‚æ–°å®‰å¿','area',1,NULL,NULL,NULL),('AreaCode','410324','æ²³å—çœæ´›é˜³å¸‚æ ¾å·å¿','area',1,NULL,NULL,NULL),('AreaCode','410325','æ²³å—çœæ´›é˜³å¸‚åµ©å¿','area',1,NULL,NULL,NULL),('AreaCode','410326','æ²³å—çœæ´›é˜³å¸‚æ±é˜³å¿','area',1,NULL,NULL,NULL),('AreaCode','410327','æ²³å—çœæ´›é˜³å¸‚å®œé˜³å¿','area',1,NULL,NULL,NULL),('AreaCode','410328','æ²³å—çœæ´›é˜³å¸‚æ´›å®å¿','area',1,NULL,NULL,NULL),('AreaCode','410329','æ²³å—çœæ´›é˜³å¸‚ä¼Šå·å¿','area',1,NULL,NULL,NULL),('AreaCode','410381','æ²³å—çœæ´›é˜³å¸‚åƒå¸ˆå¸‚','area',1,NULL,NULL,NULL),('AreaCode','410400','æ²³å—çœå¹³é¡¶å±±å¸‚','city',1,NULL,NULL,NULL),('AreaCode','410401','æ²³å—çœå¹³é¡¶å±±å¸‚å¸‚è¾–åŒº','area',1,NULL,NULL,NULL),('AreaCode','410402','æ²³å—çœå¹³é¡¶å±±å¸‚æ–°ååŒº','area',1,NULL,NULL,NULL),('AreaCode','410403','æ²³å—çœå¹³é¡¶å±±å¸‚å«ä¸œåŒº','area',1,NULL,NULL,NULL),('AreaCode','410404','æ²³å—çœå¹³é¡¶å±±å¸‚çŸ³é¾™åŒº','area',1,NULL,NULL,NULL),('AreaCode','410411','æ²³å—çœå¹³é¡¶å±±å¸‚æ¹›æ²³åŒº','area',1,NULL,NULL,NULL),('AreaCode','410421','æ²³å—çœå¹³é¡¶å±±å¸‚å®ä¸°å¿','area',1,NULL,NULL,NULL),('AreaCode','410422','æ²³å—çœå¹³é¡¶å±±å¸‚å¶å¿','area',1,NULL,NULL,NULL),('AreaCode','410423','æ²³å—çœå¹³é¡¶å±±å¸‚é²å±±å¿','area',1,NULL,NULL,NULL),('AreaCode','410425','æ²³å—çœå¹³é¡¶å±±å¸‚éƒå¿','area',1,NULL,NULL,NULL),('AreaCode','410481','æ²³å—çœå¹³é¡¶å±±å¸‚èˆé’¢å¸‚','area',1,NULL,NULL,NULL),('AreaCode','410482','æ²³å—çœå¹³é¡¶å±±å¸‚æ±å·å¸‚','area',1,NULL,NULL,NULL),('AreaCode','410500','æ²³å—çœå®‰é˜³å¸‚','city',1,NULL,NULL,NULL),('AreaCode','410501','æ²³å—çœå®‰é˜³å¸‚å¸‚è¾–åŒº','area',1,NULL,NULL,NULL),('AreaCode','410502','æ²³å—çœå®‰é˜³å¸‚æ–‡å³°åŒº','area',1,NULL,NULL,NULL),('AreaCode','410503','æ²³å—çœå®‰é˜³å¸‚åŒ—å…³åŒº','area',1,NULL,NULL,NULL),('AreaCode','410505','æ²³å—çœå®‰é˜³å¸‚æ®·éƒ½åŒº','area',1,NULL,NULL,NULL),('AreaCode','410506','æ²³å—çœå®‰é˜³å¸‚é¾™å®‰åŒº','area',1,NULL,NULL,NULL),('AreaCode','410522','æ²³å—çœå®‰é˜³å¸‚å®‰é˜³å¿','area',1,NULL,NULL,NULL),('AreaCode','410523','æ²³å—çœå®‰é˜³å¸‚æ±¤é˜´å¿','area',1,NULL,NULL,NULL),('AreaCode','410526','æ²³å—çœå®‰é˜³å¸‚æ»‘å¿','area',1,NULL,NULL,NULL),('AreaCode','410527','æ²³å—çœå®‰é˜³å¸‚å†…é»„å¿','area',1,NULL,NULL,NULL),('AreaCode','410581','æ²³å—çœå®‰é˜³å¸‚æ—å·å¸‚','area',1,NULL,NULL,NULL),('AreaCode','410600','æ²³å—çœé¹¤å£å¸‚','city',1,NULL,NULL,NULL),('AreaCode','410601','æ²³å—çœé¹¤å£å¸‚å¸‚è¾–åŒº','area',1,NULL,NULL,NULL),('AreaCode','410602','æ²³å—çœé¹¤å£å¸‚é¹¤å±±åŒº','area',1,NULL,NULL,NULL),('AreaCode','410603','æ²³å—çœé¹¤å£å¸‚å±±åŸåŒº','area',1,NULL,NULL,NULL),('AreaCode','410611','æ²³å—çœé¹¤å£å¸‚æ·‡æ»¨åŒº','area',1,NULL,NULL,NULL),('AreaCode','410621','æ²³å—çœé¹¤å£å¸‚æµšå¿','area',1,NULL,NULL,NULL),('AreaCode','410622','æ²³å—çœé¹¤å£å¸‚æ·‡å¿','area',1,NULL,NULL,NULL),('AreaCode','410700','æ²³å—çœæ–°ä¹¡å¸‚','city',1,NULL,NULL,NULL),('AreaCode','410701','æ²³å—çœæ–°ä¹¡å¸‚å¸‚è¾–åŒº','area',1,NULL,NULL,NULL),('AreaCode','410702','æ²³å—çœæ–°ä¹¡å¸‚çº¢æ——åŒº','area',1,NULL,NULL,NULL),('AreaCode','410703','æ²³å—çœæ–°ä¹¡å¸‚å«æ»¨åŒº','area',1,NULL,NULL,NULL),('AreaCode','410704','æ²³å—çœæ–°ä¹¡å¸‚å‡¤æ³‰åŒº','area',1,NULL,NULL,NULL),('AreaCode','410711','æ²³å—çœæ–°ä¹¡å¸‚ç‰§é‡åŒº','area',1,NULL,NULL,NULL),('AreaCode','410721','æ²³å—çœæ–°ä¹¡å¸‚æ–°ä¹¡å¿','area',1,NULL,NULL,NULL),('AreaCode','410724','æ²³å—çœæ–°ä¹¡å¸‚è·å˜‰å¿','area',1,NULL,NULL,NULL),('AreaCode','410725','æ²³å—çœæ–°ä¹¡å¸‚åŸé˜³å¿','area',1,NULL,NULL,NULL),('AreaCode','410726','æ²³å—çœæ–°ä¹¡å¸‚å»¶æ´¥å¿','area',1,NULL,NULL,NULL),('AreaCode','410727','æ²³å—çœæ–°ä¹¡å¸‚å°ä¸˜å¿','area',1,NULL,NULL,NULL),('AreaCode','410728','æ²³å—çœæ–°ä¹¡å¸‚é•¿å£å¿','area',1,NULL,NULL,NULL),('AreaCode','410781','æ²³å—çœæ–°ä¹¡å¸‚å«è¾‰å¸‚','area',1,NULL,NULL,NULL),('AreaCode','410782','æ²³å—çœæ–°ä¹¡å¸‚è¾‰å¿å¸‚','area',1,NULL,NULL,NULL),('AreaCode','410800','æ²³å—çœç„¦ä½œå¸‚','city',1,NULL,NULL,NULL),('AreaCode','410801','æ²³å—çœç„¦ä½œå¸‚å¸‚è¾–åŒº','area',1,NULL,NULL,NULL),('AreaCode','410802','æ²³å—çœç„¦ä½œå¸‚è§£æ”¾åŒº','area',1,NULL,NULL,NULL),('AreaCode','410803','æ²³å—çœç„¦ä½œå¸‚ä¸­ç«™åŒº','area',1,NULL,NULL,NULL),('AreaCode','410804','æ²³å—çœç„¦ä½œå¸‚é©¬æ‘åŒº','area',1,NULL,NULL,NULL),('AreaCode','410811','æ²³å—çœç„¦ä½œå¸‚å±±é˜³åŒº','area',1,NULL,NULL,NULL),('AreaCode','410821','æ²³å—çœç„¦ä½œå¸‚ä¿®æ­¦å¿','area',1,NULL,NULL,NULL),('AreaCode','410822','æ²³å—çœç„¦ä½œå¸‚åšçˆ±å¿','area',1,NULL,NULL,NULL),('AreaCode','410823','æ²³å—çœç„¦ä½œå¸‚æ­¦é™Ÿå¿','area',1,NULL,NULL,NULL),('AreaCode','410825','æ²³å—çœç„¦ä½œå¸‚æ¸©å¿','area',1,NULL,NULL,NULL),('AreaCode','410882','æ²³å—çœç„¦ä½œå¸‚æ²é˜³å¸‚','area',1,NULL,NULL,NULL),('AreaCode','410883','æ²³å—çœç„¦ä½œå¸‚å­Ÿå·å¸‚','area',1,NULL,NULL,NULL),('AreaCode','410900','æ²³å—çœæ¿®é˜³å¸‚','city',1,NULL,NULL,NULL),('AreaCode','410901','æ²³å—çœæ¿®é˜³å¸‚å¸‚è¾–åŒº','area',1,NULL,NULL,NULL),('AreaCode','410902','æ²³å—çœæ¿®é˜³å¸‚åé¾™åŒº','area',1,NULL,NULL,NULL),('AreaCode','410922','æ²³å—çœæ¿®é˜³å¸‚æ¸…ä¸°å¿','area',1,NULL,NULL,NULL),('AreaCode','410923','æ²³å—çœæ¿®é˜³å¸‚å—ä¹å¿','area',1,NULL,NULL,NULL),('AreaCode','410926','æ²³å—çœæ¿®é˜³å¸‚èŒƒå¿','area',1,NULL,NULL,NULL),('AreaCode','410927','æ²³å—çœæ¿®é˜³å¸‚å°å‰å¿','area',1,NULL,NULL,NULL),('AreaCode','410928','æ²³å—çœæ¿®é˜³å¸‚æ¿®é˜³å¿','area',1,NULL,NULL,NULL),('AreaCode','411000','æ²³å—çœè®¸æ˜Œå¸‚','city',1,NULL,NULL,NULL),('AreaCode','411001','æ²³å—çœè®¸æ˜Œå¸‚å¸‚è¾–åŒº','area',1,NULL,NULL,NULL),('AreaCode','411002','æ²³å—çœè®¸æ˜Œå¸‚é­éƒ½åŒº','area',1,NULL,NULL,NULL),('AreaCode','411023','æ²³å—çœè®¸æ˜Œå¸‚è®¸æ˜Œå¿','area',1,NULL,NULL,NULL),('AreaCode','411024','æ²³å—çœè®¸æ˜Œå¸‚é„¢é™µå¿','area',1,NULL,NULL,NULL),('AreaCode','411025','æ²³å—çœè®¸æ˜Œå¸‚è¥„åŸå¿','area',1,NULL,NULL,NULL),('AreaCode','411081','æ²³å—çœè®¸æ˜Œå¸‚ç¦¹å·å¸‚','area',1,NULL,NULL,NULL),('AreaCode','411082','æ²³å—çœè®¸æ˜Œå¸‚é•¿è‘›å¸‚','area',1,NULL,NULL,NULL),('AreaCode','411100','æ²³å—çœæ¼¯æ²³å¸‚','city',1,NULL,NULL,NULL),('AreaCode','411101','æ²³å—çœæ¼¯æ²³å¸‚å¸‚è¾–åŒº','area',1,NULL,NULL,NULL),('AreaCode','411102','æ²³å—çœæ¼¯æ²³å¸‚æºæ±‡åŒº','area',1,NULL,NULL,NULL),('AreaCode','411103','æ²³å—çœæ¼¯æ²³å¸‚éƒ¾åŸåŒº','area',1,NULL,NULL,NULL),('AreaCode','411104','æ²³å—çœæ¼¯æ²³å¸‚å¬é™µåŒº','area',1,NULL,NULL,NULL),('AreaCode','411121','æ²³å—çœæ¼¯æ²³å¸‚èˆé˜³å¿','area',1,NULL,NULL,NULL),('AreaCode','411122','æ²³å—çœæ¼¯æ²³å¸‚ä¸´é¢å¿','area',1,NULL,NULL,NULL),('AreaCode','411200','æ²³å—çœä¸‰é—¨å³¡å¸‚','city',1,NULL,NULL,NULL),('AreaCode','411201','æ²³å—çœä¸‰é—¨å³¡å¸‚å¸‚è¾–åŒº','area',1,NULL,NULL,NULL),('AreaCode','411202','æ²³å—çœä¸‰é—¨å³¡å¸‚æ¹–æ»¨åŒº','area',1,NULL,NULL,NULL),('AreaCode','411203','æ²³å—çœä¸‰é—¨å³¡å¸‚é™•å·åŒº','area',1,NULL,NULL,NULL),('AreaCode','411221','æ²³å—çœä¸‰é—¨å³¡å¸‚æ¸‘æ± å¿','area',1,NULL,NULL,NULL),('AreaCode','411224','æ²³å—çœä¸‰é—¨å³¡å¸‚å¢æ°å¿','area',1,NULL,NULL,NULL),('AreaCode','411281','æ²³å—çœä¸‰é—¨å³¡å¸‚ä¹‰é©¬å¸‚','area',1,NULL,NULL,NULL),('AreaCode','411282','æ²³å—çœä¸‰é—¨å³¡å¸‚çµå®å¸‚','area',1,NULL,NULL,NULL),('AreaCode','411300','æ²³å—çœå—é˜³å¸‚','city',1,NULL,NULL,NULL),('AreaCode','411301','æ²³å—çœå—é˜³å¸‚å¸‚è¾–åŒº','area',1,NULL,NULL,NULL),('AreaCode','411302','æ²³å—çœå—é˜³å¸‚å®›åŸåŒº','area',1,NULL,NULL,NULL),('AreaCode','411303','æ²³å—çœå—é˜³å¸‚å§é¾™åŒº','area',1,NULL,NULL,NULL),('AreaCode','411321','æ²³å—çœå—é˜³å¸‚å—å¬å¿','area',1,NULL,NULL,NULL),('AreaCode','411322','æ²³å—çœå—é˜³å¸‚æ–¹åŸå¿','area',1,NULL,NULL,NULL),('AreaCode','411323','æ²³å—çœå—é˜³å¸‚è¥¿å³¡å¿','area',1,NULL,NULL,NULL),('AreaCode','411324','æ²³å—çœå—é˜³å¸‚é•‡å¹³å¿','area',1,NULL,NULL,NULL),('AreaCode','411325','æ²³å—çœå—é˜³å¸‚å†…ä¹¡å¿','area',1,NULL,NULL,NULL),('AreaCode','411326','æ²³å—çœå—é˜³å¸‚æ·…å·å¿','area',1,NULL,NULL,NULL),('AreaCode','411327','æ²³å—çœå—é˜³å¸‚ç¤¾æ——å¿','area',1,NULL,NULL,NULL),('AreaCode','411328','æ²³å—çœå—é˜³å¸‚å”æ²³å¿','area',1,NULL,NULL,NULL),('AreaCode','411329','æ²³å—çœå—é˜³å¸‚æ–°é‡å¿','area',1,NULL,NULL,NULL),('AreaCode','411330','æ²³å—çœå—é˜³å¸‚æ¡æŸå¿','area',1,NULL,NULL,NULL),('AreaCode','411381','æ²³å—çœå—é˜³å¸‚é‚“å·å¸‚','area',1,NULL,NULL,NULL),('AreaCode','411400','æ²³å—çœå•†ä¸˜å¸‚','city',1,NULL,NULL,NULL),('AreaCode','411401','æ²³å—çœå•†ä¸˜å¸‚å¸‚è¾–åŒº','area',1,NULL,NULL,NULL),('AreaCode','411402','æ²³å—çœå•†ä¸˜å¸‚æ¢å›­åŒº','area',1,NULL,NULL,NULL),('AreaCode','411403','æ²³å—çœå•†ä¸˜å¸‚ç¢é˜³åŒº','area',1,NULL,NULL,NULL),('AreaCode','411421','æ²³å—çœå•†ä¸˜å¸‚æ°‘æƒå¿','area',1,NULL,NULL,NULL),('AreaCode','411422','æ²³å—çœå•†ä¸˜å¸‚ç¢å¿','area',1,NULL,NULL,NULL),('AreaCode','411423','æ²³å—çœå•†ä¸˜å¸‚å®é™µå¿','area',1,NULL,NULL,NULL),('AreaCode','411424','æ²³å—çœå•†ä¸˜å¸‚æŸ˜åŸå¿','area',1,NULL,NULL,NULL),('AreaCode','411425','æ²³å—çœå•†ä¸˜å¸‚è™åŸå¿','area',1,NULL,NULL,NULL),('AreaCode','411426','æ²³å—çœå•†ä¸˜å¸‚å¤é‚‘å¿','area',1,NULL,NULL,NULL),('AreaCode','411481','æ²³å—çœå•†ä¸˜å¸‚æ°¸åŸå¸‚','area',1,NULL,NULL,NULL),('AreaCode','411500','æ²³å—çœä¿¡é˜³å¸‚','city',1,NULL,NULL,NULL),('AreaCode','411501','æ²³å—çœä¿¡é˜³å¸‚å¸‚è¾–åŒº','area',1,NULL,NULL,NULL),('AreaCode','411502','æ²³å—çœä¿¡é˜³å¸‚æµ‰æ²³åŒº','area',1,NULL,NULL,NULL),('AreaCode','411503','æ²³å—çœä¿¡é˜³å¸‚å¹³æ¡¥åŒº','area',1,NULL,NULL,NULL),('AreaCode','411521','æ²³å—çœä¿¡é˜³å¸‚ç½—å±±å¿','area',1,NULL,NULL,NULL),('AreaCode','411522','æ²³å—çœä¿¡é˜³å¸‚å…‰å±±å¿','area',1,NULL,NULL,NULL),('AreaCode','411523','æ²³å—çœä¿¡é˜³å¸‚æ–°å¿','area',1,NULL,NULL,NULL),('AreaCode','411524','æ²³å—çœä¿¡é˜³å¸‚å•†åŸå¿','area',1,NULL,NULL,NULL),('AreaCode','411525','æ²³å—çœä¿¡é˜³å¸‚å›ºå§‹å¿','area',1,NULL,NULL,NULL),('AreaCode','411526','æ²³å—çœä¿¡é˜³å¸‚æ½¢å·å¿','area',1,NULL,NULL,NULL),('AreaCode','411527','æ²³å—çœä¿¡é˜³å¸‚æ·®æ»¨å¿','area',1,NULL,NULL,NULL),('AreaCode','411528','æ²³å—çœä¿¡é˜³å¸‚æ¯å¿','area',1,NULL,NULL,NULL),('AreaCode','411600','æ²³å—çœå‘¨å£å¸‚','city',1,NULL,NULL,NULL),('AreaCode','411601','æ²³å—çœå‘¨å£å¸‚å¸‚è¾–åŒº','area',1,NULL,NULL,NULL),('AreaCode','411602','æ²³å—çœå‘¨å£å¸‚å·æ±‡åŒº','area',1,NULL,NULL,NULL),('AreaCode','411621','æ²³å—çœå‘¨å£å¸‚æ‰¶æ²Ÿå¿','area',1,NULL,NULL,NULL),('AreaCode','411622','æ²³å—çœå‘¨å£å¸‚è¥¿åå¿','area',1,NULL,NULL,NULL),('AreaCode','411623','æ²³å—çœå‘¨å£å¸‚å•†æ°´å¿','area',1,NULL,NULL,NULL),('AreaCode','411624','æ²³å—çœå‘¨å£å¸‚æ²ˆä¸˜å¿','area',1,NULL,NULL,NULL),('AreaCode','411625','æ²³å—çœå‘¨å£å¸‚éƒ¸åŸå¿','area',1,NULL,NULL,NULL),('AreaCode','411626','æ²³å—çœå‘¨å£å¸‚æ·®é˜³å¿','area',1,NULL,NULL,NULL),('AreaCode','411627','æ²³å—çœå‘¨å£å¸‚å¤ªåº·å¿','area',1,NULL,NULL,NULL),('AreaCode','411628','æ²³å—çœå‘¨å£å¸‚é¹¿é‚‘å¿','area',1,NULL,NULL,NULL),('AreaCode','411681','æ²³å—çœå‘¨å£å¸‚é¡¹åŸå¸‚','area',1,NULL,NULL,NULL),('AreaCode','411700','æ²³å—çœé©»é©¬åº—å¸‚','city',1,NULL,NULL,NULL),('AreaCode','411701','æ²³å—çœé©»é©¬åº—å¸‚å¸‚è¾–åŒº','area',1,NULL,NULL,NULL),('AreaCode','411702','æ²³å—çœé©»é©¬åº—å¸‚é©¿åŸåŒº','area',1,NULL,NULL,NULL),('AreaCode','411721','æ²³å—çœé©»é©¬åº—å¸‚è¥¿å¹³å¿','area',1,NULL,NULL,NULL),('AreaCode','411722','æ²³å—çœé©»é©¬åº—å¸‚ä¸Šè”¡å¿','area',1,NULL,NULL,NULL),('AreaCode','411723','æ²³å—çœé©»é©¬åº—å¸‚å¹³èˆ†å¿','area',1,NULL,NULL,NULL),('AreaCode','411724','æ²³å—çœé©»é©¬åº—å¸‚æ­£é˜³å¿','area',1,NULL,NULL,NULL),('AreaCode','411725','æ²³å—çœé©»é©¬åº—å¸‚ç¡®å±±å¿','area',1,NULL,NULL,NULL),('AreaCode','411726','æ²³å—çœé©»é©¬åº—å¸‚æ³Œé˜³å¿','area',1,NULL,NULL,NULL),('AreaCode','411727','æ²³å—çœé©»é©¬åº—å¸‚æ±å—å¿','area',1,NULL,NULL,NULL),('AreaCode','411728','æ²³å—çœé©»é©¬åº—å¸‚é‚å¹³å¿','area',1,NULL,NULL,NULL),('AreaCode','411729','æ²³å—çœé©»é©¬åº—å¸‚æ–°è”¡å¿','area',1,NULL,NULL,NULL),('AreaCode','419000','æ²³å—çœçœç›´è¾–å¿çº§è¡Œæ”¿åŒºåˆ’','city',1,NULL,NULL,NULL),('AreaCode','419001','æ²³å—çœçœç›´è¾–å¿çº§è¡Œæ”¿åŒºåˆ’æµæºå¸‚','area',1,NULL,NULL,NULL),('AreaCode','420000','æ¹–åŒ—çœ','province',1,NULL,NULL,NULL),('AreaCode','420100','æ¹–åŒ—çœæ­¦æ±‰å¸‚','city',1,NULL,NULL,NULL),('AreaCode','420101','æ¹–åŒ—çœæ­¦æ±‰å¸‚å¸‚è¾–åŒº','area',1,NULL,NULL,NULL),('AreaCode','420102','æ¹–åŒ—çœæ­¦æ±‰å¸‚æ±Ÿå²¸åŒº','area',1,NULL,NULL,NULL),('AreaCode','420103','æ¹–åŒ—çœæ­¦æ±‰å¸‚æ±Ÿæ±‰åŒº','area',1,NULL,NULL,NULL),('AreaCode','420104','æ¹–åŒ—çœæ­¦æ±‰å¸‚ç¡šå£åŒº','area',1,NULL,NULL,NULL),('AreaCode','420105','æ¹–åŒ—çœæ­¦æ±‰å¸‚æ±‰é˜³åŒº','area',1,NULL,NULL,NULL),('AreaCode','420106','æ¹–åŒ—çœæ­¦æ±‰å¸‚æ­¦æ˜ŒåŒº','area',1,NULL,NULL,NULL),('AreaCode','420107','æ¹–åŒ—çœæ­¦æ±‰å¸‚é’å±±åŒº','area',1,NULL,NULL,NULL),('AreaCode','420111','æ¹–åŒ—çœæ­¦æ±‰å¸‚æ´ªå±±åŒº','area',1,NULL,NULL,NULL),('AreaCode','420112','æ¹–åŒ—çœæ­¦æ±‰å¸‚ä¸œè¥¿æ¹–åŒº','area',1,NULL,NULL,NULL),('AreaCode','420113','æ¹–åŒ—çœæ­¦æ±‰å¸‚æ±‰å—åŒº','area',1,NULL,NULL,NULL),('AreaCode','420114','æ¹–åŒ—çœæ­¦æ±‰å¸‚è”¡ç”¸åŒº','area',1,NULL,NULL,NULL),('AreaCode','420115','æ¹–åŒ—çœæ­¦æ±‰å¸‚æ±Ÿå¤åŒº','area',1,NULL,NULL,NULL),('AreaCode','420116','æ¹–åŒ—çœæ­¦æ±‰å¸‚é»„é™‚åŒº','area',1,NULL,NULL,NULL),('AreaCode','420117','æ¹–åŒ—çœæ­¦æ±‰å¸‚æ–°æ´²åŒº','area',1,NULL,NULL,NULL),('AreaCode','420200','æ¹–åŒ—çœé»„çŸ³å¸‚','city',1,NULL,NULL,NULL),('AreaCode','420201','æ¹–åŒ—çœé»„çŸ³å¸‚å¸‚è¾–åŒº','area',1,NULL,NULL,NULL),('AreaCode','420202','æ¹–åŒ—çœé»„çŸ³å¸‚é»„çŸ³æ¸¯åŒº','area',1,NULL,NULL,NULL),('AreaCode','420203','æ¹–åŒ—çœé»„çŸ³å¸‚è¥¿å¡å±±åŒº','area',1,NULL,NULL,NULL),('AreaCode','420204','æ¹–åŒ—çœé»„çŸ³å¸‚ä¸‹é™†åŒº','area',1,NULL,NULL,NULL),('AreaCode','420205','æ¹–åŒ—çœé»„çŸ³å¸‚é“å±±åŒº','area',1,NULL,NULL,NULL),('AreaCode','420222','æ¹–åŒ—çœé»„çŸ³å¸‚é˜³æ–°å¿','area',1,NULL,NULL,NULL),('AreaCode','420281','æ¹–åŒ—çœé»„çŸ³å¸‚å¤§å†¶å¸‚','area',1,NULL,NULL,NULL),('AreaCode','420300','æ¹–åŒ—çœåå °å¸‚','city',1,NULL,NULL,NULL),('AreaCode','420301','æ¹–åŒ—çœåå °å¸‚å¸‚è¾–åŒº','area',1,NULL,NULL,NULL),('AreaCode','420302','æ¹–åŒ—çœåå °å¸‚èŒ…ç®­åŒº','area',1,NULL,NULL,NULL),('AreaCode','420303','æ¹–åŒ—çœåå °å¸‚å¼ æ¹¾åŒº','area',1,NULL,NULL,NULL),('AreaCode','420304','æ¹–åŒ—çœåå °å¸‚éƒ§é˜³åŒº','area',1,NULL,NULL,NULL),('AreaCode','420322','æ¹–åŒ—çœåå °å¸‚éƒ§è¥¿å¿','area',1,NULL,NULL,NULL),('AreaCode','420323','æ¹–åŒ—çœåå °å¸‚ç«¹å±±å¿','area',1,NULL,NULL,NULL),('AreaCode','420324','æ¹–åŒ—çœåå °å¸‚ç«¹æºªå¿','area',1,NULL,NULL,NULL),('AreaCode','420325','æ¹–åŒ—çœåå °å¸‚æˆ¿å¿','area',1,NULL,NULL,NULL),('AreaCode','420381','æ¹–åŒ—çœåå °å¸‚ä¸¹æ±Ÿå£å¸‚','area',1,NULL,NULL,NULL),('AreaCode','420500','æ¹–åŒ—çœå®œæ˜Œå¸‚','city',1,NULL,NULL,NULL),('AreaCode','420501','æ¹–åŒ—çœå®œæ˜Œå¸‚å¸‚è¾–åŒº','area',1,NULL,NULL,NULL),('AreaCode','420502','æ¹–åŒ—çœå®œæ˜Œå¸‚è¥¿é™µåŒº','area',1,NULL,NULL,NULL),('AreaCode','420503','æ¹–åŒ—çœå®œæ˜Œå¸‚ä¼å®¶å²—åŒº','area',1,NULL,NULL,NULL),('AreaCode','420504','æ¹–åŒ—çœå®œæ˜Œå¸‚ç‚¹å†›åŒº','area',1,NULL,NULL,NULL),('AreaCode','420505','æ¹–åŒ—çœå®œæ˜Œå¸‚çŒ‡äº­åŒº','area',1,NULL,NULL,NULL),('AreaCode','420506','æ¹–åŒ—çœå®œæ˜Œå¸‚å¤·é™µåŒº','area',1,NULL,NULL,NULL),('AreaCode','420525','æ¹–åŒ—çœå®œæ˜Œå¸‚è¿œå®‰å¿','area',1,NULL,NULL,NULL),('AreaCode','420526','æ¹–åŒ—çœå®œæ˜Œå¸‚å…´å±±å¿','area',1,NULL,NULL,NULL),('AreaCode','420527','æ¹–åŒ—çœå®œæ˜Œå¸‚ç§­å½’å¿','area',1,NULL,NULL,NULL),('AreaCode','420528','æ¹–åŒ—çœå®œæ˜Œå¸‚é•¿é˜³åœŸå®¶æ—è‡ªæ²»å¿','area',1,NULL,NULL,NULL),('AreaCode','420529','æ¹–åŒ—çœå®œæ˜Œå¸‚äº”å³°åœŸå®¶æ—è‡ªæ²»å¿','area',1,NULL,NULL,NULL),('AreaCode','420581','æ¹–åŒ—çœå®œæ˜Œå¸‚å®œéƒ½å¸‚','area',1,NULL,NULL,NULL),('AreaCode','420582','æ¹–åŒ—çœå®œæ˜Œå¸‚å½“é˜³å¸‚','area',1,NULL,NULL,NULL),('AreaCode','420583','æ¹–åŒ—çœå®œæ˜Œå¸‚ææ±Ÿå¸‚','area',1,NULL,NULL,NULL),('AreaCode','420600','æ¹–åŒ—çœè¥„é˜³å¸‚','city',1,NULL,NULL,NULL),('AreaCode','420601','æ¹–åŒ—çœè¥„é˜³å¸‚å¸‚è¾–åŒº','area',1,NULL,NULL,NULL),('AreaCode','420602','æ¹–åŒ—çœè¥„é˜³å¸‚è¥„åŸåŒº','area',1,NULL,NULL,NULL),('AreaCode','420606','æ¹–åŒ—çœè¥„é˜³å¸‚æ¨ŠåŸåŒº','area',1,NULL,NULL,NULL),('AreaCode','420607','æ¹–åŒ—çœè¥„é˜³å¸‚è¥„å·åŒº','area',1,NULL,NULL,NULL),('AreaCode','420624','æ¹–åŒ—çœè¥„é˜³å¸‚å—æ¼³å¿','area',1,NULL,NULL,NULL),('AreaCode','420625','æ¹–åŒ—çœè¥„é˜³å¸‚è°·åŸå¿','area',1,NULL,NULL,NULL),('AreaCode','420626','æ¹–åŒ—çœè¥„é˜³å¸‚ä¿åº·å¿','area',1,NULL,NULL,NULL),('AreaCode','420682','æ¹–åŒ—çœè¥„é˜³å¸‚è€æ²³å£å¸‚','area',1,NULL,NULL,NULL),('AreaCode','420683','æ¹–åŒ—çœè¥„é˜³å¸‚æ£é˜³å¸‚','area',1,NULL,NULL,NULL),('AreaCode','420684','æ¹–åŒ—çœè¥„é˜³å¸‚å®œåŸå¸‚','area',1,NULL,NULL,NULL),('AreaCode','420700','æ¹–åŒ—çœé„‚å·å¸‚','city',1,NULL,NULL,NULL),('AreaCode','420701','æ¹–åŒ—çœé„‚å·å¸‚å¸‚è¾–åŒº','area',1,NULL,NULL,NULL),('AreaCode','420702','æ¹–åŒ—çœé„‚å·å¸‚æ¢å­æ¹–åŒº','area',1,NULL,NULL,NULL),('AreaCode','420703','æ¹–åŒ—çœé„‚å·å¸‚åå®¹åŒº','area',1,NULL,NULL,NULL),('AreaCode','420704','æ¹–åŒ—çœé„‚å·å¸‚é„‚åŸåŒº','area',1,NULL,NULL,NULL),('AreaCode','420800','æ¹–åŒ—çœè†é—¨å¸‚','city',1,NULL,NULL,NULL),('AreaCode','420801','æ¹–åŒ—çœè†é—¨å¸‚å¸‚è¾–åŒº','area',1,NULL,NULL,NULL),('AreaCode','420802','æ¹–åŒ—çœè†é—¨å¸‚ä¸œå®åŒº','area',1,NULL,NULL,NULL),('AreaCode','420804','æ¹–åŒ—çœè†é—¨å¸‚æ‡åˆ€åŒº','area',1,NULL,NULL,NULL),('AreaCode','420821','æ¹–åŒ—çœè†é—¨å¸‚äº¬å±±å¿','area',1,NULL,NULL,NULL),('AreaCode','420822','æ¹–åŒ—çœè†é—¨å¸‚æ²™æ´‹å¿','area',1,NULL,NULL,NULL),('AreaCode','420881','æ¹–åŒ—çœè†é—¨å¸‚é’Ÿç¥¥å¸‚','area',1,NULL,NULL,NULL),('AreaCode','420900','æ¹–åŒ—çœå­æ„Ÿå¸‚','city',1,NULL,NULL,NULL),('AreaCode','420901','æ¹–åŒ—çœå­æ„Ÿå¸‚å¸‚è¾–åŒº','area',1,NULL,NULL,NULL),('AreaCode','420902','æ¹–åŒ—çœå­æ„Ÿå¸‚å­å—åŒº','area',1,NULL,NULL,NULL),('AreaCode','420921','æ¹–åŒ—çœå­æ„Ÿå¸‚å­æ˜Œå¿','area',1,NULL,NULL,NULL),('AreaCode','420922','æ¹–åŒ—çœå­æ„Ÿå¸‚å¤§æ‚Ÿå¿','area',1,NULL,NULL,NULL),('AreaCode','420923','æ¹–åŒ—çœå­æ„Ÿå¸‚äº‘æ¢¦å¿','area',1,NULL,NULL,NULL),('AreaCode','420981','æ¹–åŒ—çœå­æ„Ÿå¸‚åº”åŸå¸‚','area',1,NULL,NULL,NULL),('AreaCode','420982','æ¹–åŒ—çœå­æ„Ÿå¸‚å®‰é™†å¸‚','area',1,NULL,NULL,NULL),('AreaCode','420984','æ¹–åŒ—çœå­æ„Ÿå¸‚æ±‰å·å¸‚','area',1,NULL,NULL,NULL),('AreaCode','421000','æ¹–åŒ—çœè†å·å¸‚','city',1,NULL,NULL,NULL),('AreaCode','421001','æ¹–åŒ—çœè†å·å¸‚å¸‚è¾–åŒº','area',1,NULL,NULL,NULL),('AreaCode','421002','æ¹–åŒ—çœè†å·å¸‚æ²™å¸‚åŒº','area',1,NULL,NULL,NULL),('AreaCode','421003','æ¹–åŒ—çœè†å·å¸‚è†å·åŒº','area',1,NULL,NULL,NULL),('AreaCode','421022','æ¹–åŒ—çœè†å·å¸‚å…¬å®‰å¿','area',1,NULL,NULL,NULL),('AreaCode','421023','æ¹–åŒ—çœè†å·å¸‚ç›‘åˆ©å¿','area',1,NULL,NULL,NULL),('AreaCode','421024','æ¹–åŒ—çœè†å·å¸‚æ±Ÿé™µå¿','area',1,NULL,NULL,NULL),('AreaCode','421081','æ¹–åŒ—çœè†å·å¸‚çŸ³é¦–å¸‚','area',1,NULL,NULL,NULL),('AreaCode','421083','æ¹–åŒ—çœè†å·å¸‚æ´ªæ¹–å¸‚','area',1,NULL,NULL,NULL),('AreaCode','421087','æ¹–åŒ—çœè†å·å¸‚æ¾æ»‹å¸‚','area',1,NULL,NULL,NULL),('AreaCode','421100','æ¹–åŒ—çœé»„å†ˆå¸‚','city',1,NULL,NULL,NULL),('AreaCode','421101','æ¹–åŒ—çœé»„å†ˆå¸‚å¸‚è¾–åŒº','area',1,NULL,NULL,NULL),('AreaCode','421102','æ¹–åŒ—çœé»„å†ˆå¸‚é»„å·åŒº','area',1,NULL,NULL,NULL),('AreaCode','421121','æ¹–åŒ—çœé»„å†ˆå¸‚å›¢é£å¿','area',1,NULL,NULL,NULL),('AreaCode','421122','æ¹–åŒ—çœé»„å†ˆå¸‚çº¢å®‰å¿','area',1,NULL,NULL,NULL),('AreaCode','421123','æ¹–åŒ—çœé»„å†ˆå¸‚ç½—ç”°å¿','area',1,NULL,NULL,NULL),('AreaCode','421124','æ¹–åŒ—çœé»„å†ˆå¸‚è‹±å±±å¿','area',1,NULL,NULL,NULL),('AreaCode','421125','æ¹–åŒ—çœé»„å†ˆå¸‚æµ æ°´å¿','area',1,NULL,NULL,NULL),('AreaCode','421126','æ¹–åŒ—çœé»„å†ˆå¸‚è•²æ˜¥å¿','area',1,NULL,NULL,NULL),('AreaCode','421127','æ¹–åŒ—çœé»„å†ˆå¸‚é»„æ¢…å¿','area',1,NULL,NULL,NULL),('AreaCode','421181','æ¹–åŒ—çœé»„å†ˆå¸‚éº»åŸå¸‚','area',1,NULL,NULL,NULL),('AreaCode','421182','æ¹–åŒ—çœé»„å†ˆå¸‚æ­¦ç©´å¸‚','area',1,NULL,NULL,NULL),('AreaCode','421200','æ¹–åŒ—çœå’¸å®å¸‚','city',1,NULL,NULL,NULL),('AreaCode','421201','æ¹–åŒ—çœå’¸å®å¸‚å¸‚è¾–åŒº','area',1,NULL,NULL,NULL),('AreaCode','421202','æ¹–åŒ—çœå’¸å®å¸‚å’¸å®‰åŒº','area',1,NULL,NULL,NULL),('AreaCode','421221','æ¹–åŒ—çœå’¸å®å¸‚å˜‰é±¼å¿','area',1,NULL,NULL,NULL),('AreaCode','421222','æ¹–åŒ—çœå’¸å®å¸‚é€šåŸå¿','area',1,NULL,NULL,NULL),('AreaCode','421223','æ¹–åŒ—çœå’¸å®å¸‚å´‡é˜³å¿','area',1,NULL,NULL,NULL),('AreaCode','421224','æ¹–åŒ—çœå’¸å®å¸‚é€šå±±å¿','area',1,NULL,NULL,NULL),('AreaCode','421281','æ¹–åŒ—çœå’¸å®å¸‚èµ¤å£å¸‚','area',1,NULL,NULL,NULL),('AreaCode','421300','æ¹–åŒ—çœéšå·å¸‚','city',1,NULL,NULL,NULL),('AreaCode','421301','æ¹–åŒ—çœéšå·å¸‚å¸‚è¾–åŒº','area',1,NULL,NULL,NULL),('AreaCode','421303','æ¹–åŒ—çœéšå·å¸‚æ›¾éƒ½åŒº','area',1,NULL,NULL,NULL),('AreaCode','421321','æ¹–åŒ—çœéšå·å¸‚éšå¿','area',1,NULL,NULL,NULL),('AreaCode','421381','æ¹–åŒ—çœéšå·å¸‚å¹¿æ°´å¸‚','area',1,NULL,NULL,NULL),('AreaCode','422800','æ¹–åŒ—çœæ©æ–½åœŸå®¶æ—è‹—æ—è‡ªæ²»å·','city',1,NULL,NULL,NULL),('AreaCode','422801','æ¹–åŒ—çœæ©æ–½åœŸå®¶æ—è‹—æ—è‡ªæ²»å·æ©æ–½å¸‚','area',1,NULL,NULL,NULL),('AreaCode','422802','æ¹–åŒ—çœæ©æ–½åœŸå®¶æ—è‹—æ—è‡ªæ²»å·åˆ©å·å¸‚','area',1,NULL,NULL,NULL),('AreaCode','422822','æ¹–åŒ—çœæ©æ–½åœŸå®¶æ—è‹—æ—è‡ªæ²»å·å»ºå§‹å¿','area',1,NULL,NULL,NULL),('AreaCode','422823','æ¹–åŒ—çœæ©æ–½åœŸå®¶æ—è‹—æ—è‡ªæ²»å·å·´ä¸œå¿','area',1,NULL,NULL,NULL),('AreaCode','422825','æ¹–åŒ—çœæ©æ–½åœŸå®¶æ—è‹—æ—è‡ªæ²»å·å®£æ©å¿','area',1,NULL,NULL,NULL),('AreaCode','422826','æ¹–åŒ—çœæ©æ–½åœŸå®¶æ—è‹—æ—è‡ªæ²»å·å’¸ä¸°å¿','area',1,NULL,NULL,NULL),('AreaCode','422827','æ¹–åŒ—çœæ©æ–½åœŸå®¶æ—è‹—æ—è‡ªæ²»å·æ¥å‡¤å¿','area',1,NULL,NULL,NULL),('AreaCode','422828','æ¹–åŒ—çœæ©æ–½åœŸå®¶æ—è‹—æ—è‡ªæ²»å·é¹¤å³°å¿','area',1,NULL,NULL,NULL),('AreaCode','429000','æ¹–åŒ—çœçœç›´è¾–å¿çº§è¡Œæ”¿åŒºåˆ’','city',1,NULL,NULL,NULL),('AreaCode','429004','æ¹–åŒ—çœçœç›´è¾–å¿çº§è¡Œæ”¿åŒºåˆ’ä»™æ¡ƒå¸‚','area',1,NULL,NULL,NULL),('AreaCode','429005','æ¹–åŒ—çœçœç›´è¾–å¿çº§è¡Œæ”¿åŒºåˆ’æ½œæ±Ÿå¸‚','area',1,NULL,NULL,NULL),('AreaCode','429006','æ¹–åŒ—çœçœç›´è¾–å¿çº§è¡Œæ”¿åŒºåˆ’å¤©é—¨å¸‚','area',1,NULL,NULL,NULL),('AreaCode','429021','æ¹–åŒ—çœçœç›´è¾–å¿çº§è¡Œæ”¿åŒºåˆ’ç¥å†œæ¶æ—åŒº','area',1,NULL,NULL,NULL),('AreaCode','430000','æ¹–å—çœ','province',1,NULL,NULL,NULL),('AreaCode','430100','æ¹–å—çœé•¿æ²™å¸‚','city',1,NULL,NULL,NULL),('AreaCode','430101','æ¹–å—çœé•¿æ²™å¸‚å¸‚è¾–åŒº','area',1,NULL,NULL,NULL),('AreaCode','430102','æ¹–å—çœé•¿æ²™å¸‚èŠ™è“‰åŒº','area',1,NULL,NULL,NULL),('AreaCode','430103','æ¹–å—çœé•¿æ²™å¸‚å¤©å¿ƒåŒº','area',1,NULL,NULL,NULL),('AreaCode','430104','æ¹–å—çœé•¿æ²™å¸‚å²³éº“åŒº','area',1,NULL,NULL,NULL),('AreaCode','430105','æ¹–å—çœé•¿æ²™å¸‚å¼€ç¦åŒº','area',1,NULL,NULL,NULL),('AreaCode','430111','æ¹–å—çœé•¿æ²™å¸‚é›¨èŠ±åŒº','area',1,NULL,NULL,NULL),('AreaCode','430112','æ¹–å—çœé•¿æ²™å¸‚æœ›åŸåŒº','area',1,NULL,NULL,NULL),('AreaCode','430121','æ¹–å—çœé•¿æ²™å¸‚é•¿æ²™å¿','area',1,NULL,NULL,NULL),('AreaCode','430124','æ¹–å—çœé•¿æ²™å¸‚å®ä¹¡å¿','area',1,NULL,NULL,NULL),('AreaCode','430181','æ¹–å—çœé•¿æ²™å¸‚æµé˜³å¸‚','area',1,NULL,NULL,NULL),('AreaCode','430200','æ¹–å—çœæ ªæ´²å¸‚','city',1,NULL,NULL,NULL),('AreaCode','430201','æ¹–å—çœæ ªæ´²å¸‚å¸‚è¾–åŒº','area',1,NULL,NULL,NULL),('AreaCode','430202','æ¹–å—çœæ ªæ´²å¸‚è·å¡˜åŒº','area',1,NULL,NULL,NULL),('AreaCode','430203','æ¹–å—çœæ ªæ´²å¸‚èŠ¦æ·åŒº','area',1,NULL,NULL,NULL),('AreaCode','430204','æ¹–å—çœæ ªæ´²å¸‚çŸ³å³°åŒº','area',1,NULL,NULL,NULL),('AreaCode','430211','æ¹–å—çœæ ªæ´²å¸‚å¤©å…ƒåŒº','area',1,NULL,NULL,NULL),('AreaCode','430221','æ¹–å—çœæ ªæ´²å¸‚æ ªæ´²å¿','area',1,NULL,NULL,NULL),('AreaCode','430223','æ¹–å—çœæ ªæ´²å¸‚æ”¸å¿','area',1,NULL,NULL,NULL),('AreaCode','430224','æ¹–å—çœæ ªæ´²å¸‚èŒ¶é™µå¿','area',1,NULL,NULL,NULL),('AreaCode','430225','æ¹–å—çœæ ªæ´²å¸‚ç‚é™µå¿','area',1,NULL,NULL,NULL),('AreaCode','430281','æ¹–å—çœæ ªæ´²å¸‚é†´é™µå¸‚','area',1,NULL,NULL,NULL),('AreaCode','430300','æ¹–å—çœæ¹˜æ½­å¸‚','city',1,NULL,NULL,NULL),('AreaCode','430301','æ¹–å—çœæ¹˜æ½­å¸‚å¸‚è¾–åŒº','area',1,NULL,NULL,NULL),('AreaCode','430302','æ¹–å—çœæ¹˜æ½­å¸‚é›¨æ¹–åŒº','area',1,NULL,NULL,NULL),('AreaCode','430304','æ¹–å—çœæ¹˜æ½­å¸‚å²³å¡˜åŒº','area',1,NULL,NULL,NULL),('AreaCode','430321','æ¹–å—çœæ¹˜æ½­å¸‚æ¹˜æ½­å¿','area',1,NULL,NULL,NULL),('AreaCode','430381','æ¹–å—çœæ¹˜æ½­å¸‚æ¹˜ä¹¡å¸‚','area',1,NULL,NULL,NULL),('AreaCode','430382','æ¹–å—çœæ¹˜æ½­å¸‚éŸ¶å±±å¸‚','area',1,NULL,NULL,NULL),('AreaCode','430400','æ¹–å—çœè¡¡é˜³å¸‚','city',1,NULL,NULL,NULL),('AreaCode','430401','æ¹–å—çœè¡¡é˜³å¸‚å¸‚è¾–åŒº','area',1,NULL,NULL,NULL),('AreaCode','430405','æ¹–å—çœè¡¡é˜³å¸‚ç æ™–åŒº','area',1,NULL,NULL,NULL),('AreaCode','430406','æ¹–å—çœè¡¡é˜³å¸‚é›å³°åŒº','area',1,NULL,NULL,NULL),('AreaCode','430407','æ¹–å—çœè¡¡é˜³å¸‚çŸ³é¼“åŒº','area',1,NULL,NULL,NULL),('AreaCode','430408','æ¹–å—çœè¡¡é˜³å¸‚è’¸æ¹˜åŒº','area',1,NULL,NULL,NULL),('AreaCode','430412','æ¹–å—çœè¡¡é˜³å¸‚å—å²³åŒº','area',1,NULL,NULL,NULL),('AreaCode','430421','æ¹–å—çœè¡¡é˜³å¸‚è¡¡é˜³å¿','area',1,NULL,NULL,NULL),('AreaCode','430422','æ¹–å—çœè¡¡é˜³å¸‚è¡¡å—å¿','area',1,NULL,NULL,NULL),('AreaCode','430423','æ¹–å—çœè¡¡é˜³å¸‚è¡¡å±±å¿','area',1,NULL,NULL,NULL),('AreaCode','430424','æ¹–å—çœè¡¡é˜³å¸‚è¡¡ä¸œå¿','area',1,NULL,NULL,NULL),('AreaCode','430426','æ¹–å—çœè¡¡é˜³å¸‚ç¥ä¸œå¿','area',1,NULL,NULL,NULL),('AreaCode','430481','æ¹–å—çœè¡¡é˜³å¸‚è€’é˜³å¸‚','area',1,NULL,NULL,NULL),('AreaCode','430482','æ¹–å—çœè¡¡é˜³å¸‚å¸¸å®å¸‚','area',1,NULL,NULL,NULL),('AreaCode','430500','æ¹–å—çœé‚µé˜³å¸‚','city',1,NULL,NULL,NULL),('AreaCode','430501','æ¹–å—çœé‚µé˜³å¸‚å¸‚è¾–åŒº','area',1,NULL,NULL,NULL),('AreaCode','430502','æ¹–å—çœé‚µé˜³å¸‚åŒæ¸…åŒº','area',1,NULL,NULL,NULL),('AreaCode','430503','æ¹–å—çœé‚µé˜³å¸‚å¤§ç¥¥åŒº','area',1,NULL,NULL,NULL),('AreaCode','430511','æ¹–å—çœé‚µé˜³å¸‚åŒ—å¡”åŒº','area',1,NULL,NULL,NULL),('AreaCode','430521','æ¹–å—çœé‚µé˜³å¸‚é‚µä¸œå¿','area',1,NULL,NULL,NULL),('AreaCode','430522','æ¹–å—çœé‚µé˜³å¸‚æ–°é‚µå¿','area',1,NULL,NULL,NULL),('AreaCode','430523','æ¹–å—çœé‚µé˜³å¸‚é‚µé˜³å¿','area',1,NULL,NULL,NULL),('AreaCode','430524','æ¹–å—çœé‚µé˜³å¸‚éš†å›å¿','area',1,NULL,NULL,NULL),('AreaCode','430525','æ¹–å—çœé‚µé˜³å¸‚æ´å£å¿','area',1,NULL,NULL,NULL),('AreaCode','430527','æ¹–å—çœé‚µé˜³å¸‚ç»¥å®å¿','area',1,NULL,NULL,NULL),('AreaCode','430528','æ¹–å—çœé‚µé˜³å¸‚æ–°å®å¿','area',1,NULL,NULL,NULL),('AreaCode','430529','æ¹–å—çœé‚µé˜³å¸‚åŸæ­¥è‹—æ—è‡ªæ²»å¿','area',1,NULL,NULL,NULL),('AreaCode','430581','æ¹–å—çœé‚µé˜³å¸‚æ­¦å†ˆå¸‚','area',1,NULL,NULL,NULL),('AreaCode','430600','æ¹–å—çœå²³é˜³å¸‚','city',1,NULL,NULL,NULL),('AreaCode','430601','æ¹–å—çœå²³é˜³å¸‚å¸‚è¾–åŒº','area',1,NULL,NULL,NULL),('AreaCode','430602','æ¹–å—çœå²³é˜³å¸‚å²³é˜³æ¥¼åŒº','area',1,NULL,NULL,NULL),('AreaCode','430603','æ¹–å—çœå²³é˜³å¸‚äº‘æºªåŒº','area',1,NULL,NULL,NULL),('AreaCode','430611','æ¹–å—çœå²³é˜³å¸‚å›å±±åŒº','area',1,NULL,NULL,NULL),('AreaCode','430621','æ¹–å—çœå²³é˜³å¸‚å²³é˜³å¿','area',1,NULL,NULL,NULL),('AreaCode','430623','æ¹–å—çœå²³é˜³å¸‚åå®¹å¿','area',1,NULL,NULL,NULL),('AreaCode','430624','æ¹–å—çœå²³é˜³å¸‚æ¹˜é˜´å¿','area',1,NULL,NULL,NULL),('AreaCode','430626','æ¹–å—çœå²³é˜³å¸‚å¹³æ±Ÿå¿','area',1,NULL,NULL,NULL),('AreaCode','430681','æ¹–å—çœå²³é˜³å¸‚æ±¨ç½—å¸‚','area',1,NULL,NULL,NULL),('AreaCode','430682','æ¹–å—çœå²³é˜³å¸‚ä¸´æ¹˜å¸‚','area',1,NULL,NULL,NULL),('AreaCode','430700','æ¹–å—çœå¸¸å¾·å¸‚','city',1,NULL,NULL,NULL),('AreaCode','430701','æ¹–å—çœå¸¸å¾·å¸‚å¸‚è¾–åŒº','area',1,NULL,NULL,NULL),('AreaCode','430702','æ¹–å—çœå¸¸å¾·å¸‚æ­¦é™µåŒº','area',1,NULL,NULL,NULL),('AreaCode','430703','æ¹–å—çœå¸¸å¾·å¸‚é¼åŸåŒº','area',1,NULL,NULL,NULL),('AreaCode','430721','æ¹–å—çœå¸¸å¾·å¸‚å®‰ä¹¡å¿','area',1,NULL,NULL,NULL),('AreaCode','430722','æ¹–å—çœå¸¸å¾·å¸‚æ±‰å¯¿å¿','area',1,NULL,NULL,NULL),('AreaCode','430723','æ¹–å—çœå¸¸å¾·å¸‚æ¾§å¿','area',1,NULL,NULL,NULL),('AreaCode','430724','æ¹–å—çœå¸¸å¾·å¸‚ä¸´æ¾§å¿','area',1,NULL,NULL,NULL),('AreaCode','430725','æ¹–å—çœå¸¸å¾·å¸‚æ¡ƒæºå¿','area',1,NULL,NULL,NULL),('AreaCode','430726','æ¹–å—çœå¸¸å¾·å¸‚çŸ³é—¨å¿','area',1,NULL,NULL,NULL),('AreaCode','430781','æ¹–å—çœå¸¸å¾·å¸‚æ´¥å¸‚å¸‚','area',1,NULL,NULL,NULL),('AreaCode','430800','æ¹–å—çœå¼ å®¶ç•Œå¸‚','city',1,NULL,NULL,NULL),('AreaCode','430801','æ¹–å—çœå¼ å®¶ç•Œå¸‚å¸‚è¾–åŒº','area',1,NULL,NULL,NULL),('AreaCode','430802','æ¹–å—çœå¼ å®¶ç•Œå¸‚æ°¸å®šåŒº','area',1,NULL,NULL,NULL),('AreaCode','430811','æ¹–å—çœå¼ å®¶ç•Œå¸‚æ­¦é™µæºåŒº','area',1,NULL,NULL,NULL),('AreaCode','430821','æ¹–å—çœå¼ å®¶ç•Œå¸‚æ…ˆåˆ©å¿','area',1,NULL,NULL,NULL),('AreaCode','430822','æ¹–å—çœå¼ å®¶ç•Œå¸‚æ¡‘æ¤å¿','area',1,NULL,NULL,NULL),('AreaCode','430900','æ¹–å—çœç›Šé˜³å¸‚','city',1,NULL,NULL,NULL),('AreaCode','430901','æ¹–å—çœç›Šé˜³å¸‚å¸‚è¾–åŒº','area',1,NULL,NULL,NULL),('AreaCode','430902','æ¹–å—çœç›Šé˜³å¸‚èµ„é˜³åŒº','area',1,NULL,NULL,NULL),('AreaCode','430903','æ¹–å—çœç›Šé˜³å¸‚èµ«å±±åŒº','area',1,NULL,NULL,NULL),('AreaCode','430921','æ¹–å—çœç›Šé˜³å¸‚å—å¿','area',1,NULL,NULL,NULL),('AreaCode','430922','æ¹–å—çœç›Šé˜³å¸‚æ¡ƒæ±Ÿå¿','area',1,NULL,NULL,NULL),('AreaCode','430923','æ¹–å—çœç›Šé˜³å¸‚å®‰åŒ–å¿','area',1,NULL,NULL,NULL),('AreaCode','430981','æ¹–å—çœç›Šé˜³å¸‚æ²…æ±Ÿå¸‚','area',1,NULL,NULL,NULL),('AreaCode','431000','æ¹–å—çœéƒ´å·å¸‚','city',1,NULL,NULL,NULL),('AreaCode','431001','æ¹–å—çœéƒ´å·å¸‚å¸‚è¾–åŒº','area',1,NULL,NULL,NULL),('AreaCode','431002','æ¹–å—çœéƒ´å·å¸‚åŒ—æ¹–åŒº','area',1,NULL,NULL,NULL),('AreaCode','431003','æ¹–å—çœéƒ´å·å¸‚è‹ä»™åŒº','area',1,NULL,NULL,NULL),('AreaCode','431021','æ¹–å—çœéƒ´å·å¸‚æ¡‚é˜³å¿','area',1,NULL,NULL,NULL),('AreaCode','431022','æ¹–å—çœéƒ´å·å¸‚å®œç« å¿','area',1,NULL,NULL,NULL),('AreaCode','431023','æ¹–å—çœéƒ´å·å¸‚æ°¸å…´å¿','area',1,NULL,NULL,NULL),('AreaCode','431024','æ¹–å—çœéƒ´å·å¸‚å˜‰ç¦¾å¿','area',1,NULL,NULL,NULL),('AreaCode','431025','æ¹–å—çœéƒ´å·å¸‚ä¸´æ­¦å¿','area',1,NULL,NULL,NULL),('AreaCode','431026','æ¹–å—çœéƒ´å·å¸‚æ±åŸå¿','area',1,NULL,NULL,NULL),('AreaCode','431027','æ¹–å—çœéƒ´å·å¸‚æ¡‚ä¸œå¿','area',1,NULL,NULL,NULL),('AreaCode','431028','æ¹–å—çœéƒ´å·å¸‚å®‰ä»å¿','area',1,NULL,NULL,NULL),('AreaCode','431081','æ¹–å—çœéƒ´å·å¸‚èµ„å…´å¸‚','area',1,NULL,NULL,NULL),('AreaCode','431100','æ¹–å—çœæ°¸å·å¸‚','city',1,NULL,NULL,NULL),('AreaCode','431101','æ¹–å—çœæ°¸å·å¸‚å¸‚è¾–åŒº','area',1,NULL,NULL,NULL),('AreaCode','431102','æ¹–å—çœæ°¸å·å¸‚é›¶é™µåŒº','area',1,NULL,NULL,NULL),('AreaCode','431103','æ¹–å—çœæ°¸å·å¸‚å†·æ°´æ»©åŒº','area',1,NULL,NULL,NULL),('AreaCode','431121','æ¹–å—çœæ°¸å·å¸‚ç¥é˜³å¿','area',1,NULL,NULL,NULL),('AreaCode','431122','æ¹–å—çœæ°¸å·å¸‚ä¸œå®‰å¿','area',1,NULL,NULL,NULL),('AreaCode','431123','æ¹–å—çœæ°¸å·å¸‚åŒç‰Œå¿','area',1,NULL,NULL,NULL),('AreaCode','431124','æ¹–å—çœæ°¸å·å¸‚é“å¿','area',1,NULL,NULL,NULL),('AreaCode','431125','æ¹–å—çœæ°¸å·å¸‚æ±Ÿæ°¸å¿','area',1,NULL,NULL,NULL),('AreaCode','431126','æ¹–å—çœæ°¸å·å¸‚å®è¿œå¿','area',1,NULL,NULL,NULL),('AreaCode','431127','æ¹–å—çœæ°¸å·å¸‚è“å±±å¿','area',1,NULL,NULL,NULL),('AreaCode','431128','æ¹–å—çœæ°¸å·å¸‚æ–°ç”°å¿','area',1,NULL,NULL,NULL),('AreaCode','431129','æ¹–å—çœæ°¸å·å¸‚æ±Ÿåç‘¶æ—è‡ªæ²»å¿','area',1,NULL,NULL,NULL),('AreaCode','431200','æ¹–å—çœæ€€åŒ–å¸‚','city',1,NULL,NULL,NULL),('AreaCode','431201','æ¹–å—çœæ€€åŒ–å¸‚å¸‚è¾–åŒº','area',1,NULL,NULL,NULL),('AreaCode','431202','æ¹–å—çœæ€€åŒ–å¸‚é¹¤åŸåŒº','area',1,NULL,NULL,NULL),('AreaCode','431221','æ¹–å—çœæ€€åŒ–å¸‚ä¸­æ–¹å¿','area',1,NULL,NULL,NULL),('AreaCode','431222','æ¹–å—çœæ€€åŒ–å¸‚æ²…é™µå¿','area',1,NULL,NULL,NULL),('AreaCode','431223','æ¹–å—çœæ€€åŒ–å¸‚è¾°æºªå¿','area',1,NULL,NULL,NULL),('AreaCode','431224','æ¹–å—çœæ€€åŒ–å¸‚æº†æµ¦å¿','area',1,NULL,NULL,NULL),('AreaCode','431225','æ¹–å—çœæ€€åŒ–å¸‚ä¼šåŒå¿','area',1,NULL,NULL,NULL),('AreaCode','431226','æ¹–å—çœæ€€åŒ–å¸‚éº»é˜³è‹—æ—è‡ªæ²»å¿','area',1,NULL,NULL,NULL),('AreaCode','431227','æ¹–å—çœæ€€åŒ–å¸‚æ–°æ™ƒä¾—æ—è‡ªæ²»å¿','area',1,NULL,NULL,NULL),('AreaCode','431228','æ¹–å—çœæ€€åŒ–å¸‚èŠ·æ±Ÿä¾—æ—è‡ªæ²»å¿','area',1,NULL,NULL,NULL),('AreaCode','431229','æ¹–å—çœæ€€åŒ–å¸‚é–å·è‹—æ—ä¾—æ—è‡ªæ²»å¿','area',1,NULL,NULL,NULL),('AreaCode','431230','æ¹–å—çœæ€€åŒ–å¸‚é€šé“ä¾—æ—è‡ªæ²»å¿','area',1,NULL,NULL,NULL),('AreaCode','431281','æ¹–å—çœæ€€åŒ–å¸‚æ´ªæ±Ÿå¸‚','area',1,NULL,NULL,NULL),('AreaCode','431300','æ¹–å—çœå¨„åº•å¸‚','city',1,NULL,NULL,NULL),('AreaCode','431301','æ¹–å—çœå¨„åº•å¸‚å¸‚è¾–åŒº','area',1,NULL,NULL,NULL),('AreaCode','431302','æ¹–å—çœå¨„åº•å¸‚å¨„æ˜ŸåŒº','area',1,NULL,NULL,NULL),('AreaCode','431321','æ¹–å—çœå¨„åº•å¸‚åŒå³°å¿','area',1,NULL,NULL,NULL),('AreaCode','431322','æ¹–å—çœå¨„åº•å¸‚æ–°åŒ–å¿','area',1,NULL,NULL,NULL),('AreaCode','431381','æ¹–å—çœå¨„åº•å¸‚å†·æ°´æ±Ÿå¸‚','area',1,NULL,NULL,NULL),('AreaCode','431382','æ¹–å—çœå¨„åº•å¸‚æ¶Ÿæºå¸‚','area',1,NULL,NULL,NULL),('AreaCode','433100','æ¹–å—çœæ¹˜è¥¿åœŸå®¶æ—è‹—æ—è‡ªæ²»å·','city',1,NULL,NULL,NULL),('AreaCode','433101','æ¹–å—çœæ¹˜è¥¿åœŸå®¶æ—è‹—æ—è‡ªæ²»å·å‰é¦–å¸‚','area',1,NULL,NULL,NULL),('AreaCode','433122','æ¹–å—çœæ¹˜è¥¿åœŸå®¶æ—è‹—æ—è‡ªæ²»å·æ³¸æºªå¿','area',1,NULL,NULL,NULL),('AreaCode','433123','æ¹–å—çœæ¹˜è¥¿åœŸå®¶æ—è‹—æ—è‡ªæ²»å·å‡¤å‡°å¿','area',1,NULL,NULL,NULL),('AreaCode','433124','æ¹–å—çœæ¹˜è¥¿åœŸå®¶æ—è‹—æ—è‡ªæ²»å·èŠ±å£å¿','area',1,NULL,NULL,NULL),('AreaCode','433125','æ¹–å—çœæ¹˜è¥¿åœŸå®¶æ—è‹—æ—è‡ªæ²»å·ä¿é–å¿','area',1,NULL,NULL,NULL),('AreaCode','433126','æ¹–å—çœæ¹˜è¥¿åœŸå®¶æ—è‹—æ—è‡ªæ²»å·å¤ä¸ˆå¿','area',1,NULL,NULL,NULL),('AreaCode','433127','æ¹–å—çœæ¹˜è¥¿åœŸå®¶æ—è‹—æ—è‡ªæ²»å·æ°¸é¡ºå¿','area',1,NULL,NULL,NULL),('AreaCode','433130','æ¹–å—çœæ¹˜è¥¿åœŸå®¶æ—è‹—æ—è‡ªæ²»å·é¾™å±±å¿','area',1,NULL,NULL,NULL),('AreaCode','440000','å¹¿ä¸œçœ','province',1,NULL,NULL,NULL),('AreaCode','440100','å¹¿ä¸œçœå¹¿å·å¸‚','city',1,NULL,NULL,NULL),('AreaCode','440101','å¹¿ä¸œçœå¹¿å·å¸‚å¸‚è¾–åŒº','area',1,NULL,NULL,NULL),('AreaCode','440103','å¹¿ä¸œçœå¹¿å·å¸‚è”æ¹¾åŒº','area',1,NULL,NULL,NULL),('AreaCode','440104','å¹¿ä¸œçœå¹¿å·å¸‚è¶Šç§€åŒº','area',1,NULL,NULL,NULL),('AreaCode','440105','å¹¿ä¸œçœå¹¿å·å¸‚æµ·ç åŒº','area',1,NULL,NULL,NULL),('AreaCode','440106','å¹¿ä¸œçœå¹¿å·å¸‚å¤©æ²³åŒº','area',1,NULL,NULL,NULL),('AreaCode','440111','å¹¿ä¸œçœå¹¿å·å¸‚ç™½äº‘åŒº','area',1,NULL,NULL,NULL),('AreaCode','440112','å¹¿ä¸œçœå¹¿å·å¸‚é»„åŸ”åŒº','area',1,NULL,NULL,NULL),('AreaCode','440113','å¹¿ä¸œçœå¹¿å·å¸‚ç•ªç¦ºåŒº','area',1,NULL,NULL,NULL),('AreaCode','440114','å¹¿ä¸œçœå¹¿å·å¸‚èŠ±éƒ½åŒº','area',1,NULL,NULL,NULL),('AreaCode','440115','å¹¿ä¸œçœå¹¿å·å¸‚å—æ²™åŒº','area',1,NULL,NULL,NULL),('AreaCode','440117','å¹¿ä¸œçœå¹¿å·å¸‚ä»åŒ–åŒº','area',1,NULL,NULL,NULL),('AreaCode','440118','å¹¿ä¸œçœå¹¿å·å¸‚å¢åŸåŒº','area',1,NULL,NULL,NULL),('AreaCode','440200','å¹¿ä¸œçœéŸ¶å…³å¸‚','city',1,NULL,NULL,NULL),('AreaCode','440201','å¹¿ä¸œçœéŸ¶å…³å¸‚å¸‚è¾–åŒº','area',1,NULL,NULL,NULL),('AreaCode','440203','å¹¿ä¸œçœéŸ¶å…³å¸‚æ­¦æ±ŸåŒº','area',1,NULL,NULL,NULL),('AreaCode','440204','å¹¿ä¸œçœéŸ¶å…³å¸‚æµˆæ±ŸåŒº','area',1,NULL,NULL,NULL),('AreaCode','440205','å¹¿ä¸œçœéŸ¶å…³å¸‚æ›²æ±ŸåŒº','area',1,NULL,NULL,NULL),('AreaCode','440222','å¹¿ä¸œçœéŸ¶å…³å¸‚å§‹å…´å¿','area',1,NULL,NULL,NULL),('AreaCode','440224','å¹¿ä¸œçœéŸ¶å…³å¸‚ä»åŒ–å¿','area',1,NULL,NULL,NULL),('AreaCode','440229','å¹¿ä¸œçœéŸ¶å…³å¸‚ç¿æºå¿','area',1,NULL,NULL,NULL),('AreaCode','440232','å¹¿ä¸œçœéŸ¶å…³å¸‚ä¹³æºç‘¶æ—è‡ªæ²»å¿','area',1,NULL,NULL,NULL),('AreaCode','440233','å¹¿ä¸œçœéŸ¶å…³å¸‚æ–°ä¸°å¿','area',1,NULL,NULL,NULL),('AreaCode','440281','å¹¿ä¸œçœéŸ¶å…³å¸‚ä¹æ˜Œå¸‚','area',1,NULL,NULL,NULL),('AreaCode','440282','å¹¿ä¸œçœéŸ¶å…³å¸‚å—é›„å¸‚','area',1,NULL,NULL,NULL),('AreaCode','440300','å¹¿ä¸œçœæ·±åœ³å¸‚','city',1,NULL,NULL,NULL),('AreaCode','440301','å¹¿ä¸œçœæ·±åœ³å¸‚å¸‚è¾–åŒº','area',1,NULL,NULL,NULL),('AreaCode','440303','å¹¿ä¸œçœæ·±åœ³å¸‚ç½—æ¹–åŒº','area',1,NULL,NULL,NULL),('AreaCode','440304','å¹¿ä¸œçœæ·±åœ³å¸‚ç¦ç”°åŒº','area',1,NULL,NULL,NULL),('AreaCode','440305','å¹¿ä¸œçœæ·±åœ³å¸‚å—å±±åŒº','area',1,NULL,NULL,NULL),('AreaCode','440306','å¹¿ä¸œçœæ·±åœ³å¸‚å®å®‰åŒº','area',1,NULL,NULL,NULL),('AreaCode','440307','å¹¿ä¸œçœæ·±åœ³å¸‚é¾™å²—åŒº','area',1,NULL,NULL,NULL),('AreaCode','440308','å¹¿ä¸œçœæ·±åœ³å¸‚ç›ç”°åŒº','area',1,NULL,NULL,NULL),('AreaCode','440309','å¹¿ä¸œçœæ·±åœ³å¸‚é¾™åæ–°åŒº','area',1,NULL,NULL,NULL),('AreaCode','440310','å¹¿ä¸œçœæ·±åœ³å¸‚åªå±±æ–°åŒº','area',1,NULL,NULL,NULL),('AreaCode','440311','å¹¿ä¸œçœæ·±åœ³å¸‚å¤§é¹æ–°åŒº','area',1,NULL,NULL,NULL),('AreaCode','440312','å¹¿ä¸œçœæ·±åœ³å¸‚å…‰æ˜æ–°åŒº','area',1,NULL,NULL,NULL),('AreaCode','440400','å¹¿ä¸œçœç æµ·å¸‚','city',1,NULL,NULL,NULL),('AreaCode','440401','å¹¿ä¸œçœç æµ·å¸‚å¸‚è¾–åŒº','area',1,NULL,NULL,NULL),('AreaCode','440402','å¹¿ä¸œçœç æµ·å¸‚é¦™æ´²åŒº','area',1,NULL,NULL,NULL),('AreaCode','440403','å¹¿ä¸œçœç æµ·å¸‚æ–—é—¨åŒº','area',1,NULL,NULL,NULL),('AreaCode','440404','å¹¿ä¸œçœç æµ·å¸‚é‡‘æ¹¾åŒº','area',1,NULL,NULL,NULL),('AreaCode','440500','å¹¿ä¸œçœæ±•å¤´å¸‚','city',1,NULL,NULL,NULL),('AreaCode','440501','å¹¿ä¸œçœæ±•å¤´å¸‚å¸‚è¾–åŒº','area',1,NULL,NULL,NULL),('AreaCode','440507','å¹¿ä¸œçœæ±•å¤´å¸‚é¾™æ¹–åŒº','area',1,NULL,NULL,NULL),('AreaCode','440511','å¹¿ä¸œçœæ±•å¤´å¸‚é‡‘å¹³åŒº','area',1,NULL,NULL,NULL),('AreaCode','440512','å¹¿ä¸œçœæ±•å¤´å¸‚æ¿ æ±ŸåŒº','area',1,NULL,NULL,NULL),('AreaCode','440513','å¹¿ä¸œçœæ±•å¤´å¸‚æ½®é˜³åŒº','area',1,NULL,NULL,NULL),('AreaCode','440514','å¹¿ä¸œçœæ±•å¤´å¸‚æ½®å—åŒº','area',1,NULL,NULL,NULL),('AreaCode','440515','å¹¿ä¸œçœæ±•å¤´å¸‚æ¾„æµ·åŒº','area',1,NULL,NULL,NULL),('AreaCode','440523','å¹¿ä¸œçœæ±•å¤´å¸‚å—æ¾³å¿','area',1,NULL,NULL,NULL),('AreaCode','440600','å¹¿ä¸œçœä½›å±±å¸‚','city',1,NULL,NULL,NULL),('AreaCode','440601','å¹¿ä¸œçœä½›å±±å¸‚å¸‚è¾–åŒº','area',1,NULL,NULL,NULL),('AreaCode','440604','å¹¿ä¸œçœä½›å±±å¸‚ç¦…åŸåŒº','area',1,NULL,NULL,NULL),('AreaCode','440605','å¹¿ä¸œçœä½›å±±å¸‚å—æµ·åŒº','area',1,NULL,NULL,NULL),('AreaCode','440606','å¹¿ä¸œçœä½›å±±å¸‚é¡ºå¾·åŒº','area',1,NULL,NULL,NULL),('AreaCode','440607','å¹¿ä¸œçœä½›å±±å¸‚ä¸‰æ°´åŒº','area',1,NULL,NULL,NULL),('AreaCode','440608','å¹¿ä¸œçœä½›å±±å¸‚é«˜æ˜åŒº','area',1,NULL,NULL,NULL),('AreaCode','440700','å¹¿ä¸œçœæ±Ÿé—¨å¸‚','city',1,NULL,NULL,NULL),('AreaCode','440701','å¹¿ä¸œçœæ±Ÿé—¨å¸‚å¸‚è¾–åŒº','area',1,NULL,NULL,NULL),('AreaCode','440703','å¹¿ä¸œçœæ±Ÿé—¨å¸‚è“¬æ±ŸåŒº','area',1,NULL,NULL,NULL),('AreaCode','440704','å¹¿ä¸œçœæ±Ÿé—¨å¸‚æ±Ÿæµ·åŒº','area',1,NULL,NULL,NULL),('AreaCode','440705','å¹¿ä¸œçœæ±Ÿé—¨å¸‚æ–°ä¼šåŒº','area',1,NULL,NULL,NULL),('AreaCode','440781','å¹¿ä¸œçœæ±Ÿé—¨å¸‚å°å±±å¸‚','area',1,NULL,NULL,NULL),('AreaCode','440783','å¹¿ä¸œçœæ±Ÿé—¨å¸‚å¼€å¹³å¸‚','area',1,NULL,NULL,NULL),('AreaCode','440784','å¹¿ä¸œçœæ±Ÿé—¨å¸‚é¹¤å±±å¸‚','area',1,NULL,NULL,NULL),('AreaCode','440785','å¹¿ä¸œçœæ±Ÿé—¨å¸‚æ©å¹³å¸‚','area',1,NULL,NULL,NULL),('AreaCode','440800','å¹¿ä¸œçœæ¹›æ±Ÿå¸‚','city',1,NULL,NULL,NULL),('AreaCode','440801','å¹¿ä¸œçœæ¹›æ±Ÿå¸‚å¸‚è¾–åŒº','area',1,NULL,NULL,NULL),('AreaCode','440802','å¹¿ä¸œçœæ¹›æ±Ÿå¸‚èµ¤ååŒº','area',1,NULL,NULL,NULL),('AreaCode','440803','å¹¿ä¸œçœæ¹›æ±Ÿå¸‚éœå±±åŒº','area',1,NULL,NULL,NULL),('AreaCode','440804','å¹¿ä¸œçœæ¹›æ±Ÿå¸‚å¡å¤´åŒº','area',1,NULL,NULL,NULL),('AreaCode','440811','å¹¿ä¸œçœæ¹›æ±Ÿå¸‚éº»ç« åŒº','area',1,NULL,NULL,NULL),('AreaCode','440823','å¹¿ä¸œçœæ¹›æ±Ÿå¸‚é‚æºªå¿','area',1,NULL,NULL,NULL),('AreaCode','440825','å¹¿ä¸œçœæ¹›æ±Ÿå¸‚å¾é—»å¿','area',1,NULL,NULL,NULL),('AreaCode','440881','å¹¿ä¸œçœæ¹›æ±Ÿå¸‚å»‰æ±Ÿå¸‚','area',1,NULL,NULL,NULL),('AreaCode','440882','å¹¿ä¸œçœæ¹›æ±Ÿå¸‚é›·å·å¸‚','area',1,NULL,NULL,NULL),('AreaCode','440883','å¹¿ä¸œçœæ¹›æ±Ÿå¸‚å´å·å¸‚','area',1,NULL,NULL,NULL),('AreaCode','440900','å¹¿ä¸œçœèŒ‚åå¸‚','city',1,NULL,NULL,NULL),('AreaCode','440901','å¹¿ä¸œçœèŒ‚åå¸‚å¸‚è¾–åŒº','area',1,NULL,NULL,NULL),('AreaCode','440902','å¹¿ä¸œçœèŒ‚åå¸‚èŒ‚å—åŒº','area',1,NULL,NULL,NULL),('AreaCode','440903','å¹¿ä¸œçœèŒ‚åå¸‚èŒ‚æ¸¯åŒº','area',1,NULL,NULL,NULL),('AreaCode','440904','å¹¿ä¸œçœèŒ‚åå¸‚ç”µç™½åŒº','area',1,NULL,NULL,NULL),('AreaCode','440981','å¹¿ä¸œçœèŒ‚åå¸‚é«˜å·å¸‚','area',1,NULL,NULL,NULL),('AreaCode','440982','å¹¿ä¸œçœèŒ‚åå¸‚åŒ–å·å¸‚','area',1,NULL,NULL,NULL),('AreaCode','440983','å¹¿ä¸œçœèŒ‚åå¸‚ä¿¡å®œå¸‚','area',1,NULL,NULL,NULL),('AreaCode','441200','å¹¿ä¸œçœè‚‡åº†å¸‚','city',1,NULL,NULL,NULL),('AreaCode','441201','å¹¿ä¸œçœè‚‡åº†å¸‚å¸‚è¾–åŒº','area',1,NULL,NULL,NULL),('AreaCode','441202','å¹¿ä¸œçœè‚‡åº†å¸‚ç«¯å·åŒº','area',1,NULL,NULL,NULL),('AreaCode','441203','å¹¿ä¸œçœè‚‡åº†å¸‚é¼æ¹–åŒº','area',1,NULL,NULL,NULL),('AreaCode','441204','å¹¿ä¸œçœè‚‡åº†å¸‚é«˜è¦åŒº','area',1,NULL,NULL,NULL),('AreaCode','441223','å¹¿ä¸œçœè‚‡åº†å¸‚å¹¿å®å¿','area',1,NULL,NULL,NULL),('AreaCode','441224','å¹¿ä¸œçœè‚‡åº†å¸‚æ€€é›†å¿','area',1,NULL,NULL,NULL),('AreaCode','441225','å¹¿ä¸œçœè‚‡åº†å¸‚å°å¼€å¿','area',1,NULL,NULL,NULL),('AreaCode','441226','å¹¿ä¸œçœè‚‡åº†å¸‚å¾·åº†å¿','area',1,NULL,NULL,NULL),('AreaCode','441284','å¹¿ä¸œçœè‚‡åº†å¸‚å››ä¼šå¸‚','area',1,NULL,NULL,NULL),('AreaCode','441300','å¹¿ä¸œçœæƒ å·å¸‚','city',1,NULL,NULL,NULL),('AreaCode','441301','å¹¿ä¸œçœæƒ å·å¸‚å¸‚è¾–åŒº','area',1,NULL,NULL,NULL),('AreaCode','441302','å¹¿ä¸œçœæƒ å·å¸‚æƒ åŸåŒº','area',1,NULL,NULL,NULL),('AreaCode','441303','å¹¿ä¸œçœæƒ å·å¸‚æƒ é˜³åŒº','area',1,NULL,NULL,NULL),('AreaCode','441322','å¹¿ä¸œçœæƒ å·å¸‚åšç½—å¿','area',1,NULL,NULL,NULL),('AreaCode','441323','å¹¿ä¸œçœæƒ å·å¸‚æƒ ä¸œå¿','area',1,NULL,NULL,NULL),('AreaCode','441324','å¹¿ä¸œçœæƒ å·å¸‚é¾™é—¨å¿','area',1,NULL,NULL,NULL),('AreaCode','441400','å¹¿ä¸œçœæ¢…å·å¸‚','city',1,NULL,NULL,NULL),('AreaCode','441401','å¹¿ä¸œçœæ¢…å·å¸‚å¸‚è¾–åŒº','area',1,NULL,NULL,NULL),('AreaCode','441402','å¹¿ä¸œçœæ¢…å·å¸‚æ¢…æ±ŸåŒº','area',1,NULL,NULL,NULL),('AreaCode','441403','å¹¿ä¸œçœæ¢…å·å¸‚æ¢…å¿åŒº','area',1,NULL,NULL,NULL),('AreaCode','441422','å¹¿ä¸œçœæ¢…å·å¸‚å¤§åŸ”å¿','area',1,NULL,NULL,NULL),('AreaCode','441423','å¹¿ä¸œçœæ¢…å·å¸‚ä¸°é¡ºå¿','area',1,NULL,NULL,NULL),('AreaCode','441424','å¹¿ä¸œçœæ¢…å·å¸‚äº”åå¿','area',1,NULL,NULL,NULL),('AreaCode','441426','å¹¿ä¸œçœæ¢…å·å¸‚å¹³è¿œå¿','area',1,NULL,NULL,NULL),('AreaCode','441427','å¹¿ä¸œçœæ¢…å·å¸‚è•‰å²­å¿','area',1,NULL,NULL,NULL),('AreaCode','441481','å¹¿ä¸œçœæ¢…å·å¸‚å…´å®å¸‚','area',1,NULL,NULL,NULL),('AreaCode','441500','å¹¿ä¸œçœæ±•å°¾å¸‚','city',1,NULL,NULL,NULL),('AreaCode','441501','å¹¿ä¸œçœæ±•å°¾å¸‚å¸‚è¾–åŒº','area',1,NULL,NULL,NULL),('AreaCode','441502','å¹¿ä¸œçœæ±•å°¾å¸‚åŸåŒº','area',1,NULL,NULL,NULL),('AreaCode','441521','å¹¿ä¸œçœæ±•å°¾å¸‚æµ·ä¸°å¿','area',1,NULL,NULL,NULL),('AreaCode','441523','å¹¿ä¸œçœæ±•å°¾å¸‚é™†æ²³å¿','area',1,NULL,NULL,NULL),('AreaCode','441581','å¹¿ä¸œçœæ±•å°¾å¸‚é™†ä¸°å¸‚','area',1,NULL,NULL,NULL),('AreaCode','441600','å¹¿ä¸œçœæ²³æºå¸‚','city',1,NULL,NULL,NULL),('AreaCode','441601','å¹¿ä¸œçœæ²³æºå¸‚å¸‚è¾–åŒº','area',1,NULL,NULL,NULL),('AreaCode','441602','å¹¿ä¸œçœæ²³æºå¸‚æºåŸåŒº','area',1,NULL,NULL,NULL),('AreaCode','441621','å¹¿ä¸œçœæ²³æºå¸‚ç´«é‡‘å¿','area',1,NULL,NULL,NULL),('AreaCode','441622','å¹¿ä¸œçœæ²³æºå¸‚é¾™å·å¿','area',1,NULL,NULL,NULL),('AreaCode','441623','å¹¿ä¸œçœæ²³æºå¸‚è¿å¹³å¿','area',1,NULL,NULL,NULL),('AreaCode','441624','å¹¿ä¸œçœæ²³æºå¸‚å’Œå¹³å¿','area',1,NULL,NULL,NULL),('AreaCode','441625','å¹¿ä¸œçœæ²³æºå¸‚ä¸œæºå¿','area',1,NULL,NULL,NULL),('AreaCode','441700','å¹¿ä¸œçœé˜³æ±Ÿå¸‚','city',1,NULL,NULL,NULL),('AreaCode','441701','å¹¿ä¸œçœé˜³æ±Ÿå¸‚å¸‚è¾–åŒº','area',1,NULL,NULL,NULL),('AreaCode','441702','å¹¿ä¸œçœé˜³æ±Ÿå¸‚æ±ŸåŸåŒº','area',1,NULL,NULL,NULL),('AreaCode','441704','å¹¿ä¸œçœé˜³æ±Ÿå¸‚é˜³ä¸œåŒº','area',1,NULL,NULL,NULL),('AreaCode','441721','å¹¿ä¸œçœé˜³æ±Ÿå¸‚é˜³è¥¿å¿','area',1,NULL,NULL,NULL),('AreaCode','441733','å¹¿ä¸œçœé˜³æ±Ÿå¸‚æµ·é™µåŒº','area',1,NULL,NULL,NULL),('AreaCode','441781','å¹¿ä¸œçœé˜³æ±Ÿå¸‚é˜³æ˜¥å¸‚','area',1,NULL,NULL,NULL),('AreaCode','441800','å¹¿ä¸œçœæ¸…è¿œå¸‚','city',1,NULL,NULL,NULL),('AreaCode','441801','å¹¿ä¸œçœæ¸…è¿œå¸‚å¸‚è¾–åŒº','area',1,NULL,NULL,NULL),('AreaCode','441802','å¹¿ä¸œçœæ¸…è¿œå¸‚æ¸…åŸåŒº','area',1,NULL,NULL,NULL),('AreaCode','441803','å¹¿ä¸œçœæ¸…è¿œå¸‚æ¸…æ–°åŒº','area',1,NULL,NULL,NULL),('AreaCode','441821','å¹¿ä¸œçœæ¸…è¿œå¸‚ä½›å†ˆå¿','area',1,NULL,NULL,NULL),('AreaCode','441823','å¹¿ä¸œçœæ¸…è¿œå¸‚é˜³å±±å¿','area',1,NULL,NULL,NULL),('AreaCode','441825','å¹¿ä¸œçœæ¸…è¿œå¸‚è¿å±±å£®æ—ç‘¶æ—è‡ªæ²»å¿','area',1,NULL,NULL,NULL),('AreaCode','441826','å¹¿ä¸œçœæ¸…è¿œå¸‚è¿å—ç‘¶æ—è‡ªæ²»å¿','area',1,NULL,NULL,NULL),('AreaCode','441881','å¹¿ä¸œçœæ¸…è¿œå¸‚è‹±å¾·å¸‚','area',1,NULL,NULL,NULL),('AreaCode','441882','å¹¿ä¸œçœæ¸…è¿œå¸‚è¿å·å¸‚','area',1,NULL,NULL,NULL),('AreaCode','441900','å¹¿ä¸œçœä¸œèå¸‚','city',1,NULL,NULL,NULL),('AreaCode','441901','å¹¿ä¸œçœä¸œèå¸‚èåŸåŒº','area',1,NULL,NULL,NULL),('AreaCode','441902','å¹¿ä¸œçœä¸œèå¸‚å—åŸåŒº','area',1,NULL,NULL,NULL),('AreaCode','441903','å¹¿ä¸œçœä¸œèå¸‚ä¸œåŸåŒº','area',1,NULL,NULL,NULL),('AreaCode','441904','å¹¿ä¸œçœä¸œèå¸‚ä¸‡æ±ŸåŒº','area',1,NULL,NULL,NULL),('AreaCode','441905','å¹¿ä¸œçœä¸œèå¸‚çŸ³ç¢£é•‡','area',1,NULL,NULL,NULL),('AreaCode','441906','å¹¿ä¸œçœä¸œèå¸‚çŸ³é¾™é•‡','area',1,NULL,NULL,NULL),('AreaCode','441907','å¹¿ä¸œçœä¸œèå¸‚èŒ¶å±±é•‡','area',1,NULL,NULL,NULL),('AreaCode','441908','å¹¿ä¸œçœä¸œèå¸‚çŸ³æ’é•‡','area',1,NULL,NULL,NULL),('AreaCode','441909','å¹¿ä¸œçœä¸œèå¸‚ä¼çŸ³é•‡','area',1,NULL,NULL,NULL),('AreaCode','441910','å¹¿ä¸œçœä¸œèå¸‚æ¨ªæ²¥é•‡','area',1,NULL,NULL,NULL),('AreaCode','441911','å¹¿ä¸œçœä¸œèå¸‚æ¡¥å¤´é•‡','area',1,NULL,NULL,NULL),('AreaCode','441912','å¹¿ä¸œçœä¸œèå¸‚è°¢å²—é•‡','area',1,NULL,NULL,NULL),('AreaCode','441913','å¹¿ä¸œçœä¸œèå¸‚ä¸œå‘é•‡','area',1,NULL,NULL,NULL),('AreaCode','441914','å¹¿ä¸œçœä¸œèå¸‚å¸¸å¹³é•‡','area',1,NULL,NULL,NULL),('AreaCode','441915','å¹¿ä¸œçœä¸œèå¸‚å¯®æ­¥é•‡','area',1,NULL,NULL,NULL),('AreaCode','441916','å¹¿ä¸œçœä¸œèå¸‚å¤§æœ—é•‡','area',1,NULL,NULL,NULL),('AreaCode','441917','å¹¿ä¸œçœä¸œèå¸‚éº»æ¶Œé•‡','area',1,NULL,NULL,NULL),('AreaCode','441918','å¹¿ä¸œçœä¸œèå¸‚ä¸­å ‚é•‡','area',1,NULL,NULL,NULL),('AreaCode','441919','å¹¿ä¸œçœä¸œèå¸‚é«˜åŸ—é•‡','area',1,NULL,NULL,NULL),('AreaCode','441920','å¹¿ä¸œçœä¸œèå¸‚æ¨Ÿæœ¨å¤´é•‡','area',1,NULL,NULL,NULL),('AreaCode','441921','å¹¿ä¸œçœä¸œèå¸‚å¤§å²­å±±é•‡','area',1,NULL,NULL,NULL),('AreaCode','441922','å¹¿ä¸œçœä¸œèå¸‚æœ›ç‰›å¢©é•‡','area',1,NULL,NULL,NULL),('AreaCode','441923','å¹¿ä¸œçœä¸œèå¸‚é»„æ±Ÿé•‡','area',1,NULL,NULL,NULL),('AreaCode','441924','å¹¿ä¸œçœä¸œèå¸‚æ´ªæ¢…é•‡','area',1,NULL,NULL,NULL),('AreaCode','441925','å¹¿ä¸œçœä¸œèå¸‚æ¸…æºªé•‡','area',1,NULL,NULL,NULL),('AreaCode','441926','å¹¿ä¸œçœä¸œèå¸‚æ²™ç”°é•‡','area',1,NULL,NULL,NULL),('AreaCode','441927','å¹¿ä¸œçœä¸œèå¸‚é“æ»˜é•‡','area',1,NULL,NULL,NULL),('AreaCode','441928','å¹¿ä¸œçœä¸œèå¸‚å¡˜å¦é•‡','area',1,NULL,NULL,NULL),('AreaCode','441929','å¹¿ä¸œçœä¸œèå¸‚è™é—¨é•‡','area',1,NULL,NULL,NULL),('AreaCode','441930','å¹¿ä¸œçœä¸œèå¸‚åšè¡—é•‡','area',1,NULL,NULL,NULL),('AreaCode','441931','å¹¿ä¸œçœä¸œèå¸‚å‡¤å²—é•‡','area',1,NULL,NULL,NULL),('AreaCode','441932','å¹¿ä¸œçœä¸œèå¸‚é•¿å®‰é•‡','area',1,NULL,NULL,NULL),('AreaCode','442000','å¹¿ä¸œçœä¸­å±±å¸‚','city',1,NULL,NULL,NULL),('AreaCode','442002','å¹¿ä¸œçœä¸­å±±å¸‚ä¸œåŒºè¡—é“','area',1,NULL,NULL,NULL),('AreaCode','442003','å¹¿ä¸œçœä¸­å±±å¸‚è¥¿åŒºè¡—é“','area',1,NULL,NULL,NULL),('AreaCode','442004','å¹¿ä¸œçœä¸­å±±å¸‚å—åŒºè¡—é“','area',1,NULL,NULL,NULL),('AreaCode','442005','å¹¿ä¸œçœä¸­å±±å¸‚äº”æ¡‚å±±è¡—é“','area',1,NULL,NULL,NULL),('AreaCode','442006','å¹¿ä¸œçœä¸­å±±å¸‚ä¸­å±±ç«ç‚¬é«˜æŠ€æœ¯äº§ä¸šå¼€å‘åŒº','area',1,NULL,NULL,NULL),('AreaCode','442007','å¹¿ä¸œçœä¸­å±±å¸‚é»„åœƒé•‡','area',1,NULL,NULL,NULL),('AreaCode','442008','å¹¿ä¸œçœä¸­å±±å¸‚å—å¤´é•‡','area',1,NULL,NULL,NULL),('AreaCode','442009','å¹¿ä¸œçœä¸­å±±å¸‚ä¸œå‡¤é•‡','area',1,NULL,NULL,NULL),('AreaCode','442010','å¹¿ä¸œçœä¸­å±±å¸‚é˜œæ²™é•‡','area',1,NULL,NULL,NULL),('AreaCode','442011','å¹¿ä¸œçœä¸­å±±å¸‚å°æ¦„é•‡','area',1,NULL,NULL,NULL),('AreaCode','442012','å¹¿ä¸œçœä¸­å±±å¸‚ä¸œå‡é•‡','area',1,NULL,NULL,NULL),('AreaCode','442013','å¹¿ä¸œçœä¸­å±±å¸‚å¤é•‡é•‡','area',1,NULL,NULL,NULL),('AreaCode','442014','å¹¿ä¸œçœä¸­å±±å¸‚æ¨ªæ é•‡','area',1,NULL,NULL,NULL),('AreaCode','442015','å¹¿ä¸œçœä¸­å±±å¸‚ä¸‰è§’é•‡','area',1,NULL,NULL,NULL),('AreaCode','442016','å¹¿ä¸œçœä¸­å±±å¸‚æ°‘ä¼—é•‡','area',1,NULL,NULL,NULL),('AreaCode','442017','å¹¿ä¸œçœä¸­å±±å¸‚å—æœ—é•‡','area',1,NULL,NULL,NULL),('AreaCode','442018','å¹¿ä¸œçœä¸­å±±å¸‚æ¸¯å£é•‡','area',1,NULL,NULL,NULL),('AreaCode','442019','å¹¿ä¸œçœä¸­å±±å¸‚å¤§æ¶Œé•‡','area',1,NULL,NULL,NULL),('AreaCode','442020','å¹¿ä¸œçœä¸­å±±å¸‚æ²™æºªé•‡','area',1,NULL,NULL,NULL),('AreaCode','442021','å¹¿ä¸œçœä¸­å±±å¸‚ä¸‰ä¹¡é•‡','area',1,NULL,NULL,NULL),('AreaCode','442022','å¹¿ä¸œçœä¸­å±±å¸‚æ¿èŠ™é•‡','area',1,NULL,NULL,NULL),('AreaCode','442023','å¹¿ä¸œçœä¸­å±±å¸‚ç¥æ¹¾é•‡','area',1,NULL,NULL,NULL),('AreaCode','442024','å¹¿ä¸œçœä¸­å±±å¸‚å¦æ´²é•‡','area',1,NULL,NULL,NULL),('AreaCode','445100','å¹¿ä¸œçœæ½®å·å¸‚','city',1,NULL,NULL,NULL),('AreaCode','445101','å¹¿ä¸œçœæ½®å·å¸‚å¸‚è¾–åŒº','area',1,NULL,NULL,NULL),('AreaCode','445102','å¹¿ä¸œçœæ½®å·å¸‚æ¹˜æ¡¥åŒº','area',1,NULL,NULL,NULL),('AreaCode','445103','å¹¿ä¸œçœæ½®å·å¸‚æ½®å®‰åŒº','area',1,NULL,NULL,NULL),('AreaCode','445122','å¹¿ä¸œçœæ½®å·å¸‚é¥¶å¹³å¿','area',1,NULL,NULL,NULL),('AreaCode','445200','å¹¿ä¸œçœæ­é˜³å¸‚','city',1,NULL,NULL,NULL),('AreaCode','445201','å¹¿ä¸œçœæ­é˜³å¸‚å¸‚è¾–åŒº','area',1,NULL,NULL,NULL),('AreaCode','445202','å¹¿ä¸œçœæ­é˜³å¸‚æ¦•åŸåŒº','area',1,NULL,NULL,NULL),('AreaCode','445203','å¹¿ä¸œçœæ­é˜³å¸‚æ­ä¸œåŒº','area',1,NULL,NULL,NULL),('AreaCode','445222','å¹¿ä¸œçœæ­é˜³å¸‚æ­è¥¿å¿','area',1,NULL,NULL,NULL),('AreaCode','445224','å¹¿ä¸œçœæ­é˜³å¸‚æƒ æ¥å¿','area',1,NULL,NULL,NULL),('AreaCode','445281','å¹¿ä¸œçœæ­é˜³å¸‚æ™®å®å¸‚','area',1,NULL,NULL,NULL),('AreaCode','445300','å¹¿ä¸œçœäº‘æµ®å¸‚','city',1,NULL,NULL,NULL),('AreaCode','445301','å¹¿ä¸œçœäº‘æµ®å¸‚å¸‚è¾–åŒº','area',1,NULL,NULL,NULL),('AreaCode','445302','å¹¿ä¸œçœäº‘æµ®å¸‚äº‘åŸåŒº','area',1,NULL,NULL,NULL),('AreaCode','445303','å¹¿ä¸œçœäº‘æµ®å¸‚äº‘å®‰åŒº','area',1,NULL,NULL,NULL),('AreaCode','445321','å¹¿ä¸œçœäº‘æµ®å¸‚æ–°å…´å¿','area',1,NULL,NULL,NULL),('AreaCode','445322','å¹¿ä¸œçœäº‘æµ®å¸‚éƒå—å¿','area',1,NULL,NULL,NULL),('AreaCode','445381','å¹¿ä¸œçœäº‘æµ®å¸‚ç½—å®šå¸‚','area',1,NULL,NULL,NULL),('AreaCode','450000','å¹¿è¥¿å£®æ—è‡ªæ²»åŒº','province',1,NULL,NULL,NULL),('AreaCode','450100','å¹¿è¥¿å£®æ—è‡ªæ²»åŒºå—å®å¸‚','city',1,NULL,NULL,NULL),('AreaCode','450101','å¹¿è¥¿å£®æ—è‡ªæ²»åŒºå—å®å¸‚å¸‚è¾–åŒº','area',1,NULL,NULL,NULL),('AreaCode','450102','å¹¿è¥¿å£®æ—è‡ªæ²»åŒºå—å®å¸‚å…´å®åŒº','area',1,NULL,NULL,NULL),('AreaCode','450103','å¹¿è¥¿å£®æ—è‡ªæ²»åŒºå—å®å¸‚é’ç§€åŒº','area',1,NULL,NULL,NULL),('AreaCode','450105','å¹¿è¥¿å£®æ—è‡ªæ²»åŒºå—å®å¸‚æ±Ÿå—åŒº','area',1,NULL,NULL,NULL),('AreaCode','450107','å¹¿è¥¿å£®æ—è‡ªæ²»åŒºå—å®å¸‚è¥¿ä¹¡å¡˜åŒº','area',1,NULL,NULL,NULL),('AreaCode','450108','å¹¿è¥¿å£®æ—è‡ªæ²»åŒºå—å®å¸‚è‰¯åº†åŒº','area',1,NULL,NULL,NULL),('AreaCode','450109','å¹¿è¥¿å£®æ—è‡ªæ²»åŒºå—å®å¸‚é‚•å®åŒº','area',1,NULL,NULL,NULL),('AreaCode','450110','å¹¿è¥¿å£®æ—è‡ªæ²»åŒºå—å®å¸‚æ­¦é¸£åŒº','area',1,NULL,NULL,NULL),('AreaCode','450123','å¹¿è¥¿å£®æ—è‡ªæ²»åŒºå—å®å¸‚éš†å®‰å¿','area',1,NULL,NULL,NULL),('AreaCode','450124','å¹¿è¥¿å£®æ—è‡ªæ²»åŒºå—å®å¸‚é©¬å±±å¿','area',1,NULL,NULL,NULL),('AreaCode','450125','å¹¿è¥¿å£®æ—è‡ªæ²»åŒºå—å®å¸‚ä¸Šæ—å¿','area',1,NULL,NULL,NULL),('AreaCode','450126','å¹¿è¥¿å£®æ—è‡ªæ²»åŒºå—å®å¸‚å®¾é˜³å¿','area',1,NULL,NULL,NULL),('AreaCode','450127','å¹¿è¥¿å£®æ—è‡ªæ²»åŒºå—å®å¸‚æ¨ªå¿','area',1,NULL,NULL,NULL),('AreaCode','450200','å¹¿è¥¿å£®æ—è‡ªæ²»åŒºæŸ³å·å¸‚','city',1,NULL,NULL,NULL),('AreaCode','450201','å¹¿è¥¿å£®æ—è‡ªæ²»åŒºæŸ³å·å¸‚å¸‚è¾–åŒº','area',1,NULL,NULL,NULL),('AreaCode','450202','å¹¿è¥¿å£®æ—è‡ªæ²»åŒºæŸ³å·å¸‚åŸä¸­åŒº','area',1,NULL,NULL,NULL),('AreaCode','450203','å¹¿è¥¿å£®æ—è‡ªæ²»åŒºæŸ³å·å¸‚é±¼å³°åŒº','area',1,NULL,NULL,NULL),('AreaCode','450204','å¹¿è¥¿å£®æ—è‡ªæ²»åŒºæŸ³å·å¸‚æŸ³å—åŒº','area',1,NULL,NULL,NULL),('AreaCode','450205','å¹¿è¥¿å£®æ—è‡ªæ²»åŒºæŸ³å·å¸‚æŸ³åŒ—åŒº','area',1,NULL,NULL,NULL),('AreaCode','450206','å¹¿è¥¿å£®æ—è‡ªæ²»åŒºæŸ³å·å¸‚æŸ³æ±ŸåŒº','area',1,NULL,NULL,NULL),('AreaCode','450222','å¹¿è¥¿å£®æ—è‡ªæ²»åŒºæŸ³å·å¸‚æŸ³åŸå¿','area',1,NULL,NULL,NULL),('AreaCode','450223','å¹¿è¥¿å£®æ—è‡ªæ²»åŒºæŸ³å·å¸‚é¹¿å¯¨å¿','area',1,NULL,NULL,NULL),('AreaCode','450224','å¹¿è¥¿å£®æ—è‡ªæ²»åŒºæŸ³å·å¸‚èå®‰å¿','area',1,NULL,NULL,NULL),('AreaCode','450225','å¹¿è¥¿å£®æ—è‡ªæ²»åŒºæŸ³å·å¸‚èæ°´è‹—æ—è‡ªæ²»å¿','area',1,NULL,NULL,NULL),('AreaCode','450226','å¹¿è¥¿å£®æ—è‡ªæ²»åŒºæŸ³å·å¸‚ä¸‰æ±Ÿä¾—æ—è‡ªæ²»å¿','area',1,NULL,NULL,NULL),('AreaCode','450300','å¹¿è¥¿å£®æ—è‡ªæ²»åŒºæ¡‚æ—å¸‚','city',1,NULL,NULL,NULL),('AreaCode','450301','å¹¿è¥¿å£®æ—è‡ªæ²»åŒºæ¡‚æ—å¸‚å¸‚è¾–åŒº','area',1,NULL,NULL,NULL),('AreaCode','450302','å¹¿è¥¿å£®æ—è‡ªæ²»åŒºæ¡‚æ—å¸‚ç§€å³°åŒº','area',1,NULL,NULL,NULL),('AreaCode','450303','å¹¿è¥¿å£®æ—è‡ªæ²»åŒºæ¡‚æ—å¸‚å å½©åŒº','area',1,NULL,NULL,NULL),('AreaCode','450304','å¹¿è¥¿å£®æ—è‡ªæ²»åŒºæ¡‚æ—å¸‚è±¡å±±åŒº','area',1,NULL,NULL,NULL),('AreaCode','450305','å¹¿è¥¿å£®æ—è‡ªæ²»åŒºæ¡‚æ—å¸‚ä¸ƒæ˜ŸåŒº','area',1,NULL,NULL,NULL),('AreaCode','450311','å¹¿è¥¿å£®æ—è‡ªæ²»åŒºæ¡‚æ—å¸‚é›å±±åŒº','area',1,NULL,NULL,NULL),('AreaCode','450312','å¹¿è¥¿å£®æ—è‡ªæ²»åŒºæ¡‚æ—å¸‚ä¸´æ¡‚åŒº','area',1,NULL,NULL,NULL),('AreaCode','450321','å¹¿è¥¿å£®æ—è‡ªæ²»åŒºæ¡‚æ—å¸‚é˜³æœ”å¿','area',1,NULL,NULL,NULL),('AreaCode','450323','å¹¿è¥¿å£®æ—è‡ªæ²»åŒºæ¡‚æ—å¸‚çµå·å¿','area',1,NULL,NULL,NULL),('AreaCode','450324','å¹¿è¥¿å£®æ—è‡ªæ²»åŒºæ¡‚æ—å¸‚å…¨å·å¿','area',1,NULL,NULL,NULL),('AreaCode','450325','å¹¿è¥¿å£®æ—è‡ªæ²»åŒºæ¡‚æ—å¸‚å…´å®‰å¿','area',1,NULL,NULL,NULL),('AreaCode','450326','å¹¿è¥¿å£®æ—è‡ªæ²»åŒºæ¡‚æ—å¸‚æ°¸ç¦å¿','area',1,NULL,NULL,NULL),('AreaCode','450327','å¹¿è¥¿å£®æ—è‡ªæ²»åŒºæ¡‚æ—å¸‚çŒé˜³å¿','area',1,NULL,NULL,NULL),('AreaCode','450328','å¹¿è¥¿å£®æ—è‡ªæ²»åŒºæ¡‚æ—å¸‚é¾™èƒœå„æ—è‡ªæ²»å¿','area',1,NULL,NULL,NULL),('AreaCode','450329','å¹¿è¥¿å£®æ—è‡ªæ²»åŒºæ¡‚æ—å¸‚èµ„æºå¿','area',1,NULL,NULL,NULL),('AreaCode','450330','å¹¿è¥¿å£®æ—è‡ªæ²»åŒºæ¡‚æ—å¸‚å¹³ä¹å¿','area',1,NULL,NULL,NULL),('AreaCode','450331','å¹¿è¥¿å£®æ—è‡ªæ²»åŒºæ¡‚æ—å¸‚è”æµ¦å¿','area',1,NULL,NULL,NULL),('AreaCode','450332','å¹¿è¥¿å£®æ—è‡ªæ²»åŒºæ¡‚æ—å¸‚æ­åŸç‘¶æ—è‡ªæ²»å¿','area',1,NULL,NULL,NULL),('AreaCode','450400','å¹¿è¥¿å£®æ—è‡ªæ²»åŒºæ¢§å·å¸‚','city',1,NULL,NULL,NULL),('AreaCode','450401','å¹¿è¥¿å£®æ—è‡ªæ²»åŒºæ¢§å·å¸‚å¸‚è¾–åŒº','area',1,NULL,NULL,NULL),('AreaCode','450403','å¹¿è¥¿å£®æ—è‡ªæ²»åŒºæ¢§å·å¸‚ä¸‡ç§€åŒº','area',1,NULL,NULL,NULL),('AreaCode','450405','å¹¿è¥¿å£®æ—è‡ªæ²»åŒºæ¢§å·å¸‚é•¿æ´²åŒº','area',1,NULL,NULL,NULL),('AreaCode','450406','å¹¿è¥¿å£®æ—è‡ªæ²»åŒºæ¢§å·å¸‚é¾™åœ©åŒº','area',1,NULL,NULL,NULL),('AreaCode','450421','å¹¿è¥¿å£®æ—è‡ªæ²»åŒºæ¢§å·å¸‚è‹æ¢§å¿','area',1,NULL,NULL,NULL),('AreaCode','450422','å¹¿è¥¿å£®æ—è‡ªæ²»åŒºæ¢§å·å¸‚è—¤å¿','area',1,NULL,NULL,NULL),('AreaCode','450423','å¹¿è¥¿å£®æ—è‡ªæ²»åŒºæ¢§å·å¸‚è’™å±±å¿','area',1,NULL,NULL,NULL),('AreaCode','450481','å¹¿è¥¿å£®æ—è‡ªæ²»åŒºæ¢§å·å¸‚å²‘æºªå¸‚','area',1,NULL,NULL,NULL),('AreaCode','450500','å¹¿è¥¿å£®æ—è‡ªæ²»åŒºåŒ—æµ·å¸‚','city',1,NULL,NULL,NULL),('AreaCode','450501','å¹¿è¥¿å£®æ—è‡ªæ²»åŒºåŒ—æµ·å¸‚å¸‚è¾–åŒº','area',1,NULL,NULL,NULL),('AreaCode','450502','å¹¿è¥¿å£®æ—è‡ªæ²»åŒºåŒ—æµ·å¸‚æµ·åŸåŒº','area',1,NULL,NULL,NULL),('AreaCode','450503','å¹¿è¥¿å£®æ—è‡ªæ²»åŒºåŒ—æµ·å¸‚é“¶æµ·åŒº','area',1,NULL,NULL,NULL),('AreaCode','450512','å¹¿è¥¿å£®æ—è‡ªæ²»åŒºåŒ—æµ·å¸‚é“å±±æ¸¯åŒº','area',1,NULL,NULL,NULL),('AreaCode','450521','å¹¿è¥¿å£®æ—è‡ªæ²»åŒºåŒ—æµ·å¸‚åˆæµ¦å¿','area',1,NULL,NULL,NULL),('AreaCode','450600','å¹¿è¥¿å£®æ—è‡ªæ²»åŒºé˜²åŸæ¸¯å¸‚','city',1,NULL,NULL,NULL),('AreaCode','450601','å¹¿è¥¿å£®æ—è‡ªæ²»åŒºé˜²åŸæ¸¯å¸‚å¸‚è¾–åŒº','area',1,NULL,NULL,NULL),('AreaCode','450602','å¹¿è¥¿å£®æ—è‡ªæ²»åŒºé˜²åŸæ¸¯å¸‚æ¸¯å£åŒº','area',1,NULL,NULL,NULL),('AreaCode','450603','å¹¿è¥¿å£®æ—è‡ªæ²»åŒºé˜²åŸæ¸¯å¸‚é˜²åŸåŒº','area',1,NULL,NULL,NULL),('AreaCode','450621','å¹¿è¥¿å£®æ—è‡ªæ²»åŒºé˜²åŸæ¸¯å¸‚ä¸Šæ€å¿','area',1,NULL,NULL,NULL),('AreaCode','450681','å¹¿è¥¿å£®æ—è‡ªæ²»åŒºé˜²åŸæ¸¯å¸‚ä¸œå…´å¸‚','area',1,NULL,NULL,NULL),('AreaCode','450700','å¹¿è¥¿å£®æ—è‡ªæ²»åŒºé’¦å·å¸‚','city',1,NULL,NULL,NULL),('AreaCode','450701','å¹¿è¥¿å£®æ—è‡ªæ²»åŒºé’¦å·å¸‚å¸‚è¾–åŒº','area',1,NULL,NULL,NULL),('AreaCode','450702','å¹¿è¥¿å£®æ—è‡ªæ²»åŒºé’¦å·å¸‚é’¦å—åŒº','area',1,NULL,NULL,NULL),('AreaCode','450703','å¹¿è¥¿å£®æ—è‡ªæ²»åŒºé’¦å·å¸‚é’¦åŒ—åŒº','area',1,NULL,NULL,NULL),('AreaCode','450721','å¹¿è¥¿å£®æ—è‡ªæ²»åŒºé’¦å·å¸‚çµå±±å¿','area',1,NULL,NULL,NULL),('AreaCode','450722','å¹¿è¥¿å£®æ—è‡ªæ²»åŒºé’¦å·å¸‚æµ¦åŒ—å¿','area',1,NULL,NULL,NULL),('AreaCode','450800','å¹¿è¥¿å£®æ—è‡ªæ²»åŒºè´µæ¸¯å¸‚','city',1,NULL,NULL,NULL),('AreaCode','450801','å¹¿è¥¿å£®æ—è‡ªæ²»åŒºè´µæ¸¯å¸‚å¸‚è¾–åŒº','area',1,NULL,NULL,NULL),('AreaCode','450802','å¹¿è¥¿å£®æ—è‡ªæ²»åŒºè´µæ¸¯å¸‚æ¸¯åŒ—åŒº','area',1,NULL,NULL,NULL),('AreaCode','450803','å¹¿è¥¿å£®æ—è‡ªæ²»åŒºè´µæ¸¯å¸‚æ¸¯å—åŒº','area',1,NULL,NULL,NULL),('AreaCode','450804','å¹¿è¥¿å£®æ—è‡ªæ²»åŒºè´µæ¸¯å¸‚è¦ƒå¡˜åŒº','area',1,NULL,NULL,NULL),('AreaCode','450821','å¹¿è¥¿å£®æ—è‡ªæ²»åŒºè´µæ¸¯å¸‚å¹³å—å¿','area',1,NULL,NULL,NULL),('AreaCode','450881','å¹¿è¥¿å£®æ—è‡ªæ²»åŒºè´µæ¸¯å¸‚æ¡‚å¹³å¸‚','area',1,NULL,NULL,NULL),('AreaCode','450900','å¹¿è¥¿å£®æ—è‡ªæ²»åŒºç‰æ—å¸‚','city',1,NULL,NULL,NULL),('AreaCode','450901','å¹¿è¥¿å£®æ—è‡ªæ²»åŒºç‰æ—å¸‚å¸‚è¾–åŒº','area',1,NULL,NULL,NULL),('AreaCode','450902','å¹¿è¥¿å£®æ—è‡ªæ²»åŒºç‰æ—å¸‚ç‰å·åŒº','area',1,NULL,NULL,NULL),('AreaCode','450903','å¹¿è¥¿å£®æ—è‡ªæ²»åŒºç‰æ—å¸‚ç¦ç»µåŒº','area',1,NULL,NULL,NULL),('AreaCode','450921','å¹¿è¥¿å£®æ—è‡ªæ²»åŒºç‰æ—å¸‚å®¹å¿','area',1,NULL,NULL,NULL),('AreaCode','450922','å¹¿è¥¿å£®æ—è‡ªæ²»åŒºç‰æ—å¸‚é™†å·å¿','area',1,NULL,NULL,NULL),('AreaCode','450923','å¹¿è¥¿å£®æ—è‡ªæ²»åŒºç‰æ—å¸‚åšç™½å¿','area',1,NULL,NULL,NULL),('AreaCode','450924','å¹¿è¥¿å£®æ—è‡ªæ²»åŒºç‰æ—å¸‚å…´ä¸šå¿','area',1,NULL,NULL,NULL),('AreaCode','450981','å¹¿è¥¿å£®æ—è‡ªæ²»åŒºç‰æ—å¸‚åŒ—æµå¸‚','area',1,NULL,NULL,NULL),('AreaCode','451000','å¹¿è¥¿å£®æ—è‡ªæ²»åŒºç™¾è‰²å¸‚','city',1,NULL,NULL,NULL),('AreaCode','451001','å¹¿è¥¿å£®æ—è‡ªæ²»åŒºç™¾è‰²å¸‚å¸‚è¾–åŒº','area',1,NULL,NULL,NULL),('AreaCode','451002','å¹¿è¥¿å£®æ—è‡ªæ²»åŒºç™¾è‰²å¸‚å³æ±ŸåŒº','area',1,NULL,NULL,NULL),('AreaCode','451021','å¹¿è¥¿å£®æ—è‡ªæ²»åŒºç™¾è‰²å¸‚ç”°é˜³å¿','area',1,NULL,NULL,NULL),('AreaCode','451022','å¹¿è¥¿å£®æ—è‡ªæ²»åŒºç™¾è‰²å¸‚ç”°ä¸œå¿','area',1,NULL,NULL,NULL),('AreaCode','451023','å¹¿è¥¿å£®æ—è‡ªæ²»åŒºç™¾è‰²å¸‚å¹³æœå¿','area',1,NULL,NULL,NULL),('AreaCode','451024','å¹¿è¥¿å£®æ—è‡ªæ²»åŒºç™¾è‰²å¸‚å¾·ä¿å¿','area',1,NULL,NULL,NULL),('AreaCode','451026','å¹¿è¥¿å£®æ—è‡ªæ²»åŒºç™¾è‰²å¸‚é‚£å¡å¿','area',1,NULL,NULL,NULL),('AreaCode','451027','å¹¿è¥¿å£®æ—è‡ªæ²»åŒºç™¾è‰²å¸‚å‡Œäº‘å¿','area',1,NULL,NULL,NULL),('AreaCode','451028','å¹¿è¥¿å£®æ—è‡ªæ²»åŒºç™¾è‰²å¸‚ä¹ä¸šå¿','area',1,NULL,NULL,NULL),('AreaCode','451029','å¹¿è¥¿å£®æ—è‡ªæ²»åŒºç™¾è‰²å¸‚ç”°æ—å¿','area',1,NULL,NULL,NULL),('AreaCode','451030','å¹¿è¥¿å£®æ—è‡ªæ²»åŒºç™¾è‰²å¸‚è¥¿æ—å¿','area',1,NULL,NULL,NULL),('AreaCode','451031','å¹¿è¥¿å£®æ—è‡ªæ²»åŒºç™¾è‰²å¸‚éš†æ—å„æ—è‡ªæ²»å¿','area',1,NULL,NULL,NULL),('AreaCode','451081','å¹¿è¥¿å£®æ—è‡ªæ²»åŒºç™¾è‰²å¸‚é–è¥¿å¸‚','area',1,NULL,NULL,NULL),('AreaCode','451100','å¹¿è¥¿å£®æ—è‡ªæ²»åŒºè´ºå·å¸‚','city',1,NULL,NULL,NULL),('AreaCode','451101','å¹¿è¥¿å£®æ—è‡ªæ²»åŒºè´ºå·å¸‚å¸‚è¾–åŒº','area',1,NULL,NULL,NULL),('AreaCode','451102','å¹¿è¥¿å£®æ—è‡ªæ²»åŒºè´ºå·å¸‚å…«æ­¥åŒº','area',1,NULL,NULL,NULL),('AreaCode','451103','å¹¿è¥¿å£®æ—è‡ªæ²»åŒºè´ºå·å¸‚å¹³æ¡‚åŒº','area',1,NULL,NULL,NULL),('AreaCode','451121','å¹¿è¥¿å£®æ—è‡ªæ²»åŒºè´ºå·å¸‚æ˜­å¹³å¿','area',1,NULL,NULL,NULL),('AreaCode','451122','å¹¿è¥¿å£®æ—è‡ªæ²»åŒºè´ºå·å¸‚é’Ÿå±±å¿','area',1,NULL,NULL,NULL),('AreaCode','451123','å¹¿è¥¿å£®æ—è‡ªæ²»åŒºè´ºå·å¸‚å¯Œå·ç‘¶æ—è‡ªæ²»å¿','area',1,NULL,NULL,NULL),('AreaCode','451200','å¹¿è¥¿å£®æ—è‡ªæ²»åŒºæ²³æ± å¸‚','city',1,NULL,NULL,NULL),('AreaCode','451201','å¹¿è¥¿å£®æ—è‡ªæ²»åŒºæ²³æ± å¸‚å¸‚è¾–åŒº','area',1,NULL,NULL,NULL),('AreaCode','451202','å¹¿è¥¿å£®æ—è‡ªæ²»åŒºæ²³æ± å¸‚é‡‘åŸæ±ŸåŒº','area',1,NULL,NULL,NULL),('AreaCode','451221','å¹¿è¥¿å£®æ—è‡ªæ²»åŒºæ²³æ± å¸‚å—ä¸¹å¿','area',1,NULL,NULL,NULL),('AreaCode','451222','å¹¿è¥¿å£®æ—è‡ªæ²»åŒºæ²³æ± å¸‚å¤©å³¨å¿','area',1,NULL,NULL,NULL),('AreaCode','451223','å¹¿è¥¿å£®æ—è‡ªæ²»åŒºæ²³æ± å¸‚å‡¤å±±å¿','area',1,NULL,NULL,NULL),('AreaCode','451224','å¹¿è¥¿å£®æ—è‡ªæ²»åŒºæ²³æ± å¸‚ä¸œå…°å¿','area',1,NULL,NULL,NULL),('AreaCode','451225','å¹¿è¥¿å£®æ—è‡ªæ²»åŒºæ²³æ± å¸‚ç½—åŸä»«ä½¬æ—è‡ªæ²»å¿','area',1,NULL,NULL,NULL),('AreaCode','451226','å¹¿è¥¿å£®æ—è‡ªæ²»åŒºæ²³æ± å¸‚ç¯æ±Ÿæ¯›å—æ—è‡ªæ²»å¿','area',1,NULL,NULL,NULL),('AreaCode','451227','å¹¿è¥¿å£®æ—è‡ªæ²»åŒºæ²³æ± å¸‚å·´é©¬ç‘¶æ—è‡ªæ²»å¿','area',1,NULL,NULL,NULL),('AreaCode','451228','å¹¿è¥¿å£®æ—è‡ªæ²»åŒºæ²³æ± å¸‚éƒ½å®‰ç‘¶æ—è‡ªæ²»å¿','area',1,NULL,NULL,NULL),('AreaCode','451229','å¹¿è¥¿å£®æ—è‡ªæ²»åŒºæ²³æ± å¸‚å¤§åŒ–ç‘¶æ—è‡ªæ²»å¿','area',1,NULL,NULL,NULL),('AreaCode','451281','å¹¿è¥¿å£®æ—è‡ªæ²»åŒºæ²³æ± å¸‚å®œå·å¸‚','area',1,NULL,NULL,NULL),('AreaCode','451300','å¹¿è¥¿å£®æ—è‡ªæ²»åŒºæ¥å®¾å¸‚','city',1,NULL,NULL,NULL),('AreaCode','451301','å¹¿è¥¿å£®æ—è‡ªæ²»åŒºæ¥å®¾å¸‚å¸‚è¾–åŒº','area',1,NULL,NULL,NULL),('AreaCode','451302','å¹¿è¥¿å£®æ—è‡ªæ²»åŒºæ¥å®¾å¸‚å…´å®¾åŒº','area',1,NULL,NULL,NULL),('AreaCode','451321','å¹¿è¥¿å£®æ—è‡ªæ²»åŒºæ¥å®¾å¸‚å¿»åŸå¿','area',1,NULL,NULL,NULL),('AreaCode','451322','å¹¿è¥¿å£®æ—è‡ªæ²»åŒºæ¥å®¾å¸‚è±¡å·å¿','area',1,NULL,NULL,NULL),('AreaCode','451323','å¹¿è¥¿å£®æ—è‡ªæ²»åŒºæ¥å®¾å¸‚æ­¦å®£å¿','area',1,NULL,NULL,NULL),('AreaCode','451324','å¹¿è¥¿å£®æ—è‡ªæ²»åŒºæ¥å®¾å¸‚é‡‘ç§€ç‘¶æ—è‡ªæ²»å¿','area',1,NULL,NULL,NULL),('AreaCode','451381','å¹¿è¥¿å£®æ—è‡ªæ²»åŒºæ¥å®¾å¸‚åˆå±±å¸‚','area',1,NULL,NULL,NULL),('AreaCode','451400','å¹¿è¥¿å£®æ—è‡ªæ²»åŒºå´‡å·¦å¸‚','city',1,NULL,NULL,NULL),('AreaCode','451401','å¹¿è¥¿å£®æ—è‡ªæ²»åŒºå´‡å·¦å¸‚å¸‚è¾–åŒº','area',1,NULL,NULL,NULL),('AreaCode','451402','å¹¿è¥¿å£®æ—è‡ªæ²»åŒºå´‡å·¦å¸‚æ±Ÿå·åŒº','area',1,NULL,NULL,NULL),('AreaCode','451421','å¹¿è¥¿å£®æ—è‡ªæ²»åŒºå´‡å·¦å¸‚æ‰¶ç»¥å¿','area',1,NULL,NULL,NULL),('AreaCode','451422','å¹¿è¥¿å£®æ—è‡ªæ²»åŒºå´‡å·¦å¸‚å®æ˜å¿','area',1,NULL,NULL,NULL),('AreaCode','451423','å¹¿è¥¿å£®æ—è‡ªæ²»åŒºå´‡å·¦å¸‚é¾™å·å¿','area',1,NULL,NULL,NULL),('AreaCode','451424','å¹¿è¥¿å£®æ—è‡ªæ²»åŒºå´‡å·¦å¸‚å¤§æ–°å¿','area',1,NULL,NULL,NULL),('AreaCode','451425','å¹¿è¥¿å£®æ—è‡ªæ²»åŒºå´‡å·¦å¸‚å¤©ç­‰å¿','area',1,NULL,NULL,NULL),('AreaCode','451481','å¹¿è¥¿å£®æ—è‡ªæ²»åŒºå´‡å·¦å¸‚å‡­ç¥¥å¸‚','area',1,NULL,NULL,NULL),('AreaCode','460000','æµ·å—çœ','province',1,NULL,NULL,NULL),('AreaCode','460100','æµ·å—çœæµ·å£å¸‚','city',1,NULL,NULL,NULL),('AreaCode','460101','æµ·å—çœæµ·å£å¸‚å¸‚è¾–åŒº','area',1,NULL,NULL,NULL),('AreaCode','460105','æµ·å—çœæµ·å£å¸‚ç§€è‹±åŒº','area',1,NULL,NULL,NULL),('AreaCode','460106','æµ·å—çœæµ·å£å¸‚é¾™ååŒº','area',1,NULL,NULL,NULL),('AreaCode','460107','æµ·å—çœæµ·å£å¸‚ç¼å±±åŒº','area',1,NULL,NULL,NULL),('AreaCode','460108','æµ·å—çœæµ·å£å¸‚ç¾å…°åŒº','area',1,NULL,NULL,NULL),('AreaCode','460200','æµ·å—çœä¸‰äºšå¸‚','city',1,NULL,NULL,NULL),('AreaCode','460201','æµ·å—çœä¸‰äºšå¸‚å¸‚è¾–åŒº','area',1,NULL,NULL,NULL),('AreaCode','460202','æµ·å—çœä¸‰äºšå¸‚æµ·æ£ åŒº','area',1,NULL,NULL,NULL),('AreaCode','460203','æµ·å—çœä¸‰äºšå¸‚å‰é˜³åŒº','area',1,NULL,NULL,NULL),('AreaCode','460204','æµ·å—çœä¸‰äºšå¸‚å¤©æ¶¯åŒº','area',1,NULL,NULL,NULL),('AreaCode','460205','æµ·å—çœä¸‰äºšå¸‚å´–å·åŒº','area',1,NULL,NULL,NULL),('AreaCode','460300','æµ·å—çœä¸‰æ²™å¸‚','city',1,NULL,NULL,NULL),('AreaCode','460400','æµ·å—çœå„‹å·å¸‚','city',1,NULL,NULL,NULL),('AreaCode','469000','æµ·å—çœçœç›´è¾–å¿çº§è¡Œæ”¿åŒºåˆ’','city',1,NULL,NULL,NULL),('AreaCode','469001','æµ·å—çœçœç›´è¾–å¿çº§è¡Œæ”¿åŒºåˆ’äº”æŒ‡å±±å¸‚','area',1,NULL,NULL,NULL),('AreaCode','469002','æµ·å—çœçœç›´è¾–å¿çº§è¡Œæ”¿åŒºåˆ’ç¼æµ·å¸‚','area',1,NULL,NULL,NULL),('AreaCode','469005','æµ·å—çœçœç›´è¾–å¿çº§è¡Œæ”¿åŒºåˆ’æ–‡æ˜Œå¸‚','area',1,NULL,NULL,NULL),('AreaCode','469006','æµ·å—çœçœç›´è¾–å¿çº§è¡Œæ”¿åŒºåˆ’ä¸‡å®å¸‚','area',1,NULL,NULL,NULL),('AreaCode','469007','æµ·å—çœçœç›´è¾–å¿çº§è¡Œæ”¿åŒºåˆ’ä¸œæ–¹å¸‚','area',1,NULL,NULL,NULL),('AreaCode','469021','æµ·å—çœçœç›´è¾–å¿çº§è¡Œæ”¿åŒºåˆ’å®šå®‰å¿','area',1,NULL,NULL,NULL),('AreaCode','469022','æµ·å—çœçœç›´è¾–å¿çº§è¡Œæ”¿åŒºåˆ’å±¯æ˜Œå¿','area',1,NULL,NULL,NULL),('AreaCode','469023','æµ·å—çœçœç›´è¾–å¿çº§è¡Œæ”¿åŒºåˆ’æ¾„è¿ˆå¿','area',1,NULL,NULL,NULL),('AreaCode','469024','æµ·å—çœçœç›´è¾–å¿çº§è¡Œæ”¿åŒºåˆ’ä¸´é«˜å¿','area',1,NULL,NULL,NULL),('AreaCode','469025','æµ·å—çœçœç›´è¾–å¿çº§è¡Œæ”¿åŒºåˆ’ç™½æ²™é»æ—è‡ªæ²»å¿','area',1,NULL,NULL,NULL),('AreaCode','469026','æµ·å—çœçœç›´è¾–å¿çº§è¡Œæ”¿åŒºåˆ’æ˜Œæ±Ÿé»æ—è‡ªæ²»å¿','area',1,NULL,NULL,NULL),('AreaCode','469027','æµ·å—çœçœç›´è¾–å¿çº§è¡Œæ”¿åŒºåˆ’ä¹ä¸œé»æ—è‡ªæ²»å¿','area',1,NULL,NULL,NULL),('AreaCode','469028','æµ·å—çœçœç›´è¾–å¿çº§è¡Œæ”¿åŒºåˆ’é™µæ°´é»æ—è‡ªæ²»å¿','area',1,NULL,NULL,NULL),('AreaCode','469029','æµ·å—çœçœç›´è¾–å¿çº§è¡Œæ”¿åŒºåˆ’ä¿äº­é»æ—è‹—æ—è‡ªæ²»å¿','area',1,NULL,NULL,NULL),('AreaCode','469030','æµ·å—çœçœç›´è¾–å¿çº§è¡Œæ”¿åŒºåˆ’ç¼ä¸­é»æ—è‹—æ—è‡ªæ²»å¿','area',1,NULL,NULL,NULL),('AreaCode','500000','é‡åº†å¸‚','province',1,NULL,NULL,NULL),('AreaCode','500100','é‡åº†å¸‚å¸‚è¾–åŒº','city',1,NULL,NULL,NULL),('AreaCode','500101','é‡åº†å¸‚å¸‚è¾–åŒºä¸‡å·åŒº','area',1,NULL,NULL,NULL),('AreaCode','500102','é‡åº†å¸‚å¸‚è¾–åŒºæ¶ªé™µåŒº','area',1,NULL,NULL,NULL),('AreaCode','500103','é‡åº†å¸‚å¸‚è¾–åŒºæ¸ä¸­åŒº','area',1,NULL,NULL,NULL),('AreaCode','500104','é‡åº†å¸‚å¸‚è¾–åŒºå¤§æ¸¡å£åŒº','area',1,NULL,NULL,NULL),('AreaCode','500105','é‡åº†å¸‚å¸‚è¾–åŒºæ±ŸåŒ—åŒº','area',1,NULL,NULL,NULL),('AreaCode','500106','é‡åº†å¸‚å¸‚è¾–åŒºæ²™åªååŒº','area',1,NULL,NULL,NULL),('AreaCode','500107','é‡åº†å¸‚å¸‚è¾–åŒºä¹é¾™å¡åŒº','area',1,NULL,NULL,NULL),('AreaCode','500108','é‡åº†å¸‚å¸‚è¾–åŒºå—å²¸åŒº','area',1,NULL,NULL,NULL),('AreaCode','500109','é‡åº†å¸‚å¸‚è¾–åŒºåŒ—ç¢šåŒº','area',1,NULL,NULL,NULL),('AreaCode','500110','é‡åº†å¸‚å¸‚è¾–åŒºç¶¦æ±ŸåŒº','area',1,NULL,NULL,NULL),('AreaCode','500111','é‡åº†å¸‚å¸‚è¾–åŒºå¤§è¶³åŒº','area',1,NULL,NULL,NULL),('AreaCode','500112','é‡åº†å¸‚å¸‚è¾–åŒºæ¸åŒ—åŒº','area',1,NULL,NULL,NULL),('AreaCode','500113','é‡åº†å¸‚å¸‚è¾–åŒºå·´å—åŒº','area',1,NULL,NULL,NULL),('AreaCode','500114','é‡åº†å¸‚å¸‚è¾–åŒºé»”æ±ŸåŒº','area',1,NULL,NULL,NULL),('AreaCode','500115','é‡åº†å¸‚å¸‚è¾–åŒºé•¿å¯¿åŒº','area',1,NULL,NULL,NULL),('AreaCode','500116','é‡åº†å¸‚å¸‚è¾–åŒºæ±Ÿæ´¥åŒº','area',1,NULL,NULL,NULL),('AreaCode','500117','é‡åº†å¸‚å¸‚è¾–åŒºåˆå·åŒº','area',1,NULL,NULL,NULL),('AreaCode','500118','é‡åº†å¸‚å¸‚è¾–åŒºæ°¸å·åŒº','area',1,NULL,NULL,NULL),('AreaCode','500119','é‡åº†å¸‚å¸‚è¾–åŒºå—å·åŒº','area',1,NULL,NULL,NULL),('AreaCode','500120','é‡åº†å¸‚å¸‚è¾–åŒºç’§å±±åŒº','area',1,NULL,NULL,NULL),('AreaCode','500151','é‡åº†å¸‚å¸‚è¾–åŒºé“œæ¢åŒº','area',1,NULL,NULL,NULL),('AreaCode','500152','é‡åº†å¸‚å¸‚è¾–åŒºæ½¼å—åŒº','area',1,NULL,NULL,NULL),('AreaCode','500153','é‡åº†å¸‚å¸‚è¾–åŒºè£æ˜ŒåŒº','area',1,NULL,NULL,NULL),('AreaCode','500154','é‡åº†å¸‚å¸‚è¾–åŒºå¼€å·åŒº','area',1,NULL,NULL,NULL),('AreaCode','500200','é‡åº†å¸‚å¿','city',1,NULL,NULL,NULL),('AreaCode','500223','é‡åº†å¸‚æ½¼å—å¿','area',1,NULL,NULL,NULL),('AreaCode','500228','é‡åº†å¸‚å¿æ¢å¹³å¿','area',1,NULL,NULL,NULL),('AreaCode','500229','é‡åº†å¸‚å¿åŸå£å¿','area',1,NULL,NULL,NULL),('AreaCode','500230','é‡åº†å¸‚å¿ä¸°éƒ½å¿','area',1,NULL,NULL,NULL),('AreaCode','500231','é‡åº†å¸‚å¿å«æ±Ÿå¿','area',1,NULL,NULL,NULL),('AreaCode','500232','é‡åº†å¸‚å¿æ­¦éš†å¿','area',1,NULL,NULL,NULL),('AreaCode','500233','é‡åº†å¸‚å¿å¿ å¿','area',1,NULL,NULL,NULL),('AreaCode','500234','é‡åº†å¸‚å¼€å¿','area',1,NULL,NULL,NULL),('AreaCode','500235','é‡åº†å¸‚å¿äº‘é˜³å¿','area',1,NULL,NULL,NULL),('AreaCode','500236','é‡åº†å¸‚å¿å¥‰èŠ‚å¿','area',1,NULL,NULL,NULL),('AreaCode','500237','é‡åº†å¸‚å¿å·«å±±å¿','area',1,NULL,NULL,NULL),('AreaCode','500238','é‡åº†å¸‚å¿å·«æºªå¿','area',1,NULL,NULL,NULL),('AreaCode','500240','é‡åº†å¸‚å¿çŸ³æŸ±åœŸå®¶æ—è‡ªæ²»å¿','area',1,NULL,NULL,NULL),('AreaCode','500241','é‡åº†å¸‚å¿ç§€å±±åœŸå®¶æ—è‹—æ—è‡ªæ²»å¿','area',1,NULL,NULL,NULL),('AreaCode','500242','é‡åº†å¸‚å¿é…‰é˜³åœŸå®¶æ—è‹—æ—è‡ªæ²»å¿','area',1,NULL,NULL,NULL),('AreaCode','500243','é‡åº†å¸‚å¿å½­æ°´è‹—æ—åœŸå®¶æ—è‡ªæ²»å¿','area',1,NULL,NULL,NULL),('AreaCode','510000','å››å·çœ','province',1,NULL,NULL,NULL),('AreaCode','510100','å››å·çœæˆéƒ½å¸‚','city',1,NULL,NULL,NULL),('AreaCode','510101','å››å·çœæˆéƒ½å¸‚å¸‚è¾–åŒº','area',1,NULL,NULL,NULL),('AreaCode','510104','å››å·çœæˆéƒ½å¸‚é”¦æ±ŸåŒº','area',1,NULL,NULL,NULL),('AreaCode','510105','å››å·çœæˆéƒ½å¸‚é’ç¾ŠåŒº','area',1,NULL,NULL,NULL),('AreaCode','510106','å››å·çœæˆéƒ½å¸‚é‡‘ç‰›åŒº','area',1,NULL,NULL,NULL),('AreaCode','510107','å››å·çœæˆéƒ½å¸‚æ­¦ä¾¯åŒº','area',1,NULL,NULL,NULL),('AreaCode','510108','å››å·çœæˆéƒ½å¸‚æˆååŒº','area',1,NULL,NULL,NULL),('AreaCode','510112','å››å·çœæˆéƒ½å¸‚é¾™æ³‰é©¿åŒº','area',1,NULL,NULL,NULL),('AreaCode','510113','å››å·çœæˆéƒ½å¸‚é’ç™½æ±ŸåŒº','area',1,NULL,NULL,NULL),('AreaCode','510114','å››å·çœæˆéƒ½å¸‚æ–°éƒ½åŒº','area',1,NULL,NULL,NULL),('AreaCode','510115','å››å·çœæˆéƒ½å¸‚æ¸©æ±ŸåŒº','area',1,NULL,NULL,NULL),('AreaCode','510116','å››å·çœæˆéƒ½å¸‚åŒæµåŒº','area',1,NULL,NULL,NULL),('AreaCode','510121','å››å·çœæˆéƒ½å¸‚é‡‘å ‚å¿','area',1,NULL,NULL,NULL),('AreaCode','510124','å››å·çœæˆéƒ½å¸‚éƒ«å¿','area',1,NULL,NULL,NULL),('AreaCode','510129','å››å·çœæˆéƒ½å¸‚å¤§é‚‘å¿','area',1,NULL,NULL,NULL),('AreaCode','510131','å››å·çœæˆéƒ½å¸‚è’²æ±Ÿå¿','area',1,NULL,NULL,NULL),('AreaCode','510132','å››å·çœæˆéƒ½å¸‚æ–°æ´¥å¿','area',1,NULL,NULL,NULL),('AreaCode','510181','å››å·çœæˆéƒ½å¸‚éƒ½æ±Ÿå °å¸‚','area',1,NULL,NULL,NULL),('AreaCode','510182','å››å·çœæˆéƒ½å¸‚å½­å·å¸‚','area',1,NULL,NULL,NULL),('AreaCode','510183','å››å·çœæˆéƒ½å¸‚é‚›å´ƒå¸‚','area',1,NULL,NULL,NULL),('AreaCode','510184','å››å·çœæˆéƒ½å¸‚å´‡å·å¸‚','area',1,NULL,NULL,NULL),('AreaCode','510185','å››å·çœæˆéƒ½å¸‚ç®€é˜³å¸‚','area',1,NULL,NULL,NULL),('AreaCode','510300','å››å·çœè‡ªè´¡å¸‚','city',1,NULL,NULL,NULL),('AreaCode','510301','å››å·çœè‡ªè´¡å¸‚å¸‚è¾–åŒº','area',1,NULL,NULL,NULL),('AreaCode','510302','å››å·çœè‡ªè´¡å¸‚è‡ªæµäº•åŒº','area',1,NULL,NULL,NULL),('AreaCode','510303','å››å·çœè‡ªè´¡å¸‚è´¡äº•åŒº','area',1,NULL,NULL,NULL),('AreaCode','510304','å››å·çœè‡ªè´¡å¸‚å¤§å®‰åŒº','area',1,NULL,NULL,NULL),('AreaCode','510311','å››å·çœè‡ªè´¡å¸‚æ²¿æ»©åŒº','area',1,NULL,NULL,NULL),('AreaCode','510321','å››å·çœè‡ªè´¡å¸‚è£å¿','area',1,NULL,NULL,NULL),('AreaCode','510322','å››å·çœè‡ªè´¡å¸‚å¯Œé¡ºå¿','area',1,NULL,NULL,NULL),('AreaCode','510400','å››å·çœæ”€æèŠ±å¸‚','city',1,NULL,NULL,NULL),('AreaCode','510401','å››å·çœæ”€æèŠ±å¸‚å¸‚è¾–åŒº','area',1,NULL,NULL,NULL),('AreaCode','510402','å››å·çœæ”€æèŠ±å¸‚ä¸œåŒº','area',1,NULL,NULL,NULL),('AreaCode','510403','å››å·çœæ”€æèŠ±å¸‚è¥¿åŒº','area',1,NULL,NULL,NULL),('AreaCode','510411','å››å·çœæ”€æèŠ±å¸‚ä»å’ŒåŒº','area',1,NULL,NULL,NULL),('AreaCode','510421','å››å·çœæ”€æèŠ±å¸‚ç±³æ˜“å¿','area',1,NULL,NULL,NULL),('AreaCode','510422','å››å·çœæ”€æèŠ±å¸‚ç›è¾¹å¿','area',1,NULL,NULL,NULL),('AreaCode','510500','å››å·çœæ³¸å·å¸‚','city',1,NULL,NULL,NULL),('AreaCode','510501','å››å·çœæ³¸å·å¸‚å¸‚è¾–åŒº','area',1,NULL,NULL,NULL),('AreaCode','510502','å››å·çœæ³¸å·å¸‚æ±Ÿé˜³åŒº','area',1,NULL,NULL,NULL),('AreaCode','510503','å››å·çœæ³¸å·å¸‚çº³æºªåŒº','area',1,NULL,NULL,NULL),('AreaCode','510504','å››å·çœæ³¸å·å¸‚é¾™é©¬æ½­åŒº','area',1,NULL,NULL,NULL),('AreaCode','510521','å››å·çœæ³¸å·å¸‚æ³¸å¿','area',1,NULL,NULL,NULL),('AreaCode','510522','å››å·çœæ³¸å·å¸‚åˆæ±Ÿå¿','area',1,NULL,NULL,NULL),('AreaCode','510524','å››å·çœæ³¸å·å¸‚å™æ°¸å¿','area',1,NULL,NULL,NULL),('AreaCode','510525','å››å·çœæ³¸å·å¸‚å¤è”ºå¿','area',1,NULL,NULL,NULL),('AreaCode','510600','å››å·çœå¾·é˜³å¸‚','city',1,NULL,NULL,NULL),('AreaCode','510601','å››å·çœå¾·é˜³å¸‚å¸‚è¾–åŒº','area',1,NULL,NULL,NULL),('AreaCode','510603','å››å·çœå¾·é˜³å¸‚æ—Œé˜³åŒº','area',1,NULL,NULL,NULL),('AreaCode','510623','å››å·çœå¾·é˜³å¸‚ä¸­æ±Ÿå¿','area',1,NULL,NULL,NULL),('AreaCode','510626','å››å·çœå¾·é˜³å¸‚ç½—æ±Ÿå¿','area',1,NULL,NULL,NULL),('AreaCode','510681','å››å·çœå¾·é˜³å¸‚å¹¿æ±‰å¸‚','area',1,NULL,NULL,NULL),('AreaCode','510682','å››å·çœå¾·é˜³å¸‚ä»€é‚¡å¸‚','area',1,NULL,NULL,NULL),('AreaCode','510683','å››å·çœå¾·é˜³å¸‚ç»µç«¹å¸‚','area',1,NULL,NULL,NULL),('AreaCode','510700','å››å·çœç»µé˜³å¸‚','city',1,NULL,NULL,NULL),('AreaCode','510701','å››å·çœç»µé˜³å¸‚å¸‚è¾–åŒº','area',1,NULL,NULL,NULL),('AreaCode','510703','å››å·çœç»µé˜³å¸‚æ¶ªåŸåŒº','area',1,NULL,NULL,NULL),('AreaCode','510704','å››å·çœç»µé˜³å¸‚æ¸¸ä»™åŒº','area',1,NULL,NULL,NULL),('AreaCode','510705','å››å·çœç»µé˜³å¸‚å®‰å·åŒº','area',1,NULL,NULL,NULL),('AreaCode','510722','å››å·çœç»µé˜³å¸‚ä¸‰å°å¿','area',1,NULL,NULL,NULL),('AreaCode','510723','å››å·çœç»µé˜³å¸‚ç›äº­å¿','area',1,NULL,NULL,NULL),('AreaCode','510725','å››å·çœç»µé˜³å¸‚æ¢“æ½¼å¿','area',1,NULL,NULL,NULL),('AreaCode','510726','å››å·çœç»µé˜³å¸‚åŒ—å·ç¾Œæ—è‡ªæ²»å¿','area',1,NULL,NULL,NULL),('AreaCode','510727','å››å·çœç»µé˜³å¸‚å¹³æ­¦å¿','area',1,NULL,NULL,NULL),('AreaCode','510781','å››å·çœç»µé˜³å¸‚æ±Ÿæ²¹å¸‚','area',1,NULL,NULL,NULL),('AreaCode','510800','å››å·çœå¹¿å…ƒå¸‚','city',1,NULL,NULL,NULL),('AreaCode','510801','å››å·çœå¹¿å…ƒå¸‚å¸‚è¾–åŒº','area',1,NULL,NULL,NULL),('AreaCode','510802','å››å·çœå¹¿å…ƒå¸‚åˆ©å·åŒº','area',1,NULL,NULL,NULL),('AreaCode','510811','å››å·çœå¹¿å…ƒå¸‚æ˜­åŒ–åŒº','area',1,NULL,NULL,NULL),('AreaCode','510812','å››å·çœå¹¿å…ƒå¸‚æœå¤©åŒº','area',1,NULL,NULL,NULL),('AreaCode','510821','å››å·çœå¹¿å…ƒå¸‚æ—ºè‹å¿','area',1,NULL,NULL,NULL),('AreaCode','510822','å››å·çœå¹¿å…ƒå¸‚é’å·å¿','area',1,NULL,NULL,NULL),('AreaCode','510823','å››å·çœå¹¿å…ƒå¸‚å‰‘é˜å¿','area',1,NULL,NULL,NULL),('AreaCode','510824','å››å·çœå¹¿å…ƒå¸‚è‹æºªå¿','area',1,NULL,NULL,NULL),('AreaCode','510900','å››å·çœé‚å®å¸‚','city',1,NULL,NULL,NULL),('AreaCode','510901','å››å·çœé‚å®å¸‚å¸‚è¾–åŒº','area',1,NULL,NULL,NULL),('AreaCode','510903','å››å·çœé‚å®å¸‚èˆ¹å±±åŒº','area',1,NULL,NULL,NULL),('AreaCode','510904','å››å·çœé‚å®å¸‚å®‰å±…åŒº','area',1,NULL,NULL,NULL),('AreaCode','510921','å››å·çœé‚å®å¸‚è“¬æºªå¿','area',1,NULL,NULL,NULL),('AreaCode','510922','å››å·çœé‚å®å¸‚å°„æ´ªå¿','area',1,NULL,NULL,NULL),('AreaCode','510923','å››å·çœé‚å®å¸‚å¤§è‹±å¿','area',1,NULL,NULL,NULL),('AreaCode','511000','å››å·çœå†…æ±Ÿå¸‚','city',1,NULL,NULL,NULL),('AreaCode','511001','å››å·çœå†…æ±Ÿå¸‚å¸‚è¾–åŒº','area',1,NULL,NULL,NULL),('AreaCode','511002','å››å·çœå†…æ±Ÿå¸‚å¸‚ä¸­åŒº','area',1,NULL,NULL,NULL),('AreaCode','511011','å››å·çœå†…æ±Ÿå¸‚ä¸œå…´åŒº','area',1,NULL,NULL,NULL),('AreaCode','511024','å››å·çœå†…æ±Ÿå¸‚å¨è¿œå¿','area',1,NULL,NULL,NULL),('AreaCode','511025','å››å·çœå†…æ±Ÿå¸‚èµ„ä¸­å¿','area',1,NULL,NULL,NULL),('AreaCode','511028','å››å·çœå†…æ±Ÿå¸‚éš†æ˜Œå¿','area',1,NULL,NULL,NULL),('AreaCode','511100','å››å·çœä¹å±±å¸‚','city',1,NULL,NULL,NULL),('AreaCode','511101','å››å·çœä¹å±±å¸‚å¸‚è¾–åŒº','area',1,NULL,NULL,NULL),('AreaCode','511102','å››å·çœä¹å±±å¸‚å¸‚ä¸­åŒº','area',1,NULL,NULL,NULL),('AreaCode','511111','å››å·çœä¹å±±å¸‚æ²™æ¹¾åŒº','area',1,NULL,NULL,NULL),('AreaCode','511112','å››å·çœä¹å±±å¸‚äº”é€šæ¡¥åŒº','area',1,NULL,NULL,NULL),('AreaCode','511113','å››å·çœä¹å±±å¸‚é‡‘å£æ²³åŒº','area',1,NULL,NULL,NULL),('AreaCode','511123','å››å·çœä¹å±±å¸‚çŠä¸ºå¿','area',1,NULL,NULL,NULL),('AreaCode','511124','å››å·çœä¹å±±å¸‚äº•ç ”å¿','area',1,NULL,NULL,NULL),('AreaCode','511126','å››å·çœä¹å±±å¸‚å¤¹æ±Ÿå¿','area',1,NULL,NULL,NULL),('AreaCode','511129','å››å·çœä¹å±±å¸‚æ²å·å¿','area',1,NULL,NULL,NULL),('AreaCode','511132','å››å·çœä¹å±±å¸‚å³¨è¾¹å½æ—è‡ªæ²»å¿','area',1,NULL,NULL,NULL),('AreaCode','511133','å››å·çœä¹å±±å¸‚é©¬è¾¹å½æ—è‡ªæ²»å¿','area',1,NULL,NULL,NULL),('AreaCode','511181','å››å·çœä¹å±±å¸‚å³¨çœ‰å±±å¸‚','area',1,NULL,NULL,NULL),('AreaCode','511300','å››å·çœå—å……å¸‚','city',1,NULL,NULL,NULL),('AreaCode','511301','å››å·çœå—å……å¸‚å¸‚è¾–åŒº','area',1,NULL,NULL,NULL),('AreaCode','511302','å››å·çœå—å……å¸‚é¡ºåº†åŒº','area',1,NULL,NULL,NULL),('AreaCode','511303','å››å·çœå—å……å¸‚é«˜åªåŒº','area',1,NULL,NULL,NULL),('AreaCode','511304','å››å·çœå—å……å¸‚å˜‰é™µåŒº','area',1,NULL,NULL,NULL),('AreaCode','511321','å››å·çœå—å……å¸‚å—éƒ¨å¿','area',1,NULL,NULL,NULL),('AreaCode','511322','å››å·çœå—å……å¸‚è¥å±±å¿','area',1,NULL,NULL,NULL),('AreaCode','511323','å››å·çœå—å……å¸‚è“¬å®‰å¿','area',1,NULL,NULL,NULL),('AreaCode','511324','å››å·çœå—å……å¸‚ä»ªé™‡å¿','area',1,NULL,NULL,NULL),('AreaCode','511325','å››å·çœå—å……å¸‚è¥¿å……å¿','area',1,NULL,NULL,NULL),('AreaCode','511381','å››å·çœå—å……å¸‚é˜†ä¸­å¸‚','area',1,NULL,NULL,NULL),('AreaCode','511400','å››å·çœçœ‰å±±å¸‚','city',1,NULL,NULL,NULL),('AreaCode','511401','å››å·çœçœ‰å±±å¸‚å¸‚è¾–åŒº','area',1,NULL,NULL,NULL),('AreaCode','511402','å››å·çœçœ‰å±±å¸‚ä¸œå¡åŒº','area',1,NULL,NULL,NULL),('AreaCode','511403','å››å·çœçœ‰å±±å¸‚å½­å±±åŒº','area',1,NULL,NULL,NULL),('AreaCode','511421','å››å·çœçœ‰å±±å¸‚ä»å¯¿å¿','area',1,NULL,NULL,NULL),('AreaCode','511423','å››å·çœçœ‰å±±å¸‚æ´ªé›…å¿','area',1,NULL,NULL,NULL),('AreaCode','511424','å››å·çœçœ‰å±±å¸‚ä¸¹æ£±å¿','area',1,NULL,NULL,NULL),('AreaCode','511425','å››å·çœçœ‰å±±å¸‚é’ç¥å¿','area',1,NULL,NULL,NULL),('AreaCode','511500','å››å·çœå®œå®¾å¸‚','city',1,NULL,NULL,NULL),('AreaCode','511501','å››å·çœå®œå®¾å¸‚å¸‚è¾–åŒº','area',1,NULL,NULL,NULL),('AreaCode','511502','å››å·çœå®œå®¾å¸‚ç¿ å±åŒº','area',1,NULL,NULL,NULL),('AreaCode','511503','å››å·çœå®œå®¾å¸‚å—æºªåŒº','area',1,NULL,NULL,NULL),('AreaCode','511521','å››å·çœå®œå®¾å¸‚å®œå®¾å¿','area',1,NULL,NULL,NULL),('AreaCode','511523','å››å·çœå®œå®¾å¸‚æ±Ÿå®‰å¿','area',1,NULL,NULL,NULL),('AreaCode','511524','å››å·çœå®œå®¾å¸‚é•¿å®å¿','area',1,NULL,NULL,NULL),('AreaCode','511525','å››å·çœå®œå®¾å¸‚é«˜å¿','area',1,NULL,NULL,NULL),('AreaCode','511526','å››å·çœå®œå®¾å¸‚ç™å¿','area',1,NULL,NULL,NULL),('AreaCode','511527','å››å·çœå®œå®¾å¸‚ç­ è¿å¿','area',1,NULL,NULL,NULL),('AreaCode','511528','å››å·çœå®œå®¾å¸‚å…´æ–‡å¿','area',1,NULL,NULL,NULL),('AreaCode','511529','å››å·çœå®œå®¾å¸‚å±å±±å¿','area',1,NULL,NULL,NULL),('AreaCode','511600','å››å·çœå¹¿å®‰å¸‚','city',1,NULL,NULL,NULL),('AreaCode','511601','å››å·çœå¹¿å®‰å¸‚å¸‚è¾–åŒº','area',1,NULL,NULL,NULL),('AreaCode','511602','å››å·çœå¹¿å®‰å¸‚å¹¿å®‰åŒº','area',1,NULL,NULL,NULL),('AreaCode','511603','å››å·çœå¹¿å®‰å¸‚å‰é”‹åŒº','area',1,NULL,NULL,NULL),('AreaCode','511621','å››å·çœå¹¿å®‰å¸‚å²³æ± å¿','area',1,NULL,NULL,NULL),('AreaCode','511622','å››å·çœå¹¿å®‰å¸‚æ­¦èƒœå¿','area',1,NULL,NULL,NULL),('AreaCode','511623','å››å·çœå¹¿å®‰å¸‚é‚»æ°´å¿','area',1,NULL,NULL,NULL),('AreaCode','511681','å››å·çœå¹¿å®‰å¸‚åè“¥å¸‚','area',1,NULL,NULL,NULL),('AreaCode','511700','å››å·çœè¾¾å·å¸‚','city',1,NULL,NULL,NULL),('AreaCode','511701','å››å·çœè¾¾å·å¸‚å¸‚è¾–åŒº','area',1,NULL,NULL,NULL),('AreaCode','511702','å››å·çœè¾¾å·å¸‚é€šå·åŒº','area',1,NULL,NULL,NULL),('AreaCode','511703','å››å·çœè¾¾å·å¸‚è¾¾å·åŒº','area',1,NULL,NULL,NULL),('AreaCode','511722','å››å·çœè¾¾å·å¸‚å®£æ±‰å¿','area',1,NULL,NULL,NULL),('AreaCode','511723','å››å·çœè¾¾å·å¸‚å¼€æ±Ÿå¿','area',1,NULL,NULL,NULL),('AreaCode','511724','å››å·çœè¾¾å·å¸‚å¤§ç«¹å¿','area',1,NULL,NULL,NULL),('AreaCode','511725','å››å·çœè¾¾å·å¸‚æ¸ å¿','area',1,NULL,NULL,NULL),('AreaCode','511781','å››å·çœè¾¾å·å¸‚ä¸‡æºå¸‚','area',1,NULL,NULL,NULL),('AreaCode','511800','å››å·çœé›…å®‰å¸‚','city',1,NULL,NULL,NULL),('AreaCode','511801','å››å·çœé›…å®‰å¸‚å¸‚è¾–åŒº','area',1,NULL,NULL,NULL),('AreaCode','511802','å››å·çœé›…å®‰å¸‚é›¨åŸåŒº','area',1,NULL,NULL,NULL),('AreaCode','511803','å››å·çœé›…å®‰å¸‚åå±±åŒº','area',1,NULL,NULL,NULL),('AreaCode','511822','å››å·çœé›…å®‰å¸‚è¥ç»å¿','area',1,NULL,NULL,NULL),('AreaCode','511823','å››å·çœé›…å®‰å¸‚æ±‰æºå¿','area',1,NULL,NULL,NULL),('AreaCode','511824','å››å·çœé›…å®‰å¸‚çŸ³æ£‰å¿','area',1,NULL,NULL,NULL),('AreaCode','511825','å››å·çœé›…å®‰å¸‚å¤©å…¨å¿','area',1,NULL,NULL,NULL),('AreaCode','511826','å››å·çœé›…å®‰å¸‚èŠ¦å±±å¿','area',1,NULL,NULL,NULL),('AreaCode','511827','å››å·çœé›…å®‰å¸‚å®å…´å¿','area',1,NULL,NULL,NULL),('AreaCode','511900','å››å·çœå·´ä¸­å¸‚','city',1,NULL,NULL,NULL),('AreaCode','511901','å››å·çœå·´ä¸­å¸‚å¸‚è¾–åŒº','area',1,NULL,NULL,NULL),('AreaCode','511902','å››å·çœå·´ä¸­å¸‚å·´å·åŒº','area',1,NULL,NULL,NULL),('AreaCode','511903','å››å·çœå·´ä¸­å¸‚æ©é˜³åŒº','area',1,NULL,NULL,NULL),('AreaCode','511921','å››å·çœå·´ä¸­å¸‚é€šæ±Ÿå¿','area',1,NULL,NULL,NULL),('AreaCode','511922','å››å·çœå·´ä¸­å¸‚å—æ±Ÿå¿','area',1,NULL,NULL,NULL),('AreaCode','511923','å››å·çœå·´ä¸­å¸‚å¹³æ˜Œå¿','area',1,NULL,NULL,NULL),('AreaCode','512000','å››å·çœèµ„é˜³å¸‚','city',1,NULL,NULL,NULL),('AreaCode','512001','å››å·çœèµ„é˜³å¸‚å¸‚è¾–åŒº','area',1,NULL,NULL,NULL),('AreaCode','512002','å››å·çœèµ„é˜³å¸‚é›æ±ŸåŒº','area',1,NULL,NULL,NULL),('AreaCode','512021','å››å·çœèµ„é˜³å¸‚å®‰å²³å¿','area',1,NULL,NULL,NULL),('AreaCode','512022','å››å·çœèµ„é˜³å¸‚ä¹è‡³å¿','area',1,NULL,NULL,NULL),('AreaCode','513200','å››å·çœé˜¿åè—æ—ç¾Œæ—è‡ªæ²»å·','city',1,NULL,NULL,NULL),('AreaCode','513201','å››å·çœé˜¿åè—æ—ç¾Œæ—è‡ªæ²»å·é©¬å°”åº·å¸‚','area',1,NULL,NULL,NULL),('AreaCode','513221','å››å·çœé˜¿åè—æ—ç¾Œæ—è‡ªæ²»å·æ±¶å·å¿','area',1,NULL,NULL,NULL),('AreaCode','513222','å››å·çœé˜¿åè—æ—ç¾Œæ—è‡ªæ²»å·ç†å¿','area',1,NULL,NULL,NULL),('AreaCode','513223','å››å·çœé˜¿åè—æ—ç¾Œæ—è‡ªæ²»å·èŒ‚å¿','area',1,NULL,NULL,NULL),('AreaCode','513224','å››å·çœé˜¿åè—æ—ç¾Œæ—è‡ªæ²»å·æ¾æ½˜å¿','area',1,NULL,NULL,NULL),('AreaCode','513225','å››å·çœé˜¿åè—æ—ç¾Œæ—è‡ªæ²»å·ä¹å¯¨æ²Ÿå¿','area',1,NULL,NULL,NULL),('AreaCode','513226','å››å·çœé˜¿åè—æ—ç¾Œæ—è‡ªæ²»å·é‡‘å·å¿','area',1,NULL,NULL,NULL),('AreaCode','513227','å››å·çœé˜¿åè—æ—ç¾Œæ—è‡ªæ²»å·å°é‡‘å¿','area',1,NULL,NULL,NULL),('AreaCode','513228','å››å·çœé˜¿åè—æ—ç¾Œæ—è‡ªæ²»å·é»‘æ°´å¿','area',1,NULL,NULL,NULL),('AreaCode','513230','å››å·çœé˜¿åè—æ—ç¾Œæ—è‡ªæ²»å·å£¤å¡˜å¿','area',1,NULL,NULL,NULL),('AreaCode','513231','å››å·çœé˜¿åè—æ—ç¾Œæ—è‡ªæ²»å·é˜¿åå¿','area',1,NULL,NULL,NULL),('AreaCode','513232','å››å·çœé˜¿åè—æ—ç¾Œæ—è‡ªæ²»å·è‹¥å°”ç›–å¿','area',1,NULL,NULL,NULL),('AreaCode','513233','å››å·çœé˜¿åè—æ—ç¾Œæ—è‡ªæ²»å·çº¢åŸå¿','area',1,NULL,NULL,NULL),('AreaCode','513300','å››å·çœç”˜å­œè—æ—è‡ªæ²»å·','city',1,NULL,NULL,NULL),('AreaCode','513301','å››å·çœç”˜å­œè—æ—è‡ªæ²»å·åº·å®šå¸‚','area',1,NULL,NULL,NULL),('AreaCode','513322','å››å·çœç”˜å­œè—æ—è‡ªæ²»å·æ³¸å®šå¿','area',1,NULL,NULL,NULL),('AreaCode','513323','å››å·çœç”˜å­œè—æ—è‡ªæ²»å·ä¸¹å·´å¿','area',1,NULL,NULL,NULL),('AreaCode','513324','å››å·çœç”˜å­œè—æ—è‡ªæ²»å·ä¹é¾™å¿','area',1,NULL,NULL,NULL),('AreaCode','513325','å››å·çœç”˜å­œè—æ—è‡ªæ²»å·é›…æ±Ÿå¿','area',1,NULL,NULL,NULL),('AreaCode','513326','å››å·çœç”˜å­œè—æ—è‡ªæ²»å·é“å­šå¿','area',1,NULL,NULL,NULL),('AreaCode','513327','å››å·çœç”˜å­œè—æ—è‡ªæ²»å·ç‚‰éœå¿','area',1,NULL,NULL,NULL),('AreaCode','513328','å››å·çœç”˜å­œè—æ—è‡ªæ²»å·ç”˜å­œå¿','area',1,NULL,NULL,NULL),('AreaCode','513329','å››å·çœç”˜å­œè—æ—è‡ªæ²»å·æ–°é¾™å¿','area',1,NULL,NULL,NULL),('AreaCode','513330','å››å·çœç”˜å­œè—æ—è‡ªæ²»å·å¾·æ ¼å¿','area',1,NULL,NULL,NULL),('AreaCode','513331','å››å·çœç”˜å­œè—æ—è‡ªæ²»å·ç™½ç‰å¿','area',1,NULL,NULL,NULL),('AreaCode','513332','å››å·çœç”˜å­œè—æ—è‡ªæ²»å·çŸ³æ¸ å¿','area',1,NULL,NULL,NULL),('AreaCode','513333','å››å·çœç”˜å­œè—æ—è‡ªæ²»å·è‰²è¾¾å¿','area',1,NULL,NULL,NULL),('AreaCode','513334','å››å·çœç”˜å­œè—æ—è‡ªæ²»å·ç†å¡˜å¿','area',1,NULL,NULL,NULL),('AreaCode','513335','å››å·çœç”˜å­œè—æ—è‡ªæ²»å·å·´å¡˜å¿','area',1,NULL,NULL,NULL),('AreaCode','513336','å››å·çœç”˜å­œè—æ—è‡ªæ²»å·ä¹¡åŸå¿','area',1,NULL,NULL,NULL),('AreaCode','513337','å››å·çœç”˜å­œè—æ—è‡ªæ²»å·ç¨»åŸå¿','area',1,NULL,NULL,NULL),('AreaCode','513338','å››å·çœç”˜å­œè—æ—è‡ªæ²»å·å¾—è£å¿','area',1,NULL,NULL,NULL),('AreaCode','513400','å››å·çœå‡‰å±±å½æ—è‡ªæ²»å·','city',1,NULL,NULL,NULL),('AreaCode','513401','å››å·çœå‡‰å±±å½æ—è‡ªæ²»å·è¥¿æ˜Œå¸‚','area',1,NULL,NULL,NULL),('AreaCode','513422','å››å·çœå‡‰å±±å½æ—è‡ªæ²»å·æœ¨é‡Œè—æ—è‡ªæ²»å¿','area',1,NULL,NULL,NULL),('AreaCode','513423','å››å·çœå‡‰å±±å½æ—è‡ªæ²»å·ç›æºå¿','area',1,NULL,NULL,NULL),('AreaCode','513424','å››å·çœå‡‰å±±å½æ—è‡ªæ²»å·å¾·æ˜Œå¿','area',1,NULL,NULL,NULL),('AreaCode','513425','å››å·çœå‡‰å±±å½æ—è‡ªæ²»å·ä¼šç†å¿','area',1,NULL,NULL,NULL),('AreaCode','513426','å››å·çœå‡‰å±±å½æ—è‡ªæ²»å·ä¼šä¸œå¿','area',1,NULL,NULL,NULL),('AreaCode','513427','å››å·çœå‡‰å±±å½æ—è‡ªæ²»å·å®å—å¿','area',1,NULL,NULL,NULL),('AreaCode','513428','å››å·çœå‡‰å±±å½æ—è‡ªæ²»å·æ™®æ ¼å¿','area',1,NULL,NULL,NULL),('AreaCode','513429','å››å·çœå‡‰å±±å½æ—è‡ªæ²»å·å¸ƒæ‹–å¿','area',1,NULL,NULL,NULL),('AreaCode','513430','å››å·çœå‡‰å±±å½æ—è‡ªæ²»å·é‡‘é˜³å¿','area',1,NULL,NULL,NULL),('AreaCode','513431','å››å·çœå‡‰å±±å½æ—è‡ªæ²»å·æ˜­è§‰å¿','area',1,NULL,NULL,NULL),('AreaCode','513432','å››å·çœå‡‰å±±å½æ—è‡ªæ²»å·å–œå¾·å¿','area',1,NULL,NULL,NULL),('AreaCode','513433','å››å·çœå‡‰å±±å½æ—è‡ªæ²»å·å†•å®å¿','area',1,NULL,NULL,NULL),('AreaCode','513434','å››å·çœå‡‰å±±å½æ—è‡ªæ²»å·è¶Šè¥¿å¿','area',1,NULL,NULL,NULL),('AreaCode','513435','å››å·çœå‡‰å±±å½æ—è‡ªæ²»å·ç”˜æ´›å¿','area',1,NULL,NULL,NULL),('AreaCode','513436','å››å·çœå‡‰å±±å½æ—è‡ªæ²»å·ç¾å§‘å¿','area',1,NULL,NULL,NULL),('AreaCode','513437','å››å·çœå‡‰å±±å½æ—è‡ªæ²»å·é›·æ³¢å¿','area',1,NULL,NULL,NULL),('AreaCode','520000','è´µå·çœ','province',1,NULL,NULL,NULL),('AreaCode','520100','è´µå·çœè´µé˜³å¸‚','city',1,NULL,NULL,NULL),('AreaCode','520101','è´µå·çœè´µé˜³å¸‚å¸‚è¾–åŒº','area',1,NULL,NULL,NULL),('AreaCode','520102','è´µå·çœè´µé˜³å¸‚å—æ˜åŒº','area',1,NULL,NULL,NULL),('AreaCode','520103','è´µå·çœè´µé˜³å¸‚äº‘å²©åŒº','area',1,NULL,NULL,NULL),('AreaCode','520111','è´µå·çœè´µé˜³å¸‚èŠ±æºªåŒº','area',1,NULL,NULL,NULL),('AreaCode','520112','è´µå·çœè´µé˜³å¸‚ä¹Œå½“åŒº','area',1,NULL,NULL,NULL),('AreaCode','520113','è´µå·çœè´µé˜³å¸‚ç™½äº‘åŒº','area',1,NULL,NULL,NULL),('AreaCode','520115','è´µå·çœè´µé˜³å¸‚è§‚å±±æ¹–åŒº','area',1,NULL,NULL,NULL),('AreaCode','520121','è´µå·çœè´µé˜³å¸‚å¼€é˜³å¿','area',1,NULL,NULL,NULL),('AreaCode','520122','è´µå·çœè´µé˜³å¸‚æ¯çƒ½å¿','area',1,NULL,NULL,NULL),('AreaCode','520123','è´µå·çœè´µé˜³å¸‚ä¿®æ–‡å¿','area',1,NULL,NULL,NULL),('AreaCode','520181','è´µå·çœè´µé˜³å¸‚æ¸…é•‡å¸‚','area',1,NULL,NULL,NULL),('AreaCode','520200','è´µå·çœå…­ç›˜æ°´å¸‚','city',1,NULL,NULL,NULL),('AreaCode','520201','è´µå·çœå…­ç›˜æ°´å¸‚é’Ÿå±±åŒº','area',1,NULL,NULL,NULL),('AreaCode','520203','è´µå·çœå…­ç›˜æ°´å¸‚å…­æç‰¹åŒº','area',1,NULL,NULL,NULL),('AreaCode','520221','è´µå·çœå…­ç›˜æ°´å¸‚æ°´åŸå¿','area',1,NULL,NULL,NULL),('AreaCode','520222','è´µå·çœå…­ç›˜æ°´å¸‚ç›˜å¿','area',1,NULL,NULL,NULL),('AreaCode','520300','è´µå·çœéµä¹‰å¸‚','city',1,NULL,NULL,NULL),('AreaCode','520301','è´µå·çœéµä¹‰å¸‚å¸‚è¾–åŒº','area',1,NULL,NULL,NULL),('AreaCode','520302','è´µå·çœéµä¹‰å¸‚çº¢èŠ±å²—åŒº','area',1,NULL,NULL,NULL),('AreaCode','520303','è´µå·çœéµä¹‰å¸‚æ±‡å·åŒº','area',1,NULL,NULL,NULL),('AreaCode','520304','è´µå·çœéµä¹‰å¸‚æ’­å·åŒº','area',1,NULL,NULL,NULL),('AreaCode','520322','è´µå·çœéµä¹‰å¸‚æ¡æ¢“å¿','area',1,NULL,NULL,NULL),('AreaCode','520323','è´µå·çœéµä¹‰å¸‚ç»¥é˜³å¿','area',1,NULL,NULL,NULL),('AreaCode','520324','è´µå·çœéµä¹‰å¸‚æ­£å®‰å¿','area',1,NULL,NULL,NULL),('AreaCode','520325','è´µå·çœéµä¹‰å¸‚é“çœŸä»¡ä½¬æ—è‹—æ—è‡ªæ²»å¿','area',1,NULL,NULL,NULL),('AreaCode','520326','è´µå·çœéµä¹‰å¸‚åŠ¡å·ä»¡ä½¬æ—è‹—æ—è‡ªæ²»å¿','area',1,NULL,NULL,NULL),('AreaCode','520327','è´µå·çœéµä¹‰å¸‚å‡¤å†ˆå¿','area',1,NULL,NULL,NULL),('AreaCode','520328','è´µå·çœéµä¹‰å¸‚æ¹„æ½­å¿','area',1,NULL,NULL,NULL),('AreaCode','520329','è´µå·çœéµä¹‰å¸‚ä½™åº†å¿','area',1,NULL,NULL,NULL),('AreaCode','520330','è´µå·çœéµä¹‰å¸‚ä¹ æ°´å¿','area',1,NULL,NULL,NULL),('AreaCode','520381','è´µå·çœéµä¹‰å¸‚èµ¤æ°´å¸‚','area',1,NULL,NULL,NULL),('AreaCode','520382','è´µå·çœéµä¹‰å¸‚ä»æ€€å¸‚','area',1,NULL,NULL,NULL),('AreaCode','520400','è´µå·çœå®‰é¡ºå¸‚','city',1,NULL,NULL,NULL),('AreaCode','520401','è´µå·çœå®‰é¡ºå¸‚å¸‚è¾–åŒº','area',1,NULL,NULL,NULL),('AreaCode','520402','è´µå·çœå®‰é¡ºå¸‚è¥¿ç§€åŒº','area',1,NULL,NULL,NULL),('AreaCode','520403','è´µå·çœå®‰é¡ºå¸‚å¹³ååŒº','area',1,NULL,NULL,NULL),('AreaCode','520422','è´µå·çœå®‰é¡ºå¸‚æ™®å®šå¿','area',1,NULL,NULL,NULL),('AreaCode','520423','è´µå·çœå®‰é¡ºå¸‚é•‡å®å¸ƒä¾æ—è‹—æ—è‡ªæ²»å¿','area',1,NULL,NULL,NULL),('AreaCode','520424','è´µå·çœå®‰é¡ºå¸‚å…³å²­å¸ƒä¾æ—è‹—æ—è‡ªæ²»å¿','area',1,NULL,NULL,NULL),('AreaCode','520425','è´µå·çœå®‰é¡ºå¸‚ç´«äº‘è‹—æ—å¸ƒä¾æ—è‡ªæ²»å¿','area',1,NULL,NULL,NULL),('AreaCode','520500','è´µå·çœæ¯•èŠ‚å¸‚','city',1,NULL,NULL,NULL),('AreaCode','520501','è´µå·çœæ¯•èŠ‚å¸‚å¸‚è¾–åŒº','area',1,NULL,NULL,NULL),('AreaCode','520502','è´µå·çœæ¯•èŠ‚å¸‚ä¸ƒæ˜Ÿå…³åŒº','area',1,NULL,NULL,NULL),('AreaCode','520521','è´µå·çœæ¯•èŠ‚å¸‚å¤§æ–¹å¿','area',1,NULL,NULL,NULL),('AreaCode','520522','è´µå·çœæ¯•èŠ‚å¸‚é»”è¥¿å¿','area',1,NULL,NULL,NULL),('AreaCode','520523','è´µå·çœæ¯•èŠ‚å¸‚é‡‘æ²™å¿','area',1,NULL,NULL,NULL),('AreaCode','520524','è´µå·çœæ¯•èŠ‚å¸‚ç»‡é‡‘å¿','area',1,NULL,NULL,NULL),('AreaCode','520525','è´µå·çœæ¯•èŠ‚å¸‚çº³é›å¿','area',1,NULL,NULL,NULL),('AreaCode','520526','è´µå·çœæ¯•èŠ‚å¸‚å¨å®å½æ—å›æ—è‹—æ—è‡ªæ²»å¿','area',1,NULL,NULL,NULL),('AreaCode','520527','è´µå·çœæ¯•èŠ‚å¸‚èµ«ç« å¿','area',1,NULL,NULL,NULL),('AreaCode','520600','è´µå·çœé“œä»å¸‚','city',1,NULL,NULL,NULL),('AreaCode','520601','è´µå·çœé“œä»å¸‚å¸‚è¾–åŒº','area',1,NULL,NULL,NULL),('AreaCode','520602','è´µå·çœé“œä»å¸‚ç¢§æ±ŸåŒº','area',1,NULL,NULL,NULL),('AreaCode','520603','è´µå·çœé“œä»å¸‚ä¸‡å±±åŒº','area',1,NULL,NULL,NULL),('AreaCode','520621','è´µå·çœé“œä»å¸‚æ±Ÿå£å¿','area',1,NULL,NULL,NULL),('AreaCode','520622','è´µå·çœé“œä»å¸‚ç‰å±ä¾—æ—è‡ªæ²»å¿','area',1,NULL,NULL,NULL),('AreaCode','520623','è´µå·çœé“œä»å¸‚çŸ³é˜¡å¿','area',1,NULL,NULL,NULL),('AreaCode','520624','è´µå·çœé“œä»å¸‚æ€å—å¿','area',1,NULL,NULL,NULL),('AreaCode','520625','è´µå·çœé“œä»å¸‚å°æ±ŸåœŸå®¶æ—è‹—æ—è‡ªæ²»å¿','area',1,NULL,NULL,NULL),('AreaCode','520626','è´µå·çœé“œä»å¸‚å¾·æ±Ÿå¿','area',1,NULL,NULL,NULL),('AreaCode','520627','è´µå·çœé“œä»å¸‚æ²¿æ²³åœŸå®¶æ—è‡ªæ²»å¿','area',1,NULL,NULL,NULL),('AreaCode','520628','è´µå·çœé“œä»å¸‚æ¾æ¡ƒè‹—æ—è‡ªæ²»å¿','area',1,NULL,NULL,NULL),('AreaCode','522300','è´µå·çœé»”è¥¿å—å¸ƒä¾æ—è‹—æ—è‡ªæ²»å·','city',1,NULL,NULL,NULL),('AreaCode','522301','è´µå·çœé»”è¥¿å—å¸ƒä¾æ—è‹—æ—è‡ªæ²»å·å…´ä¹‰å¸‚','area',1,NULL,NULL,NULL),('AreaCode','522322','è´µå·çœé»”è¥¿å—å¸ƒä¾æ—è‹—æ—è‡ªæ²»å·å…´ä»å¿','area',1,NULL,NULL,NULL),('AreaCode','522323','è´µå·çœé»”è¥¿å—å¸ƒä¾æ—è‹—æ—è‡ªæ²»å·æ™®å®‰å¿','area',1,NULL,NULL,NULL),('AreaCode','522324','è´µå·çœé»”è¥¿å—å¸ƒä¾æ—è‹—æ—è‡ªæ²»å·æ™´éš†å¿','area',1,NULL,NULL,NULL),('AreaCode','522325','è´µå·çœé»”è¥¿å—å¸ƒä¾æ—è‹—æ—è‡ªæ²»å·è´ä¸°å¿','area',1,NULL,NULL,NULL),('AreaCode','522326','è´µå·çœé»”è¥¿å—å¸ƒä¾æ—è‹—æ—è‡ªæ²»å·æœ›è°Ÿå¿','area',1,NULL,NULL,NULL),('AreaCode','522327','è´µå·çœé»”è¥¿å—å¸ƒä¾æ—è‹—æ—è‡ªæ²»å·å†Œäº¨å¿','area',1,NULL,NULL,NULL),('AreaCode','522328','è´µå·çœé»”è¥¿å—å¸ƒä¾æ—è‹—æ—è‡ªæ²»å·å®‰é¾™å¿','area',1,NULL,NULL,NULL),('AreaCode','522600','è´µå·çœé»”ä¸œå—è‹—æ—ä¾—æ—è‡ªæ²»å·','city',1,NULL,NULL,NULL),('AreaCode','522601','è´µå·çœé»”ä¸œå—è‹—æ—ä¾—æ—è‡ªæ²»å·å‡¯é‡Œå¸‚','area',1,NULL,NULL,NULL),('AreaCode','522622','è´µå·çœé»”ä¸œå—è‹—æ—ä¾—æ—è‡ªæ²»å·é»„å¹³å¿','area',1,NULL,NULL,NULL),('AreaCode','522623','è´µå·çœé»”ä¸œå—è‹—æ—ä¾—æ—è‡ªæ²»å·æ–½ç§‰å¿','area',1,NULL,NULL,NULL),('AreaCode','522624','è´µå·çœé»”ä¸œå—è‹—æ—ä¾—æ—è‡ªæ²»å·ä¸‰ç©—å¿','area',1,NULL,NULL,NULL),('AreaCode','522625','è´µå·çœé»”ä¸œå—è‹—æ—ä¾—æ—è‡ªæ²»å·é•‡è¿œå¿','area',1,NULL,NULL,NULL),('AreaCode','522626','è´µå·çœé»”ä¸œå—è‹—æ—ä¾—æ—è‡ªæ²»å·å²‘å·©å¿','area',1,NULL,NULL,NULL),('AreaCode','522627','è´µå·çœé»”ä¸œå—è‹—æ—ä¾—æ—è‡ªæ²»å·å¤©æŸ±å¿','area',1,NULL,NULL,NULL),('AreaCode','522628','è´µå·çœé»”ä¸œå—è‹—æ—ä¾—æ—è‡ªæ²»å·é”¦å±å¿','area',1,NULL,NULL,NULL),('AreaCode','522629','è´µå·çœé»”ä¸œå—è‹—æ—ä¾—æ—è‡ªæ²»å·å‰‘æ²³å¿','area',1,NULL,NULL,NULL),('AreaCode','522630','è´µå·çœé»”ä¸œå—è‹—æ—ä¾—æ—è‡ªæ²»å·å°æ±Ÿå¿','area',1,NULL,NULL,NULL),('AreaCode','522631','è´µå·çœé»”ä¸œå—è‹—æ—ä¾—æ—è‡ªæ²»å·é»å¹³å¿','area',1,NULL,NULL,NULL),('AreaCode','522632','è´µå·çœé»”ä¸œå—è‹—æ—ä¾—æ—è‡ªæ²»å·æ¦•æ±Ÿå¿','area',1,NULL,NULL,NULL),('AreaCode','522633','è´µå·çœé»”ä¸œå—è‹—æ—ä¾—æ—è‡ªæ²»å·ä»æ±Ÿå¿','area',1,NULL,NULL,NULL),('AreaCode','522634','è´µå·çœé»”ä¸œå—è‹—æ—ä¾—æ—è‡ªæ²»å·é›·å±±å¿','area',1,NULL,NULL,NULL),('AreaCode','522635','è´µå·çœé»”ä¸œå—è‹—æ—ä¾—æ—è‡ªæ²»å·éº»æ±Ÿå¿','area',1,NULL,NULL,NULL),('AreaCode','522636','è´µå·çœé»”ä¸œå—è‹—æ—ä¾—æ—è‡ªæ²»å·ä¸¹å¯¨å¿','area',1,NULL,NULL,NULL),('AreaCode','522700','è´µå·çœé»”å—å¸ƒä¾æ—è‹—æ—è‡ªæ²»å·','city',1,NULL,NULL,NULL),('AreaCode','522701','è´µå·çœé»”å—å¸ƒä¾æ—è‹—æ—è‡ªæ²»å·éƒ½åŒ€å¸‚','area',1,NULL,NULL,NULL),('AreaCode','522702','è´µå·çœé»”å—å¸ƒä¾æ—è‹—æ—è‡ªæ²»å·ç¦æ³‰å¸‚','area',1,NULL,NULL,NULL),('AreaCode','522722','è´µå·çœé»”å—å¸ƒä¾æ—è‹—æ—è‡ªæ²»å·è”æ³¢å¿','area',1,NULL,NULL,NULL),('AreaCode','522723','è´µå·çœé»”å—å¸ƒä¾æ—è‹—æ—è‡ªæ²»å·è´µå®šå¿','area',1,NULL,NULL,NULL),('AreaCode','522725','è´µå·çœé»”å—å¸ƒä¾æ—è‹—æ—è‡ªæ²»å·ç“®å®‰å¿','area',1,NULL,NULL,NULL),('AreaCode','522726','è´µå·çœé»”å—å¸ƒä¾æ—è‹—æ—è‡ªæ²»å·ç‹¬å±±å¿','area',1,NULL,NULL,NULL),('AreaCode','522727','è´µå·çœé»”å—å¸ƒä¾æ—è‹—æ—è‡ªæ²»å·å¹³å¡˜å¿','area',1,NULL,NULL,NULL),('AreaCode','522728','è´µå·çœé»”å—å¸ƒä¾æ—è‹—æ—è‡ªæ²»å·ç½—ç”¸å¿','area',1,NULL,NULL,NULL),('AreaCode','522729','è´µå·çœé»”å—å¸ƒä¾æ—è‹—æ—è‡ªæ²»å·é•¿é¡ºå¿','area',1,NULL,NULL,NULL),('AreaCode','522730','è´µå·çœé»”å—å¸ƒä¾æ—è‹—æ—è‡ªæ²»å·é¾™é‡Œå¿','area',1,NULL,NULL,NULL),('AreaCode','522731','è´µå·çœé»”å—å¸ƒä¾æ—è‹—æ—è‡ªæ²»å·æƒ æ°´å¿','area',1,NULL,NULL,NULL),('AreaCode','522732','è´µå·çœé»”å—å¸ƒä¾æ—è‹—æ—è‡ªæ²»å·ä¸‰éƒ½æ°´æ—è‡ªæ²»å¿','area',1,NULL,NULL,NULL),('AreaCode','530000','äº‘å—çœ','province',1,NULL,NULL,NULL),('AreaCode','530100','äº‘å—çœæ˜†æ˜å¸‚','city',1,NULL,NULL,NULL),('AreaCode','530101','äº‘å—çœæ˜†æ˜å¸‚å¸‚è¾–åŒº','area',1,NULL,NULL,NULL),('AreaCode','530102','äº‘å—çœæ˜†æ˜å¸‚äº”ååŒº','area',1,NULL,NULL,NULL),('AreaCode','530103','äº‘å—çœæ˜†æ˜å¸‚ç›˜é¾™åŒº','area',1,NULL,NULL,NULL),('AreaCode','530111','äº‘å—çœæ˜†æ˜å¸‚å®˜æ¸¡åŒº','area',1,NULL,NULL,NULL),('AreaCode','530112','äº‘å—çœæ˜†æ˜å¸‚è¥¿å±±åŒº','area',1,NULL,NULL,NULL),('AreaCode','530113','äº‘å—çœæ˜†æ˜å¸‚ä¸œå·åŒº','area',1,NULL,NULL,NULL),('AreaCode','530114','äº‘å—çœæ˜†æ˜å¸‚å‘ˆè´¡åŒº','area',1,NULL,NULL,NULL),('AreaCode','530122','äº‘å—çœæ˜†æ˜å¸‚æ™‹å®å¿','area',1,NULL,NULL,NULL),('AreaCode','530124','äº‘å—çœæ˜†æ˜å¸‚å¯Œæ°‘å¿','area',1,NULL,NULL,NULL),('AreaCode','530125','äº‘å—çœæ˜†æ˜å¸‚å®œè‰¯å¿','area',1,NULL,NULL,NULL),('AreaCode','530126','äº‘å—çœæ˜†æ˜å¸‚çŸ³æ—å½æ—è‡ªæ²»å¿','area',1,NULL,NULL,NULL),('AreaCode','530127','äº‘å—çœæ˜†æ˜å¸‚åµ©æ˜å¿','area',1,NULL,NULL,NULL),('AreaCode','530128','äº‘å—çœæ˜†æ˜å¸‚ç¦„åŠå½æ—è‹—æ—è‡ªæ²»å¿','area',1,NULL,NULL,NULL),('AreaCode','530129','äº‘å—çœæ˜†æ˜å¸‚å¯»ç”¸å›æ—å½æ—è‡ªæ²»å¿','area',1,NULL,NULL,NULL),('AreaCode','530181','äº‘å—çœæ˜†æ˜å¸‚å®‰å®å¸‚','area',1,NULL,NULL,NULL),('AreaCode','530300','äº‘å—çœæ›²é–å¸‚','city',1,NULL,NULL,NULL),('AreaCode','530301','äº‘å—çœæ›²é–å¸‚å¸‚è¾–åŒº','area',1,NULL,NULL,NULL),('AreaCode','530302','äº‘å—çœæ›²é–å¸‚éº’éºŸåŒº','area',1,NULL,NULL,NULL),('AreaCode','530303','äº‘å—çœæ›²é–å¸‚æ²¾ç›ŠåŒº','area',1,NULL,NULL,NULL),('AreaCode','530321','äº‘å—çœæ›²é–å¸‚é©¬é¾™å¿','area',1,NULL,NULL,NULL),('AreaCode','530322','äº‘å—çœæ›²é–å¸‚é™†è‰¯å¿','area',1,NULL,NULL,NULL),('AreaCode','530323','äº‘å—çœæ›²é–å¸‚å¸ˆå®—å¿','area',1,NULL,NULL,NULL),('AreaCode','530324','äº‘å—çœæ›²é–å¸‚ç½—å¹³å¿','area',1,NULL,NULL,NULL),('AreaCode','530325','äº‘å—çœæ›²é–å¸‚å¯Œæºå¿','area',1,NULL,NULL,NULL),('AreaCode','530326','äº‘å—çœæ›²é–å¸‚ä¼šæ³½å¿','area',1,NULL,NULL,NULL),('AreaCode','530381','äº‘å—çœæ›²é–å¸‚å®£å¨å¸‚','area',1,NULL,NULL,NULL),('AreaCode','530400','äº‘å—çœç‰æºªå¸‚','city',1,NULL,NULL,NULL),('AreaCode','530401','äº‘å—çœç‰æºªå¸‚å¸‚è¾–åŒº','area',1,NULL,NULL,NULL),('AreaCode','530402','äº‘å—çœç‰æºªå¸‚çº¢å¡”åŒº','area',1,NULL,NULL,NULL),('AreaCode','530403','äº‘å—çœç‰æºªå¸‚æ±Ÿå·åŒº','area',1,NULL,NULL,NULL),('AreaCode','530422','äº‘å—çœç‰æºªå¸‚æ¾„æ±Ÿå¿','area',1,NULL,NULL,NULL),('AreaCode','530423','äº‘å—çœç‰æºªå¸‚é€šæµ·å¿','area',1,NULL,NULL,NULL),('AreaCode','530424','äº‘å—çœç‰æºªå¸‚åå®å¿','area',1,NULL,NULL,NULL),('AreaCode','530425','äº‘å—çœç‰æºªå¸‚æ˜“é—¨å¿','area',1,NULL,NULL,NULL),('AreaCode','530426','äº‘å—çœç‰æºªå¸‚å³¨å±±å½æ—è‡ªæ²»å¿','area',1,NULL,NULL,NULL),('AreaCode','530427','äº‘å—çœç‰æºªå¸‚æ–°å¹³å½æ—å‚£æ—è‡ªæ²»å¿','area',1,NULL,NULL,NULL),('AreaCode','530428','äº‘å—çœç‰æºªå¸‚å…ƒæ±Ÿå“ˆå°¼æ—å½æ—å‚£æ—è‡ªæ²»å¿','area',1,NULL,NULL,NULL),('AreaCode','530500','äº‘å—çœä¿å±±å¸‚','city',1,NULL,NULL,NULL),('AreaCode','530501','äº‘å—çœä¿å±±å¸‚å¸‚è¾–åŒº','area',1,NULL,NULL,NULL),('AreaCode','530502','äº‘å—çœä¿å±±å¸‚éš†é˜³åŒº','area',1,NULL,NULL,NULL),('AreaCode','530521','äº‘å—çœä¿å±±å¸‚æ–½ç”¸å¿','area',1,NULL,NULL,NULL),('AreaCode','530523','äº‘å—çœä¿å±±å¸‚é¾™é™µå¿','area',1,NULL,NULL,NULL),('AreaCode','530524','äº‘å—çœä¿å±±å¸‚æ˜Œå®å¿','area',1,NULL,NULL,NULL),('AreaCode','530581','äº‘å—çœä¿å±±å¸‚è…¾å†²å¸‚','area',1,NULL,NULL,NULL),('AreaCode','530600','äº‘å—çœæ˜­é€šå¸‚','city',1,NULL,NULL,NULL),('AreaCode','530601','äº‘å—çœæ˜­é€šå¸‚å¸‚è¾–åŒº','area',1,NULL,NULL,NULL),('AreaCode','530602','äº‘å—çœæ˜­é€šå¸‚æ˜­é˜³åŒº','area',1,NULL,NULL,NULL),('AreaCode','530621','äº‘å—çœæ˜­é€šå¸‚é²ç”¸å¿','area',1,NULL,NULL,NULL),('AreaCode','530622','äº‘å—çœæ˜­é€šå¸‚å·§å®¶å¿','area',1,NULL,NULL,NULL),('AreaCode','530623','äº‘å—çœæ˜­é€šå¸‚ç›æ´¥å¿','area',1,NULL,NULL,NULL),('AreaCode','530624','äº‘å—çœæ˜­é€šå¸‚å¤§å…³å¿','area',1,NULL,NULL,NULL),('AreaCode','530625','äº‘å—çœæ˜­é€šå¸‚æ°¸å–„å¿','area',1,NULL,NULL,NULL),('AreaCode','530626','äº‘å—çœæ˜­é€šå¸‚ç»¥æ±Ÿå¿','area',1,NULL,NULL,NULL),('AreaCode','530627','äº‘å—çœæ˜­é€šå¸‚é•‡é›„å¿','area',1,NULL,NULL,NULL),('AreaCode','530628','äº‘å—çœæ˜­é€šå¸‚å½è‰¯å¿','area',1,NULL,NULL,NULL),('AreaCode','530629','äº‘å—çœæ˜­é€šå¸‚å¨ä¿¡å¿','area',1,NULL,NULL,NULL),('AreaCode','530630','äº‘å—çœæ˜­é€šå¸‚æ°´å¯Œå¿','area',1,NULL,NULL,NULL),('AreaCode','530700','äº‘å—çœä¸½æ±Ÿå¸‚','city',1,NULL,NULL,NULL),('AreaCode','530701','äº‘å—çœä¸½æ±Ÿå¸‚å¸‚è¾–åŒº','area',1,NULL,NULL,NULL),('AreaCode','530702','äº‘å—çœä¸½æ±Ÿå¸‚å¤åŸåŒº','area',1,NULL,NULL,NULL),('AreaCode','530721','äº‘å—çœä¸½æ±Ÿå¸‚ç‰é¾™çº³è¥¿æ—è‡ªæ²»å¿','area',1,NULL,NULL,NULL),('AreaCode','530722','äº‘å—çœä¸½æ±Ÿå¸‚æ°¸èƒœå¿','area',1,NULL,NULL,NULL),('AreaCode','530723','äº‘å—çœä¸½æ±Ÿå¸‚ååªå¿','area',1,NULL,NULL,NULL),('AreaCode','530724','äº‘å—çœä¸½æ±Ÿå¸‚å®è’—å½æ—è‡ªæ²»å¿','area',1,NULL,NULL,NULL),('AreaCode','530800','äº‘å—çœæ™®æ´±å¸‚','city',1,NULL,NULL,NULL),('AreaCode','530801','äº‘å—çœæ™®æ´±å¸‚å¸‚è¾–åŒº','area',1,NULL,NULL,NULL),('AreaCode','530802','äº‘å—çœæ™®æ´±å¸‚æ€èŒ…åŒº','area',1,NULL,NULL,NULL),('AreaCode','530821','äº‘å—çœæ™®æ´±å¸‚å®æ´±å“ˆå°¼æ—å½æ—è‡ªæ²»å¿','area',1,NULL,NULL,NULL),('AreaCode','530822','äº‘å—çœæ™®æ´±å¸‚å¢¨æ±Ÿå“ˆå°¼æ—è‡ªæ²»å¿','area',1,NULL,NULL,NULL),('AreaCode','530823','äº‘å—çœæ™®æ´±å¸‚æ™¯ä¸œå½æ—è‡ªæ²»å¿','area',1,NULL,NULL,NULL),('AreaCode','530824','äº‘å—çœæ™®æ´±å¸‚æ™¯è°·å‚£æ—å½æ—è‡ªæ²»å¿','area',1,NULL,NULL,NULL),('AreaCode','530825','äº‘å—çœæ™®æ´±å¸‚é•‡æ²…å½æ—å“ˆå°¼æ—æ‹‰ç¥œæ—è‡ªæ²»å¿','area',1,NULL,NULL,NULL),('AreaCode','530826','äº‘å—çœæ™®æ´±å¸‚æ±ŸåŸå“ˆå°¼æ—å½æ—è‡ªæ²»å¿','area',1,NULL,NULL,NULL),('AreaCode','530827','äº‘å—çœæ™®æ´±å¸‚å­Ÿè¿å‚£æ—æ‹‰ç¥œæ—ä½¤æ—è‡ªæ²»å¿','area',1,NULL,NULL,NULL),('AreaCode','530828','äº‘å—çœæ™®æ´±å¸‚æ¾œæ²§æ‹‰ç¥œæ—è‡ªæ²»å¿','area',1,NULL,NULL,NULL),('AreaCode','530829','äº‘å—çœæ™®æ´±å¸‚è¥¿ç›Ÿä½¤æ—è‡ªæ²»å¿','area',1,NULL,NULL,NULL),('AreaCode','530900','äº‘å—çœä¸´æ²§å¸‚','city',1,NULL,NULL,NULL),('AreaCode','530901','äº‘å—çœä¸´æ²§å¸‚å¸‚è¾–åŒº','area',1,NULL,NULL,NULL),('AreaCode','530902','äº‘å—çœä¸´æ²§å¸‚ä¸´ç¿”åŒº','area',1,NULL,NULL,NULL),('AreaCode','530921','äº‘å—çœä¸´æ²§å¸‚å‡¤åº†å¿','area',1,NULL,NULL,NULL),('AreaCode','530922','äº‘å—çœä¸´æ²§å¸‚äº‘å¿','area',1,NULL,NULL,NULL),('AreaCode','530923','äº‘å—çœä¸´æ²§å¸‚æ°¸å¾·å¿','area',1,NULL,NULL,NULL),('AreaCode','530924','äº‘å—çœä¸´æ²§å¸‚é•‡åº·å¿','area',1,NULL,NULL,NULL),('AreaCode','530925','äº‘å—çœä¸´æ²§å¸‚åŒæ±Ÿæ‹‰ç¥œæ—ä½¤æ—å¸ƒæœ—æ—å‚£æ—è‡ªæ²»å¿','area',1,NULL,NULL,NULL),('AreaCode','530926','äº‘å—çœä¸´æ²§å¸‚è€¿é©¬å‚£æ—ä½¤æ—è‡ªæ²»å¿','area',1,NULL,NULL,NULL),('AreaCode','530927','äº‘å—çœä¸´æ²§å¸‚æ²§æºä½¤æ—è‡ªæ²»å¿','area',1,NULL,NULL,NULL),('AreaCode','532300','äº‘å—çœæ¥šé›„å½æ—è‡ªæ²»å·','city',1,NULL,NULL,NULL),('AreaCode','532301','äº‘å—çœæ¥šé›„å½æ—è‡ªæ²»å·æ¥šé›„å¸‚','area',1,NULL,NULL,NULL),('AreaCode','532322','äº‘å—çœæ¥šé›„å½æ—è‡ªæ²»å·åŒæŸå¿','area',1,NULL,NULL,NULL),('AreaCode','532323','äº‘å—çœæ¥šé›„å½æ—è‡ªæ²»å·ç‰Ÿå®šå¿','area',1,NULL,NULL,NULL),('AreaCode','532324','äº‘å—çœæ¥šé›„å½æ—è‡ªæ²»å·å—åå¿','area',1,NULL,NULL,NULL),('AreaCode','532325','äº‘å—çœæ¥šé›„å½æ—è‡ªæ²»å·å§šå®‰å¿','area',1,NULL,NULL,NULL),('AreaCode','532326','äº‘å—çœæ¥šé›„å½æ—è‡ªæ²»å·å¤§å§šå¿','area',1,NULL,NULL,NULL),('AreaCode','532327','äº‘å—çœæ¥šé›„å½æ—è‡ªæ²»å·æ°¸ä»å¿','area',1,NULL,NULL,NULL),('AreaCode','532328','äº‘å—çœæ¥šé›„å½æ—è‡ªæ²»å·å…ƒè°‹å¿','area',1,NULL,NULL,NULL),('AreaCode','532329','äº‘å—çœæ¥šé›„å½æ—è‡ªæ²»å·æ­¦å®šå¿','area',1,NULL,NULL,NULL),('AreaCode','532331','äº‘å—çœæ¥šé›„å½æ—è‡ªæ²»å·ç¦„ä¸°å¿','area',1,NULL,NULL,NULL),('AreaCode','532500','äº‘å—çœçº¢æ²³å“ˆå°¼æ—å½æ—è‡ªæ²»å·','city',1,NULL,NULL,NULL),('AreaCode','532501','äº‘å—çœçº¢æ²³å“ˆå°¼æ—å½æ—è‡ªæ²»å·ä¸ªæ—§å¸‚','area',1,NULL,NULL,NULL),('AreaCode','532502','äº‘å—çœçº¢æ²³å“ˆå°¼æ—å½æ—è‡ªæ²»å·å¼€è¿œå¸‚','area',1,NULL,NULL,NULL),('AreaCode','532503','äº‘å—çœçº¢æ²³å“ˆå°¼æ—å½æ—è‡ªæ²»å·è’™è‡ªå¸‚','area',1,NULL,NULL,NULL),('AreaCode','532504','äº‘å—çœçº¢æ²³å“ˆå°¼æ—å½æ—è‡ªæ²»å·å¼¥å‹’å¸‚','area',1,NULL,NULL,NULL),('AreaCode','532523','äº‘å—çœçº¢æ²³å“ˆå°¼æ—å½æ—è‡ªæ²»å·å±è¾¹è‹—æ—è‡ªæ²»å¿','area',1,NULL,NULL,NULL),('AreaCode','532524','äº‘å—çœçº¢æ²³å“ˆå°¼æ—å½æ—è‡ªæ²»å·å»ºæ°´å¿','area',1,NULL,NULL,NULL),('AreaCode','532525','äº‘å—çœçº¢æ²³å“ˆå°¼æ—å½æ—è‡ªæ²»å·çŸ³å±å¿','area',1,NULL,NULL,NULL),('AreaCode','532527','äº‘å—çœçº¢æ²³å“ˆå°¼æ—å½æ—è‡ªæ²»å·æ³¸è¥¿å¿','area',1,NULL,NULL,NULL),('AreaCode','532528','äº‘å—çœçº¢æ²³å“ˆå°¼æ—å½æ—è‡ªæ²»å·å…ƒé˜³å¿','area',1,NULL,NULL,NULL),('AreaCode','532529','äº‘å—çœçº¢æ²³å“ˆå°¼æ—å½æ—è‡ªæ²»å·çº¢æ²³å¿','area',1,NULL,NULL,NULL),('AreaCode','532530','äº‘å—çœçº¢æ²³å“ˆå°¼æ—å½æ—è‡ªæ²»å·é‡‘å¹³è‹—æ—ç‘¶æ—å‚£æ—è‡ªæ²»å¿','area',1,NULL,NULL,NULL),('AreaCode','532531','äº‘å—çœçº¢æ²³å“ˆå°¼æ—å½æ—è‡ªæ²»å·ç»¿æ˜¥å¿','area',1,NULL,NULL,NULL),('AreaCode','532532','äº‘å—çœçº¢æ²³å“ˆå°¼æ—å½æ—è‡ªæ²»å·æ²³å£ç‘¶æ—è‡ªæ²»å¿','area',1,NULL,NULL,NULL),('AreaCode','532600','äº‘å—çœæ–‡å±±å£®æ—è‹—æ—è‡ªæ²»å·','city',1,NULL,NULL,NULL),('AreaCode','532601','äº‘å—çœæ–‡å±±å£®æ—è‹—æ—è‡ªæ²»å·æ–‡å±±å¸‚','area',1,NULL,NULL,NULL),('AreaCode','532622','äº‘å—çœæ–‡å±±å£®æ—è‹—æ—è‡ªæ²»å·ç šå±±å¿','area',1,NULL,NULL,NULL),('AreaCode','532623','äº‘å—çœæ–‡å±±å£®æ—è‹—æ—è‡ªæ²»å·è¥¿ç•´å¿','area',1,NULL,NULL,NULL),('AreaCode','532624','äº‘å—çœæ–‡å±±å£®æ—è‹—æ—è‡ªæ²»å·éº»æ —å¡å¿','area',1,NULL,NULL,NULL),('AreaCode','532625','äº‘å—çœæ–‡å±±å£®æ—è‹—æ—è‡ªæ²»å·é©¬å…³å¿','area',1,NULL,NULL,NULL),('AreaCode','532626','äº‘å—çœæ–‡å±±å£®æ—è‹—æ—è‡ªæ²»å·ä¸˜åŒ—å¿','area',1,NULL,NULL,NULL),('AreaCode','532627','äº‘å—çœæ–‡å±±å£®æ—è‹—æ—è‡ªæ²»å·å¹¿å—å¿','area',1,NULL,NULL,NULL),('AreaCode','532628','äº‘å—çœæ–‡å±±å£®æ—è‹—æ—è‡ªæ²»å·å¯Œå®å¿','area',1,NULL,NULL,NULL),('AreaCode','532800','äº‘å—çœè¥¿åŒç‰ˆçº³å‚£æ—è‡ªæ²»å·','city',1,NULL,NULL,NULL),('AreaCode','532801','äº‘å—çœè¥¿åŒç‰ˆçº³å‚£æ—è‡ªæ²»å·æ™¯æ´ªå¸‚','area',1,NULL,NULL,NULL),('AreaCode','532822','äº‘å—çœè¥¿åŒç‰ˆçº³å‚£æ—è‡ªæ²»å·å‹æµ·å¿','area',1,NULL,NULL,NULL),('AreaCode','532823','äº‘å—çœè¥¿åŒç‰ˆçº³å‚£æ—è‡ªæ²»å·å‹è…Šå¿','area',1,NULL,NULL,NULL),('AreaCode','532900','äº‘å—çœå¤§ç†ç™½æ—è‡ªæ²»å·','city',1,NULL,NULL,NULL),('AreaCode','532901','äº‘å—çœå¤§ç†ç™½æ—è‡ªæ²»å·å¤§ç†å¸‚','area',1,NULL,NULL,NULL),('AreaCode','532922','äº‘å—çœå¤§ç†ç™½æ—è‡ªæ²»å·æ¼¾æ¿å½æ—è‡ªæ²»å¿','area',1,NULL,NULL,NULL),('AreaCode','532923','äº‘å—çœå¤§ç†ç™½æ—è‡ªæ²»å·ç¥¥äº‘å¿','area',1,NULL,NULL,NULL),('AreaCode','532924','äº‘å—çœå¤§ç†ç™½æ—è‡ªæ²»å·å®¾å·å¿','area',1,NULL,NULL,NULL),('AreaCode','532925','äº‘å—çœå¤§ç†ç™½æ—è‡ªæ²»å·å¼¥æ¸¡å¿','area',1,NULL,NULL,NULL),('AreaCode','532926','äº‘å—çœå¤§ç†ç™½æ—è‡ªæ²»å·å—æ¶§å½æ—è‡ªæ²»å¿','area',1,NULL,NULL,NULL),('AreaCode','532927','äº‘å—çœå¤§ç†ç™½æ—è‡ªæ²»å·å·å±±å½æ—å›æ—è‡ªæ²»å¿','area',1,NULL,NULL,NULL),('AreaCode','532928','äº‘å—çœå¤§ç†ç™½æ—è‡ªæ²»å·æ°¸å¹³å¿','area',1,NULL,NULL,NULL),('AreaCode','532929','äº‘å—çœå¤§ç†ç™½æ—è‡ªæ²»å·äº‘é¾™å¿','area',1,NULL,NULL,NULL),('AreaCode','532930','äº‘å—çœå¤§ç†ç™½æ—è‡ªæ²»å·æ´±æºå¿','area',1,NULL,NULL,NULL),('AreaCode','532931','äº‘å—çœå¤§ç†ç™½æ—è‡ªæ²»å·å‰‘å·å¿','area',1,NULL,NULL,NULL),('AreaCode','532932','äº‘å—çœå¤§ç†ç™½æ—è‡ªæ²»å·é¹¤åº†å¿','area',1,NULL,NULL,NULL),('AreaCode','533100','äº‘å—çœå¾·å®å‚£æ—æ™¯é¢‡æ—è‡ªæ²»å·','city',1,NULL,NULL,NULL),('AreaCode','533102','äº‘å—çœå¾·å®å‚£æ—æ™¯é¢‡æ—è‡ªæ²»å·ç‘ä¸½å¸‚','area',1,NULL,NULL,NULL),('AreaCode','533103','äº‘å—çœå¾·å®å‚£æ—æ™¯é¢‡æ—è‡ªæ²»å·èŠ’å¸‚','area',1,NULL,NULL,NULL),('AreaCode','533122','äº‘å—çœå¾·å®å‚£æ—æ™¯é¢‡æ—è‡ªæ²»å·æ¢æ²³å¿','area',1,NULL,NULL,NULL),('AreaCode','533123','äº‘å—çœå¾·å®å‚£æ—æ™¯é¢‡æ—è‡ªæ²»å·ç›ˆæ±Ÿå¿','area',1,NULL,NULL,NULL),('AreaCode','533124','äº‘å—çœå¾·å®å‚£æ—æ™¯é¢‡æ—è‡ªæ²»å·é™‡å·å¿','area',1,NULL,NULL,NULL),('AreaCode','533300','äº‘å—çœæ€’æ±Ÿå‚ˆåƒ³æ—è‡ªæ²»å·','city',1,NULL,NULL,NULL),('AreaCode','533301','äº‘å—çœæ€’æ±Ÿå‚ˆåƒ³æ—è‡ªæ²»å·æ³¸æ°´å¸‚','area',1,NULL,NULL,NULL),('AreaCode','533323','äº‘å—çœæ€’æ±Ÿå‚ˆåƒ³æ—è‡ªæ²»å·ç¦è´¡å¿','area',1,NULL,NULL,NULL),('AreaCode','533324','äº‘å—çœæ€’æ±Ÿå‚ˆåƒ³æ—è‡ªæ²»å·è´¡å±±ç‹¬é¾™æ—æ€’æ—è‡ªæ²»å¿','area',1,NULL,NULL,NULL),('AreaCode','533325','äº‘å—çœæ€’æ±Ÿå‚ˆåƒ³æ—è‡ªæ²»å·å…°åªç™½æ—æ™®ç±³æ—è‡ªæ²»å¿','area',1,NULL,NULL,NULL),('AreaCode','533400','äº‘å—çœè¿ªåº†è—æ—è‡ªæ²»å·','city',1,NULL,NULL,NULL),('AreaCode','533401','äº‘å—çœè¿ªåº†è—æ—è‡ªæ²»å·é¦™æ ¼é‡Œæ‹‰å¸‚','area',1,NULL,NULL,NULL),('AreaCode','533422','äº‘å—çœè¿ªåº†è—æ—è‡ªæ²»å·å¾·é’¦å¿','area',1,NULL,NULL,NULL),('AreaCode','533423','äº‘å—çœè¿ªåº†è—æ—è‡ªæ²»å·ç»´è¥¿å‚ˆåƒ³æ—è‡ªæ²»å¿','area',1,NULL,NULL,NULL),('AreaCode','540000','è¥¿è—è‡ªæ²»åŒº','province',1,NULL,NULL,NULL),('AreaCode','540100','è¥¿è—è‡ªæ²»åŒºæ‹‰è¨å¸‚','city',1,NULL,NULL,NULL),('AreaCode','540101','è¥¿è—è‡ªæ²»åŒºæ‹‰è¨å¸‚å¸‚è¾–åŒº','area',1,NULL,NULL,NULL),('AreaCode','540102','è¥¿è—è‡ªæ²»åŒºæ‹‰è¨å¸‚åŸå…³åŒº','area',1,NULL,NULL,NULL),('AreaCode','540103','è¥¿è—è‡ªæ²»åŒºæ‹‰è¨å¸‚å †é¾™å¾·åº†åŒº','area',1,NULL,NULL,NULL),('AreaCode','540121','è¥¿è—è‡ªæ²»åŒºæ‹‰è¨å¸‚æ—å‘¨å¿','area',1,NULL,NULL,NULL),('AreaCode','540122','è¥¿è—è‡ªæ²»åŒºæ‹‰è¨å¸‚å½“é›„å¿','area',1,NULL,NULL,NULL),('AreaCode','540123','è¥¿è—è‡ªæ²»åŒºæ‹‰è¨å¸‚å°¼æœ¨å¿','area',1,NULL,NULL,NULL),('AreaCode','540124','è¥¿è—è‡ªæ²»åŒºæ‹‰è¨å¸‚æ›²æ°´å¿','area',1,NULL,NULL,NULL),('AreaCode','540126','è¥¿è—è‡ªæ²»åŒºæ‹‰è¨å¸‚è¾¾å­œå¿','area',1,NULL,NULL,NULL),('AreaCode','540127','è¥¿è—è‡ªæ²»åŒºæ‹‰è¨å¸‚å¢¨ç«¹å·¥å¡å¿','area',1,NULL,NULL,NULL),('AreaCode','540200','è¥¿è—è‡ªæ²»åŒºæ—¥å–€åˆ™å¸‚','city',1,NULL,NULL,NULL),('AreaCode','540202','è¥¿è—è‡ªæ²»åŒºæ—¥å–€åˆ™å¸‚æ¡‘ç å­œåŒº','area',1,NULL,NULL,NULL),('AreaCode','540221','è¥¿è—è‡ªæ²»åŒºæ—¥å–€åˆ™å¸‚å—æœ¨æ—å¿','area',1,NULL,NULL,NULL),('AreaCode','540222','è¥¿è—è‡ªæ²»åŒºæ—¥å–€åˆ™å¸‚æ±Ÿå­œå¿','area',1,NULL,NULL,NULL),('AreaCode','540223','è¥¿è—è‡ªæ²»åŒºæ—¥å–€åˆ™å¸‚å®šæ—¥å¿','area',1,NULL,NULL,NULL),('AreaCode','540224','è¥¿è—è‡ªæ²»åŒºæ—¥å–€åˆ™å¸‚è¨è¿¦å¿','area',1,NULL,NULL,NULL),('AreaCode','540225','è¥¿è—è‡ªæ²»åŒºæ—¥å–€åˆ™å¸‚æ‹‰å­œå¿','area',1,NULL,NULL,NULL),('AreaCode','540226','è¥¿è—è‡ªæ²»åŒºæ—¥å–€åˆ™å¸‚æ˜‚ä»å¿','area',1,NULL,NULL,NULL),('AreaCode','540227','è¥¿è—è‡ªæ²»åŒºæ—¥å–€åˆ™å¸‚è°¢é€šé—¨å¿','area',1,NULL,NULL,NULL),('AreaCode','540228','è¥¿è—è‡ªæ²»åŒºæ—¥å–€åˆ™å¸‚ç™½æœ—å¿','area',1,NULL,NULL,NULL),('AreaCode','540229','è¥¿è—è‡ªæ²»åŒºæ—¥å–€åˆ™å¸‚ä»å¸ƒå¿','area',1,NULL,NULL,NULL),('AreaCode','540230','è¥¿è—è‡ªæ²»åŒºæ—¥å–€åˆ™å¸‚åº·é©¬å¿','area',1,NULL,NULL,NULL),('AreaCode','540231','è¥¿è—è‡ªæ²»åŒºæ—¥å–€åˆ™å¸‚å®šç»“å¿','area',1,NULL,NULL,NULL),('AreaCode','540232','è¥¿è—è‡ªæ²»åŒºæ—¥å–€åˆ™å¸‚ä»²å·´å¿','area',1,NULL,NULL,NULL),('AreaCode','540233','è¥¿è—è‡ªæ²»åŒºæ—¥å–€åˆ™å¸‚äºšä¸œå¿','area',1,NULL,NULL,NULL),('AreaCode','540234','è¥¿è—è‡ªæ²»åŒºæ—¥å–€åˆ™å¸‚å‰éš†å¿','area',1,NULL,NULL,NULL),('AreaCode','540235','è¥¿è—è‡ªæ²»åŒºæ—¥å–€åˆ™å¸‚è‚æ‹‰æœ¨å¿','area',1,NULL,NULL,NULL),('AreaCode','540236','è¥¿è—è‡ªæ²»åŒºæ—¥å–€åˆ™å¸‚è¨å˜å¿','area',1,NULL,NULL,NULL),('AreaCode','540237','è¥¿è—è‡ªæ²»åŒºæ—¥å–€åˆ™å¸‚å²—å·´å¿','area',1,NULL,NULL,NULL),('AreaCode','540300','è¥¿è—è‡ªæ²»åŒºæ˜Œéƒ½å¸‚','city',1,NULL,NULL,NULL),('AreaCode','540302','è¥¿è—è‡ªæ²»åŒºæ˜Œéƒ½å¸‚å¡è‹¥åŒº','area',1,NULL,NULL,NULL),('AreaCode','540321','è¥¿è—è‡ªæ²»åŒºæ˜Œéƒ½å¸‚æ±Ÿè¾¾å¿','area',1,NULL,NULL,NULL),('AreaCode','540322','è¥¿è—è‡ªæ²»åŒºæ˜Œéƒ½å¸‚è´¡è§‰å¿','area',1,NULL,NULL,NULL),('AreaCode','540323','è¥¿è—è‡ªæ²»åŒºæ˜Œéƒ½å¸‚ç±»ä¹Œé½å¿','area',1,NULL,NULL,NULL),('AreaCode','540324','è¥¿è—è‡ªæ²»åŒºæ˜Œéƒ½å¸‚ä¸é’å¿','area',1,NULL,NULL,NULL),('AreaCode','540325','è¥¿è—è‡ªæ²»åŒºæ˜Œéƒ½å¸‚å¯Ÿé›…å¿','area',1,NULL,NULL,NULL),('AreaCode','540326','è¥¿è—è‡ªæ²»åŒºæ˜Œéƒ½å¸‚å…«å®¿å¿','area',1,NULL,NULL,NULL),('AreaCode','540327','è¥¿è—è‡ªæ²»åŒºæ˜Œéƒ½å¸‚å·¦è´¡å¿','area',1,NULL,NULL,NULL),('AreaCode','540328','è¥¿è—è‡ªæ²»åŒºæ˜Œéƒ½å¸‚èŠ’åº·å¿','area',1,NULL,NULL,NULL),('AreaCode','540329','è¥¿è—è‡ªæ²»åŒºæ˜Œéƒ½å¸‚æ´›éš†å¿','area',1,NULL,NULL,NULL),('AreaCode','540330','è¥¿è—è‡ªæ²»åŒºæ˜Œéƒ½å¸‚è¾¹åå¿','area',1,NULL,NULL,NULL),('AreaCode','540400','è¥¿è—è‡ªæ²»åŒºæ—èŠå¸‚','city',1,NULL,NULL,NULL),('AreaCode','540402','è¥¿è—è‡ªæ²»åŒºæ—èŠå¸‚å·´å®œåŒº','area',1,NULL,NULL,NULL),('AreaCode','540421','è¥¿è—è‡ªæ²»åŒºæ—èŠå¸‚å·¥å¸ƒæ±Ÿè¾¾å¿','area',1,NULL,NULL,NULL),('AreaCode','540422','è¥¿è—è‡ªæ²»åŒºæ—èŠå¸‚ç±³æ—å¿','area',1,NULL,NULL,NULL),('AreaCode','540423','è¥¿è—è‡ªæ²»åŒºæ—èŠå¸‚å¢¨è„±å¿','area',1,NULL,NULL,NULL),('AreaCode','540424','è¥¿è—è‡ªæ²»åŒºæ—èŠå¸‚æ³¢å¯†å¿','area',1,NULL,NULL,NULL),('AreaCode','540425','è¥¿è—è‡ªæ²»åŒºæ—èŠå¸‚å¯Ÿéš…å¿','area',1,NULL,NULL,NULL),('AreaCode','540426','è¥¿è—è‡ªæ²»åŒºæ—èŠå¸‚æœ—å¿','area',1,NULL,NULL,NULL),('AreaCode','540500','è¥¿è—è‡ªæ²»åŒºå±±å—å¸‚','city',1,NULL,NULL,NULL),('AreaCode','540501','è¥¿è—è‡ªæ²»åŒºå±±å—å¸‚å¸‚è¾–åŒº','area',1,NULL,NULL,NULL),('AreaCode','540502','è¥¿è—è‡ªæ²»åŒºå±±å—å¸‚ä¹ƒä¸œåŒº','area',1,NULL,NULL,NULL),('AreaCode','540521','è¥¿è—è‡ªæ²»åŒºå±±å—å¸‚æ‰å›Šå¿','area',1,NULL,NULL,NULL),('AreaCode','540522','è¥¿è—è‡ªæ²»åŒºå±±å—å¸‚è´¡å˜å¿','area',1,NULL,NULL,NULL),('AreaCode','540523','è¥¿è—è‡ªæ²»åŒºå±±å—å¸‚æ¡‘æ—¥å¿','area',1,NULL,NULL,NULL),('AreaCode','540524','è¥¿è—è‡ªæ²»åŒºå±±å—å¸‚ç¼ç»“å¿','area',1,NULL,NULL,NULL),('AreaCode','540525','è¥¿è—è‡ªæ²»åŒºå±±å—å¸‚æ›²æ¾å¿','area',1,NULL,NULL,NULL),('AreaCode','540526','è¥¿è—è‡ªæ²»åŒºå±±å—å¸‚æªç¾å¿','area',1,NULL,NULL,NULL),('AreaCode','540527','è¥¿è—è‡ªæ²»åŒºå±±å—å¸‚æ´›æ‰å¿','area',1,NULL,NULL,NULL),('AreaCode','540528','è¥¿è—è‡ªæ²»åŒºå±±å—å¸‚åŠ æŸ¥å¿','area',1,NULL,NULL,NULL),('AreaCode','540529','è¥¿è—è‡ªæ²»åŒºå±±å—å¸‚éš†å­å¿','area',1,NULL,NULL,NULL),('AreaCode','540530','è¥¿è—è‡ªæ²»åŒºå±±å—å¸‚é”™é‚£å¿','area',1,NULL,NULL,NULL),('AreaCode','540531','è¥¿è—è‡ªæ²»åŒºå±±å—å¸‚æµªå¡å­å¿','area',1,NULL,NULL,NULL),('AreaCode','542400','è¥¿è—è‡ªæ²»åŒºé‚£æ›²åœ°åŒº','city',1,NULL,NULL,NULL),('AreaCode','542421','è¥¿è—è‡ªæ²»åŒºé‚£æ›²åœ°åŒºé‚£æ›²å¿','area',1,NULL,NULL,NULL),('AreaCode','542422','è¥¿è—è‡ªæ²»åŒºé‚£æ›²åœ°åŒºå˜‰é»å¿','area',1,NULL,NULL,NULL),('AreaCode','542423','è¥¿è—è‡ªæ²»åŒºé‚£æ›²åœ°åŒºæ¯”å¦‚å¿','area',1,NULL,NULL,NULL),('AreaCode','542424','è¥¿è—è‡ªæ²»åŒºé‚£æ›²åœ°åŒºè‚è£å¿','area',1,NULL,NULL,NULL),('AreaCode','542425','è¥¿è—è‡ªæ²»åŒºé‚£æ›²åœ°åŒºå®‰å¤šå¿','area',1,NULL,NULL,NULL),('AreaCode','542426','è¥¿è—è‡ªæ²»åŒºé‚£æ›²åœ°åŒºç”³æ‰å¿','area',1,NULL,NULL,NULL),('AreaCode','542427','è¥¿è—è‡ªæ²»åŒºé‚£æ›²åœ°åŒºç´¢å¿','area',1,NULL,NULL,NULL),('AreaCode','542428','è¥¿è—è‡ªæ²»åŒºé‚£æ›²åœ°åŒºç­æˆˆå¿','area',1,NULL,NULL,NULL),('AreaCode','542429','è¥¿è—è‡ªæ²»åŒºé‚£æ›²åœ°åŒºå·´é’å¿','area',1,NULL,NULL,NULL),('AreaCode','542430','è¥¿è—è‡ªæ²»åŒºé‚£æ›²åœ°åŒºå°¼ç›å¿','area',1,NULL,NULL,NULL),('AreaCode','542431','è¥¿è—è‡ªæ²»åŒºé‚£æ›²åœ°åŒºåŒæ¹–å¿','area',1,NULL,NULL,NULL),('AreaCode','542500','è¥¿è—è‡ªæ²»åŒºé˜¿é‡Œåœ°åŒº','city',1,NULL,NULL,NULL),('AreaCode','542521','è¥¿è—è‡ªæ²»åŒºé˜¿é‡Œåœ°åŒºæ™®å…°å¿','area',1,NULL,NULL,NULL),('AreaCode','542522','è¥¿è—è‡ªæ²»åŒºé˜¿é‡Œåœ°åŒºæœ­è¾¾å¿','area',1,NULL,NULL,NULL),('AreaCode','542523','è¥¿è—è‡ªæ²»åŒºé˜¿é‡Œåœ°åŒºå™¶å°”å¿','area',1,NULL,NULL,NULL),('AreaCode','542524','è¥¿è—è‡ªæ²»åŒºé˜¿é‡Œåœ°åŒºæ—¥åœŸå¿','area',1,NULL,NULL,NULL),('AreaCode','542525','è¥¿è—è‡ªæ²»åŒºé˜¿é‡Œåœ°åŒºé©å‰å¿','area',1,NULL,NULL,NULL),('AreaCode','542526','è¥¿è—è‡ªæ²»åŒºé˜¿é‡Œåœ°åŒºæ”¹åˆ™å¿','area',1,NULL,NULL,NULL),('AreaCode','542527','è¥¿è—è‡ªæ²»åŒºé˜¿é‡Œåœ°åŒºæªå‹¤å¿','area',1,NULL,NULL,NULL),('AreaCode','610000','é™•è¥¿çœ','province',1,NULL,NULL,NULL),('AreaCode','610100','é™•è¥¿çœè¥¿å®‰å¸‚','city',1,NULL,NULL,NULL),('AreaCode','610101','é™•è¥¿çœè¥¿å®‰å¸‚å¸‚è¾–åŒº','area',1,NULL,NULL,NULL),('AreaCode','610102','é™•è¥¿çœè¥¿å®‰å¸‚æ–°åŸåŒº','area',1,NULL,NULL,NULL),('AreaCode','610103','é™•è¥¿çœè¥¿å®‰å¸‚ç¢‘æ—åŒº','area',1,NULL,NULL,NULL),('AreaCode','610104','é™•è¥¿çœè¥¿å®‰å¸‚è²æ¹–åŒº','area',1,NULL,NULL,NULL),('AreaCode','610111','é™•è¥¿çœè¥¿å®‰å¸‚çæ¡¥åŒº','area',1,NULL,NULL,NULL),('AreaCode','610112','é™•è¥¿çœè¥¿å®‰å¸‚æœªå¤®åŒº','area',1,NULL,NULL,NULL),('AreaCode','610113','é™•è¥¿çœè¥¿å®‰å¸‚é›å¡”åŒº','area',1,NULL,NULL,NULL),('AreaCode','610114','é™•è¥¿çœè¥¿å®‰å¸‚é˜è‰¯åŒº','area',1,NULL,NULL,NULL),('AreaCode','610115','é™•è¥¿çœè¥¿å®‰å¸‚ä¸´æ½¼åŒº','area',1,NULL,NULL,NULL),('AreaCode','610116','é™•è¥¿çœè¥¿å®‰å¸‚é•¿å®‰åŒº','area',1,NULL,NULL,NULL),('AreaCode','610117','é™•è¥¿çœè¥¿å®‰å¸‚é«˜é™µåŒº','area',1,NULL,NULL,NULL),('AreaCode','610122','é™•è¥¿çœè¥¿å®‰å¸‚è“ç”°å¿','area',1,NULL,NULL,NULL),('AreaCode','610124','é™•è¥¿çœè¥¿å®‰å¸‚å‘¨è‡³å¿','area',1,NULL,NULL,NULL),('AreaCode','610125','é™•è¥¿çœè¥¿å®‰å¸‚æˆ·å¿','area',1,NULL,NULL,NULL),('AreaCode','610200','é™•è¥¿çœé“œå·å¸‚','city',1,NULL,NULL,NULL),('AreaCode','610201','é™•è¥¿çœé“œå·å¸‚å¸‚è¾–åŒº','area',1,NULL,NULL,NULL),('AreaCode','610202','é™•è¥¿çœé“œå·å¸‚ç‹ç›ŠåŒº','area',1,NULL,NULL,NULL),('AreaCode','610203','é™•è¥¿çœé“œå·å¸‚å°å°åŒº','area',1,NULL,NULL,NULL),('AreaCode','610204','é™•è¥¿çœé“œå·å¸‚è€€å·åŒº','area',1,NULL,NULL,NULL),('AreaCode','610222','é™•è¥¿çœé“œå·å¸‚å®œå›å¿','area',1,NULL,NULL,NULL),('AreaCode','610300','é™•è¥¿çœå®é¸¡å¸‚','city',1,NULL,NULL,NULL),('AreaCode','610301','é™•è¥¿çœå®é¸¡å¸‚å¸‚è¾–åŒº','area',1,NULL,NULL,NULL),('AreaCode','610302','é™•è¥¿çœå®é¸¡å¸‚æ¸­æ»¨åŒº','area',1,NULL,NULL,NULL),('AreaCode','610303','é™•è¥¿çœå®é¸¡å¸‚é‡‘å°åŒº','area',1,NULL,NULL,NULL),('AreaCode','610304','é™•è¥¿çœå®é¸¡å¸‚é™ˆä»“åŒº','area',1,NULL,NULL,NULL),('AreaCode','610322','é™•è¥¿çœå®é¸¡å¸‚å‡¤ç¿”å¿','area',1,NULL,NULL,NULL),('AreaCode','610323','é™•è¥¿çœå®é¸¡å¸‚å²å±±å¿','area',1,NULL,NULL,NULL),('AreaCode','610324','é™•è¥¿çœå®é¸¡å¸‚æ‰¶é£å¿','area',1,NULL,NULL,NULL),('AreaCode','610326','é™•è¥¿çœå®é¸¡å¸‚çœ‰å¿','area',1,NULL,NULL,NULL),('AreaCode','610327','é™•è¥¿çœå®é¸¡å¸‚é™‡å¿','area',1,NULL,NULL,NULL),('AreaCode','610328','é™•è¥¿çœå®é¸¡å¸‚åƒé˜³å¿','area',1,NULL,NULL,NULL),('AreaCode','610329','é™•è¥¿çœå®é¸¡å¸‚éºŸæ¸¸å¿','area',1,NULL,NULL,NULL),('AreaCode','610330','é™•è¥¿çœå®é¸¡å¸‚å‡¤å¿','area',1,NULL,NULL,NULL),('AreaCode','610331','é™•è¥¿çœå®é¸¡å¸‚å¤ªç™½å¿','area',1,NULL,NULL,NULL),('AreaCode','610400','é™•è¥¿çœå’¸é˜³å¸‚','city',1,NULL,NULL,NULL),('AreaCode','610401','é™•è¥¿çœå’¸é˜³å¸‚å¸‚è¾–åŒº','area',1,NULL,NULL,NULL),('AreaCode','610402','é™•è¥¿çœå’¸é˜³å¸‚ç§¦éƒ½åŒº','area',1,NULL,NULL,NULL),('AreaCode','610403','é™•è¥¿çœå’¸é˜³å¸‚æ¨é™µåŒº','area',1,NULL,NULL,NULL),('AreaCode','610404','é™•è¥¿çœå’¸é˜³å¸‚æ¸­åŸåŒº','area',1,NULL,NULL,NULL),('AreaCode','610422','é™•è¥¿çœå’¸é˜³å¸‚ä¸‰åŸå¿','area',1,NULL,NULL,NULL),('AreaCode','610423','é™•è¥¿çœå’¸é˜³å¸‚æ³¾é˜³å¿','area',1,NULL,NULL,NULL),('AreaCode','610424','é™•è¥¿çœå’¸é˜³å¸‚ä¹¾å¿','area',1,NULL,NULL,NULL),('AreaCode','610425','é™•è¥¿çœå’¸é˜³å¸‚ç¤¼æ³‰å¿','area',1,NULL,NULL,NULL),('AreaCode','610426','é™•è¥¿çœå’¸é˜³å¸‚æ°¸å¯¿å¿','area',1,NULL,NULL,NULL),('AreaCode','610427','é™•è¥¿çœå’¸é˜³å¸‚å½¬å¿','area',1,NULL,NULL,NULL),('AreaCode','610428','é™•è¥¿çœå’¸é˜³å¸‚é•¿æ­¦å¿','area',1,NULL,NULL,NULL),('AreaCode','610429','é™•è¥¿çœå’¸é˜³å¸‚æ—¬é‚‘å¿','area',1,NULL,NULL,NULL),('AreaCode','610430','é™•è¥¿çœå’¸é˜³å¸‚æ·³åŒ–å¿','area',1,NULL,NULL,NULL),('AreaCode','610431','é™•è¥¿çœå’¸é˜³å¸‚æ­¦åŠŸå¿','area',1,NULL,NULL,NULL),('AreaCode','610481','é™•è¥¿çœå’¸é˜³å¸‚å…´å¹³å¸‚','area',1,NULL,NULL,NULL),('AreaCode','610500','é™•è¥¿çœæ¸­å—å¸‚','city',1,NULL,NULL,NULL),('AreaCode','610501','é™•è¥¿çœæ¸­å—å¸‚å¸‚è¾–åŒº','area',1,NULL,NULL,NULL),('AreaCode','610502','é™•è¥¿çœæ¸­å—å¸‚ä¸´æ¸­åŒº','area',1,NULL,NULL,NULL),('AreaCode','610503','é™•è¥¿çœæ¸­å—å¸‚åå·åŒº','area',1,NULL,NULL,NULL),('AreaCode','610522','é™•è¥¿çœæ¸­å—å¸‚æ½¼å…³å¿','area',1,NULL,NULL,NULL),('AreaCode','610523','é™•è¥¿çœæ¸­å—å¸‚å¤§è”å¿','area',1,NULL,NULL,NULL),('AreaCode','610524','é™•è¥¿çœæ¸­å—å¸‚åˆé˜³å¿','area',1,NULL,NULL,NULL),('AreaCode','610525','é™•è¥¿çœæ¸­å—å¸‚æ¾„åŸå¿','area',1,NULL,NULL,NULL),('AreaCode','610526','é™•è¥¿çœæ¸­å—å¸‚è’²åŸå¿','area',1,NULL,NULL,NULL),('AreaCode','610527','é™•è¥¿çœæ¸­å—å¸‚ç™½æ°´å¿','area',1,NULL,NULL,NULL),('AreaCode','610528','é™•è¥¿çœæ¸­å—å¸‚å¯Œå¹³å¿','area',1,NULL,NULL,NULL),('AreaCode','610581','é™•è¥¿çœæ¸­å—å¸‚éŸ©åŸå¸‚','area',1,NULL,NULL,NULL),('AreaCode','610582','é™•è¥¿çœæ¸­å—å¸‚åé˜´å¸‚','area',1,NULL,NULL,NULL),('AreaCode','610600','é™•è¥¿çœå»¶å®‰å¸‚','city',1,NULL,NULL,NULL),('AreaCode','610601','é™•è¥¿çœå»¶å®‰å¸‚å¸‚è¾–åŒº','area',1,NULL,NULL,NULL),('AreaCode','610602','é™•è¥¿çœå»¶å®‰å¸‚å®å¡”åŒº','area',1,NULL,NULL,NULL),('AreaCode','610603','é™•è¥¿çœå»¶å®‰å¸‚å®‰å¡åŒº','area',1,NULL,NULL,NULL),('AreaCode','610621','é™•è¥¿çœå»¶å®‰å¸‚å»¶é•¿å¿','area',1,NULL,NULL,NULL),('AreaCode','610622','é™•è¥¿çœå»¶å®‰å¸‚å»¶å·å¿','area',1,NULL,NULL,NULL),('AreaCode','610623','é™•è¥¿çœå»¶å®‰å¸‚å­é•¿å¿','area',1,NULL,NULL,NULL),('AreaCode','610625','é™•è¥¿çœå»¶å®‰å¸‚å¿—ä¸¹å¿','area',1,NULL,NULL,NULL),('AreaCode','610626','é™•è¥¿çœå»¶å®‰å¸‚å´èµ·å¿','area',1,NULL,NULL,NULL),('AreaCode','610627','é™•è¥¿çœå»¶å®‰å¸‚ç”˜æ³‰å¿','area',1,NULL,NULL,NULL),('AreaCode','610628','é™•è¥¿çœå»¶å®‰å¸‚å¯Œå¿','area',1,NULL,NULL,NULL),('AreaCode','610629','é™•è¥¿çœå»¶å®‰å¸‚æ´›å·å¿','area',1,NULL,NULL,NULL),('AreaCode','610630','é™•è¥¿çœå»¶å®‰å¸‚å®œå·å¿','area',1,NULL,NULL,NULL),('AreaCode','610631','é™•è¥¿çœå»¶å®‰å¸‚é»„é¾™å¿','area',1,NULL,NULL,NULL),('AreaCode','610632','é™•è¥¿çœå»¶å®‰å¸‚é»„é™µå¿','area',1,NULL,NULL,NULL),('AreaCode','610700','é™•è¥¿çœæ±‰ä¸­å¸‚','city',1,NULL,NULL,NULL),('AreaCode','610701','é™•è¥¿çœæ±‰ä¸­å¸‚å¸‚è¾–åŒº','area',1,NULL,NULL,NULL),('AreaCode','610702','é™•è¥¿çœæ±‰ä¸­å¸‚æ±‰å°åŒº','area',1,NULL,NULL,NULL),('AreaCode','610721','é™•è¥¿çœæ±‰ä¸­å¸‚å—éƒ‘å¿','area',1,NULL,NULL,NULL),('AreaCode','610722','é™•è¥¿çœæ±‰ä¸­å¸‚åŸå›ºå¿','area',1,NULL,NULL,NULL),('AreaCode','610723','é™•è¥¿çœæ±‰ä¸­å¸‚æ´‹å¿','area',1,NULL,NULL,NULL),('AreaCode','610724','é™•è¥¿çœæ±‰ä¸­å¸‚è¥¿ä¹¡å¿','area',1,NULL,NULL,NULL),('AreaCode','610725','é™•è¥¿çœæ±‰ä¸­å¸‚å‹‰å¿','area',1,NULL,NULL,NULL),('AreaCode','610726','é™•è¥¿çœæ±‰ä¸­å¸‚å®å¼ºå¿','area',1,NULL,NULL,NULL),('AreaCode','610727','é™•è¥¿çœæ±‰ä¸­å¸‚ç•¥é˜³å¿','area',1,NULL,NULL,NULL),('AreaCode','610728','é™•è¥¿çœæ±‰ä¸­å¸‚é•‡å·´å¿','area',1,NULL,NULL,NULL),('AreaCode','610729','é™•è¥¿çœæ±‰ä¸­å¸‚ç•™åå¿','area',1,NULL,NULL,NULL),('AreaCode','610730','é™•è¥¿çœæ±‰ä¸­å¸‚ä½›åªå¿','area',1,NULL,NULL,NULL),('AreaCode','610800','é™•è¥¿çœæ¦†æ—å¸‚','city',1,NULL,NULL,NULL),('AreaCode','610801','é™•è¥¿çœæ¦†æ—å¸‚å¸‚è¾–åŒº','area',1,NULL,NULL,NULL),('AreaCode','610802','é™•è¥¿çœæ¦†æ—å¸‚æ¦†é˜³åŒº','area',1,NULL,NULL,NULL),('AreaCode','610803','é™•è¥¿çœæ¦†æ—å¸‚æ¨ªå±±åŒº','area',1,NULL,NULL,NULL),('AreaCode','610821','é™•è¥¿çœæ¦†æ—å¸‚ç¥æœ¨å¿','area',1,NULL,NULL,NULL),('AreaCode','610822','é™•è¥¿çœæ¦†æ—å¸‚åºœè°·å¿','area',1,NULL,NULL,NULL),('AreaCode','610824','é™•è¥¿çœæ¦†æ—å¸‚é–è¾¹å¿','area',1,NULL,NULL,NULL),('AreaCode','610825','é™•è¥¿çœæ¦†æ—å¸‚å®šè¾¹å¿','area',1,NULL,NULL,NULL),('AreaCode','610826','é™•è¥¿çœæ¦†æ—å¸‚ç»¥å¾·å¿','area',1,NULL,NULL,NULL),('AreaCode','610827','é™•è¥¿çœæ¦†æ—å¸‚ç±³è„‚å¿','area',1,NULL,NULL,NULL),('AreaCode','610828','é™•è¥¿çœæ¦†æ—å¸‚ä½³å¿','area',1,NULL,NULL,NULL),('AreaCode','610829','é™•è¥¿çœæ¦†æ—å¸‚å´å ¡å¿','area',1,NULL,NULL,NULL),('AreaCode','610830','é™•è¥¿çœæ¦†æ—å¸‚æ¸…æ¶§å¿','area',1,NULL,NULL,NULL),('AreaCode','610831','é™•è¥¿çœæ¦†æ—å¸‚å­æ´²å¿','area',1,NULL,NULL,NULL),('AreaCode','610900','é™•è¥¿çœå®‰åº·å¸‚','city',1,NULL,NULL,NULL),('AreaCode','610901','é™•è¥¿çœå®‰åº·å¸‚å¸‚è¾–åŒº','area',1,NULL,NULL,NULL),('AreaCode','610902','é™•è¥¿çœå®‰åº·å¸‚æ±‰æ»¨åŒº','area',1,NULL,NULL,NULL),('AreaCode','610921','é™•è¥¿çœå®‰åº·å¸‚æ±‰é˜´å¿','area',1,NULL,NULL,NULL),('AreaCode','610922','é™•è¥¿çœå®‰åº·å¸‚çŸ³æ³‰å¿','area',1,NULL,NULL,NULL),('AreaCode','610923','é™•è¥¿çœå®‰åº·å¸‚å®é™•å¿','area',1,NULL,NULL,NULL),('AreaCode','610924','é™•è¥¿çœå®‰åº·å¸‚ç´«é˜³å¿','area',1,NULL,NULL,NULL),('AreaCode','610925','é™•è¥¿çœå®‰åº·å¸‚å²šçš‹å¿','area',1,NULL,NULL,NULL),('AreaCode','610926','é™•è¥¿çœå®‰åº·å¸‚å¹³åˆ©å¿','area',1,NULL,NULL,NULL),('AreaCode','610927','é™•è¥¿çœå®‰åº·å¸‚é•‡åªå¿','area',1,NULL,NULL,NULL),('AreaCode','610928','é™•è¥¿çœå®‰åº·å¸‚æ—¬é˜³å¿','area',1,NULL,NULL,NULL),('AreaCode','610929','é™•è¥¿çœå®‰åº·å¸‚ç™½æ²³å¿','area',1,NULL,NULL,NULL),('AreaCode','611000','é™•è¥¿çœå•†æ´›å¸‚','city',1,NULL,NULL,NULL),('AreaCode','611001','é™•è¥¿çœå•†æ´›å¸‚å¸‚è¾–åŒº','area',1,NULL,NULL,NULL),('AreaCode','611002','é™•è¥¿çœå•†æ´›å¸‚å•†å·åŒº','area',1,NULL,NULL,NULL),('AreaCode','611021','é™•è¥¿çœå•†æ´›å¸‚æ´›å—å¿','area',1,NULL,NULL,NULL),('AreaCode','611022','é™•è¥¿çœå•†æ´›å¸‚ä¸¹å‡¤å¿','area',1,NULL,NULL,NULL),('AreaCode','611023','é™•è¥¿çœå•†æ´›å¸‚å•†å—å¿','area',1,NULL,NULL,NULL),('AreaCode','611024','é™•è¥¿çœå•†æ´›å¸‚å±±é˜³å¿','area',1,NULL,NULL,NULL),('AreaCode','611025','é™•è¥¿çœå•†æ´›å¸‚é•‡å®‰å¿','area',1,NULL,NULL,NULL),('AreaCode','611026','é™•è¥¿çœå•†æ´›å¸‚æŸæ°´å¿','area',1,NULL,NULL,NULL),('AreaCode','620000','ç”˜è‚ƒçœ','province',1,NULL,NULL,NULL),('AreaCode','620100','ç”˜è‚ƒçœå…°å·å¸‚','city',1,NULL,NULL,NULL),('AreaCode','620101','ç”˜è‚ƒçœå…°å·å¸‚å¸‚è¾–åŒº','area',1,NULL,NULL,NULL),('AreaCode','620102','ç”˜è‚ƒçœå…°å·å¸‚åŸå…³åŒº','area',1,NULL,NULL,NULL),('AreaCode','620103','ç”˜è‚ƒçœå…°å·å¸‚ä¸ƒé‡Œæ²³åŒº','area',1,NULL,NULL,NULL),('AreaCode','620104','ç”˜è‚ƒçœå…°å·å¸‚è¥¿å›ºåŒº','area',1,NULL,NULL,NULL),('AreaCode','620105','ç”˜è‚ƒçœå…°å·å¸‚å®‰å®åŒº','area',1,NULL,NULL,NULL),('AreaCode','620111','ç”˜è‚ƒçœå…°å·å¸‚çº¢å¤åŒº','area',1,NULL,NULL,NULL),('AreaCode','620121','ç”˜è‚ƒçœå…°å·å¸‚æ°¸ç™»å¿','area',1,NULL,NULL,NULL),('AreaCode','620122','ç”˜è‚ƒçœå…°å·å¸‚çš‹å…°å¿','area',1,NULL,NULL,NULL),('AreaCode','620123','ç”˜è‚ƒçœå…°å·å¸‚æ¦†ä¸­å¿','area',1,NULL,NULL,NULL),('AreaCode','620200','ç”˜è‚ƒçœå˜‰å³ªå…³å¸‚','city',1,NULL,NULL,NULL),('AreaCode','620201','ç”˜è‚ƒçœå˜‰å³ªå…³å¸‚å¸‚è¾–åŒº','area',1,NULL,NULL,NULL),('AreaCode','620300','ç”˜è‚ƒçœé‡‘æ˜Œå¸‚','city',1,NULL,NULL,NULL),('AreaCode','620301','ç”˜è‚ƒçœé‡‘æ˜Œå¸‚å¸‚è¾–åŒº','area',1,NULL,NULL,NULL),('AreaCode','620302','ç”˜è‚ƒçœé‡‘æ˜Œå¸‚é‡‘å·åŒº','area',1,NULL,NULL,NULL),('AreaCode','620321','ç”˜è‚ƒçœé‡‘æ˜Œå¸‚æ°¸æ˜Œå¿','area',1,NULL,NULL,NULL),('AreaCode','620400','ç”˜è‚ƒçœç™½é“¶å¸‚','city',1,NULL,NULL,NULL),('AreaCode','620401','ç”˜è‚ƒçœç™½é“¶å¸‚å¸‚è¾–åŒº','area',1,NULL,NULL,NULL),('AreaCode','620402','ç”˜è‚ƒçœç™½é“¶å¸‚ç™½é“¶åŒº','area',1,NULL,NULL,NULL),('AreaCode','620403','ç”˜è‚ƒçœç™½é“¶å¸‚å¹³å·åŒº','area',1,NULL,NULL,NULL),('AreaCode','620421','ç”˜è‚ƒçœç™½é“¶å¸‚é–è¿œå¿','area',1,NULL,NULL,NULL),('AreaCode','620422','ç”˜è‚ƒçœç™½é“¶å¸‚ä¼šå®å¿','area',1,NULL,NULL,NULL),('AreaCode','620423','ç”˜è‚ƒçœç™½é“¶å¸‚æ™¯æ³°å¿','area',1,NULL,NULL,NULL),('AreaCode','620500','ç”˜è‚ƒçœå¤©æ°´å¸‚','city',1,NULL,NULL,NULL),('AreaCode','620501','ç”˜è‚ƒçœå¤©æ°´å¸‚å¸‚è¾–åŒº','area',1,NULL,NULL,NULL),('AreaCode','620502','ç”˜è‚ƒçœå¤©æ°´å¸‚ç§¦å·åŒº','area',1,NULL,NULL,NULL),('AreaCode','620503','ç”˜è‚ƒçœå¤©æ°´å¸‚éº¦ç§¯åŒº','area',1,NULL,NULL,NULL),('AreaCode','620521','ç”˜è‚ƒçœå¤©æ°´å¸‚æ¸…æ°´å¿','area',1,NULL,NULL,NULL),('AreaCode','620522','ç”˜è‚ƒçœå¤©æ°´å¸‚ç§¦å®‰å¿','area',1,NULL,NULL,NULL),('AreaCode','620523','ç”˜è‚ƒçœå¤©æ°´å¸‚ç”˜è°·å¿','area',1,NULL,NULL,NULL),('AreaCode','620524','ç”˜è‚ƒçœå¤©æ°´å¸‚æ­¦å±±å¿','area',1,NULL,NULL,NULL),('AreaCode','620525','ç”˜è‚ƒçœå¤©æ°´å¸‚å¼ å®¶å·å›æ—è‡ªæ²»å¿','area',1,NULL,NULL,NULL),('AreaCode','620600','ç”˜è‚ƒçœæ­¦å¨å¸‚','city',1,NULL,NULL,NULL),('AreaCode','620601','ç”˜è‚ƒçœæ­¦å¨å¸‚å¸‚è¾–åŒº','area',1,NULL,NULL,NULL),('AreaCode','620602','ç”˜è‚ƒçœæ­¦å¨å¸‚å‡‰å·åŒº','area',1,NULL,NULL,NULL),('AreaCode','620621','ç”˜è‚ƒçœæ­¦å¨å¸‚æ°‘å‹¤å¿','area',1,NULL,NULL,NULL),('AreaCode','620622','ç”˜è‚ƒçœæ­¦å¨å¸‚å¤æµªå¿','area',1,NULL,NULL,NULL),('AreaCode','620623','ç”˜è‚ƒçœæ­¦å¨å¸‚å¤©ç¥è—æ—è‡ªæ²»å¿','area',1,NULL,NULL,NULL),('AreaCode','620700','ç”˜è‚ƒçœå¼ æ–å¸‚','city',1,NULL,NULL,NULL),('AreaCode','620701','ç”˜è‚ƒçœå¼ æ–å¸‚å¸‚è¾–åŒº','area',1,NULL,NULL,NULL),('AreaCode','620702','ç”˜è‚ƒçœå¼ æ–å¸‚ç”˜å·åŒº','area',1,NULL,NULL,NULL),('AreaCode','620721','ç”˜è‚ƒçœå¼ æ–å¸‚è‚ƒå—è£•å›ºæ—è‡ªæ²»å¿','area',1,NULL,NULL,NULL),('AreaCode','620722','ç”˜è‚ƒçœå¼ æ–å¸‚æ°‘ä¹å¿','area',1,NULL,NULL,NULL),('AreaCode','620723','ç”˜è‚ƒçœå¼ æ–å¸‚ä¸´æ³½å¿','area',1,NULL,NULL,NULL),('AreaCode','620724','ç”˜è‚ƒçœå¼ æ–å¸‚é«˜å°å¿','area',1,NULL,NULL,NULL),('AreaCode','620725','ç”˜è‚ƒçœå¼ æ–å¸‚å±±ä¸¹å¿','area',1,NULL,NULL,NULL),('AreaCode','620800','ç”˜è‚ƒçœå¹³å‡‰å¸‚','city',1,NULL,NULL,NULL),('AreaCode','620801','ç”˜è‚ƒçœå¹³å‡‰å¸‚å¸‚è¾–åŒº','area',1,NULL,NULL,NULL),('AreaCode','620802','ç”˜è‚ƒçœå¹³å‡‰å¸‚å´†å³’åŒº','area',1,NULL,NULL,NULL),('AreaCode','620821','ç”˜è‚ƒçœå¹³å‡‰å¸‚æ³¾å·å¿','area',1,NULL,NULL,NULL),('AreaCode','620822','ç”˜è‚ƒçœå¹³å‡‰å¸‚çµå°å¿','area',1,NULL,NULL,NULL),('AreaCode','620823','ç”˜è‚ƒçœå¹³å‡‰å¸‚å´‡ä¿¡å¿','area',1,NULL,NULL,NULL),('AreaCode','620824','ç”˜è‚ƒçœå¹³å‡‰å¸‚åäº­å¿','area',1,NULL,NULL,NULL),('AreaCode','620825','ç”˜è‚ƒçœå¹³å‡‰å¸‚åº„æµªå¿','area',1,NULL,NULL,NULL),('AreaCode','620826','ç”˜è‚ƒçœå¹³å‡‰å¸‚é™å®å¿','area',1,NULL,NULL,NULL),('AreaCode','620900','ç”˜è‚ƒçœé…’æ³‰å¸‚','city',1,NULL,NULL,NULL),('AreaCode','620901','ç”˜è‚ƒçœé…’æ³‰å¸‚å¸‚è¾–åŒº','area',1,NULL,NULL,NULL),('AreaCode','620902','ç”˜è‚ƒçœé…’æ³‰å¸‚è‚ƒå·åŒº','area',1,NULL,NULL,NULL),('AreaCode','620921','ç”˜è‚ƒçœé…’æ³‰å¸‚é‡‘å¡”å¿','area',1,NULL,NULL,NULL),('AreaCode','620922','ç”˜è‚ƒçœé…’æ³‰å¸‚ç“œå·å¿','area',1,NULL,NULL,NULL),('AreaCode','620923','ç”˜è‚ƒçœé…’æ³‰å¸‚è‚ƒåŒ—è’™å¤æ—è‡ªæ²»å¿','area',1,NULL,NULL,NULL),('AreaCode','620924','ç”˜è‚ƒçœé…’æ³‰å¸‚é˜¿å…‹å¡å“ˆè¨å…‹æ—è‡ªæ²»å¿','area',1,NULL,NULL,NULL),('AreaCode','620981','ç”˜è‚ƒçœé…’æ³‰å¸‚ç‰é—¨å¸‚','area',1,NULL,NULL,NULL),('AreaCode','620982','ç”˜è‚ƒçœé…’æ³‰å¸‚æ•¦ç…Œå¸‚','area',1,NULL,NULL,NULL),('AreaCode','621000','ç”˜è‚ƒçœåº†é˜³å¸‚','city',1,NULL,NULL,NULL),('AreaCode','621001','ç”˜è‚ƒçœåº†é˜³å¸‚å¸‚è¾–åŒº','area',1,NULL,NULL,NULL),('AreaCode','621002','ç”˜è‚ƒçœåº†é˜³å¸‚è¥¿å³°åŒº','area',1,NULL,NULL,NULL),('AreaCode','621021','ç”˜è‚ƒçœåº†é˜³å¸‚åº†åŸå¿','area',1,NULL,NULL,NULL),('AreaCode','621022','ç”˜è‚ƒçœåº†é˜³å¸‚ç¯å¿','area',1,NULL,NULL,NULL),('AreaCode','621023','ç”˜è‚ƒçœåº†é˜³å¸‚åæ± å¿','area',1,NULL,NULL,NULL),('AreaCode','621024','ç”˜è‚ƒçœåº†é˜³å¸‚åˆæ°´å¿','area',1,NULL,NULL,NULL),('AreaCode','621025','ç”˜è‚ƒçœåº†é˜³å¸‚æ­£å®å¿','area',1,NULL,NULL,NULL),('AreaCode','621026','ç”˜è‚ƒçœåº†é˜³å¸‚å®å¿','area',1,NULL,NULL,NULL),('AreaCode','621027','ç”˜è‚ƒçœåº†é˜³å¸‚é•‡åŸå¿','area',1,NULL,NULL,NULL),('AreaCode','621100','ç”˜è‚ƒçœå®šè¥¿å¸‚','city',1,NULL,NULL,NULL),('AreaCode','621101','ç”˜è‚ƒçœå®šè¥¿å¸‚å¸‚è¾–åŒº','area',1,NULL,NULL,NULL),('AreaCode','621102','ç”˜è‚ƒçœå®šè¥¿å¸‚å®‰å®šåŒº','area',1,NULL,NULL,NULL),('AreaCode','621121','ç”˜è‚ƒçœå®šè¥¿å¸‚é€šæ¸­å¿','area',1,NULL,NULL,NULL),('AreaCode','621122','ç”˜è‚ƒçœå®šè¥¿å¸‚é™‡è¥¿å¿','area',1,NULL,NULL,NULL),('AreaCode','621123','ç”˜è‚ƒçœå®šè¥¿å¸‚æ¸­æºå¿','area',1,NULL,NULL,NULL),('AreaCode','621124','ç”˜è‚ƒçœå®šè¥¿å¸‚ä¸´æ´®å¿','area',1,NULL,NULL,NULL),('AreaCode','621125','ç”˜è‚ƒçœå®šè¥¿å¸‚æ¼³å¿','area',1,NULL,NULL,NULL),('AreaCode','621126','ç”˜è‚ƒçœå®šè¥¿å¸‚å²·å¿','area',1,NULL,NULL,NULL),('AreaCode','621200','ç”˜è‚ƒçœé™‡å—å¸‚','city',1,NULL,NULL,NULL),('AreaCode','621201','ç”˜è‚ƒçœé™‡å—å¸‚å¸‚è¾–åŒº','area',1,NULL,NULL,NULL),('AreaCode','621202','ç”˜è‚ƒçœé™‡å—å¸‚æ­¦éƒ½åŒº','area',1,NULL,NULL,NULL),('AreaCode','621221','ç”˜è‚ƒçœé™‡å—å¸‚æˆå¿','area',1,NULL,NULL,NULL),('AreaCode','621222','ç”˜è‚ƒçœé™‡å—å¸‚æ–‡å¿','area',1,NULL,NULL,NULL),('AreaCode','621223','ç”˜è‚ƒçœé™‡å—å¸‚å®•æ˜Œå¿','area',1,NULL,NULL,NULL),('AreaCode','621224','ç”˜è‚ƒçœé™‡å—å¸‚åº·å¿','area',1,NULL,NULL,NULL),('AreaCode','621225','ç”˜è‚ƒçœé™‡å—å¸‚è¥¿å’Œå¿','area',1,NULL,NULL,NULL),('AreaCode','621226','ç”˜è‚ƒçœé™‡å—å¸‚ç¤¼å¿','area',1,NULL,NULL,NULL),('AreaCode','621227','ç”˜è‚ƒçœé™‡å—å¸‚å¾½å¿','area',1,NULL,NULL,NULL),('AreaCode','621228','ç”˜è‚ƒçœé™‡å—å¸‚ä¸¤å½“å¿','area',1,NULL,NULL,NULL),('AreaCode','622900','ç”˜è‚ƒçœä¸´å¤å›æ—è‡ªæ²»å·','city',1,NULL,NULL,NULL),('AreaCode','622901','ç”˜è‚ƒçœä¸´å¤å›æ—è‡ªæ²»å·ä¸´å¤å¸‚','area',1,NULL,NULL,NULL),('AreaCode','622921','ç”˜è‚ƒçœä¸´å¤å›æ—è‡ªæ²»å·ä¸´å¤å¿','area',1,NULL,NULL,NULL),('AreaCode','622922','ç”˜è‚ƒçœä¸´å¤å›æ—è‡ªæ²»å·åº·ä¹å¿','area',1,NULL,NULL,NULL),('AreaCode','622923','ç”˜è‚ƒçœä¸´å¤å›æ—è‡ªæ²»å·æ°¸é–å¿','area',1,NULL,NULL,NULL),('AreaCode','622924','ç”˜è‚ƒçœä¸´å¤å›æ—è‡ªæ²»å·å¹¿æ²³å¿','area',1,NULL,NULL,NULL),('AreaCode','622925','ç”˜è‚ƒçœä¸´å¤å›æ—è‡ªæ²»å·å’Œæ”¿å¿','area',1,NULL,NULL,NULL),('AreaCode','622926','ç”˜è‚ƒçœä¸´å¤å›æ—è‡ªæ²»å·ä¸œä¹¡æ—è‡ªæ²»å¿','area',1,NULL,NULL,NULL),('AreaCode','622927','ç”˜è‚ƒçœä¸´å¤å›æ—è‡ªæ²»å·ç§¯çŸ³å±±ä¿å®‰æ—ä¸œä¹¡æ—æ’’æ‹‰æ—è‡ªæ²»å¿','area',1,NULL,NULL,NULL),('AreaCode','623000','ç”˜è‚ƒçœç”˜å—è—æ—è‡ªæ²»å·','city',1,NULL,NULL,NULL),('AreaCode','623001','ç”˜è‚ƒçœç”˜å—è—æ—è‡ªæ²»å·åˆä½œå¸‚','area',1,NULL,NULL,NULL),('AreaCode','623021','ç”˜è‚ƒçœç”˜å—è—æ—è‡ªæ²»å·ä¸´æ½­å¿','area',1,NULL,NULL,NULL),('AreaCode','623022','ç”˜è‚ƒçœç”˜å—è—æ—è‡ªæ²»å·å“å°¼å¿','area',1,NULL,NULL,NULL),('AreaCode','623023','ç”˜è‚ƒçœç”˜å—è—æ—è‡ªæ²»å·èˆŸæ›²å¿','area',1,NULL,NULL,NULL),('AreaCode','623024','ç”˜è‚ƒçœç”˜å—è—æ—è‡ªæ²»å·è¿­éƒ¨å¿','area',1,NULL,NULL,NULL),('AreaCode','623025','ç”˜è‚ƒçœç”˜å—è—æ—è‡ªæ²»å·ç›æ›²å¿','area',1,NULL,NULL,NULL),('AreaCode','623026','ç”˜è‚ƒçœç”˜å—è—æ—è‡ªæ²»å·ç¢Œæ›²å¿','area',1,NULL,NULL,NULL),('AreaCode','623027','ç”˜è‚ƒçœç”˜å—è—æ—è‡ªæ²»å·å¤æ²³å¿','area',1,NULL,NULL,NULL),('AreaCode','630000','é’æµ·çœ','province',1,NULL,NULL,NULL),('AreaCode','630100','é’æµ·çœè¥¿å®å¸‚','city',1,NULL,NULL,NULL),('AreaCode','630101','é’æµ·çœè¥¿å®å¸‚å¸‚è¾–åŒº','area',1,NULL,NULL,NULL),('AreaCode','630102','é’æµ·çœè¥¿å®å¸‚åŸä¸œåŒº','area',1,NULL,NULL,NULL),('AreaCode','630103','é’æµ·çœè¥¿å®å¸‚åŸä¸­åŒº','area',1,NULL,NULL,NULL),('AreaCode','630104','é’æµ·çœè¥¿å®å¸‚åŸè¥¿åŒº','area',1,NULL,NULL,NULL),('AreaCode','630105','é’æµ·çœè¥¿å®å¸‚åŸåŒ—åŒº','area',1,NULL,NULL,NULL),('AreaCode','630121','é’æµ·çœè¥¿å®å¸‚å¤§é€šå›æ—åœŸæ—è‡ªæ²»å¿','area',1,NULL,NULL,NULL),('AreaCode','630122','é’æµ·çœè¥¿å®å¸‚æ¹Ÿä¸­å¿','area',1,NULL,NULL,NULL),('AreaCode','630123','é’æµ·çœè¥¿å®å¸‚æ¹Ÿæºå¿','area',1,NULL,NULL,NULL),('AreaCode','630200','é’æµ·çœæµ·ä¸œå¸‚','city',1,NULL,NULL,NULL),('AreaCode','630202','é’æµ·çœæµ·ä¸œå¸‚ä¹éƒ½åŒº','area',1,NULL,NULL,NULL),('AreaCode','630203','é’æµ·çœæµ·ä¸œå¸‚å¹³å®‰åŒº','area',1,NULL,NULL,NULL),('AreaCode','630222','é’æµ·çœæµ·ä¸œå¸‚æ°‘å’Œå›æ—åœŸæ—è‡ªæ²»å¿','area',1,NULL,NULL,NULL),('AreaCode','630223','é’æµ·çœæµ·ä¸œå¸‚äº’åŠ©åœŸæ—è‡ªæ²»å¿','area',1,NULL,NULL,NULL),('AreaCode','630224','é’æµ·çœæµ·ä¸œå¸‚åŒ–éš†å›æ—è‡ªæ²»å¿','area',1,NULL,NULL,NULL),('AreaCode','630225','é’æµ·çœæµ·ä¸œå¸‚å¾ªåŒ–æ’’æ‹‰æ—è‡ªæ²»å¿','area',1,NULL,NULL,NULL),('AreaCode','632200','é’æµ·çœæµ·åŒ—è—æ—è‡ªæ²»å·','city',1,NULL,NULL,NULL),('AreaCode','632221','é’æµ·çœæµ·åŒ—è—æ—è‡ªæ²»å·é—¨æºå›æ—è‡ªæ²»å¿','area',1,NULL,NULL,NULL),('AreaCode','632222','é’æµ·çœæµ·åŒ—è—æ—è‡ªæ²»å·ç¥è¿å¿','area',1,NULL,NULL,NULL),('AreaCode','632223','é’æµ·çœæµ·åŒ—è—æ—è‡ªæ²»å·æµ·æ™å¿','area',1,NULL,NULL,NULL),('AreaCode','632224','é’æµ·çœæµ·åŒ—è—æ—è‡ªæ²»å·åˆšå¯Ÿå¿','area',1,NULL,NULL,NULL),('AreaCode','632300','é’æµ·çœé»„å—è—æ—è‡ªæ²»å·','city',1,NULL,NULL,NULL),('AreaCode','632321','é’æµ·çœé»„å—è—æ—è‡ªæ²»å·åŒä»å¿','area',1,NULL,NULL,NULL),('AreaCode','632322','é’æµ·çœé»„å—è—æ—è‡ªæ²»å·å°–æ‰å¿','area',1,NULL,NULL,NULL),('AreaCode','632323','é’æµ·çœé»„å—è—æ—è‡ªæ²»å·æ³½åº“å¿','area',1,NULL,NULL,NULL),('AreaCode','632324','é’æµ·çœé»„å—è—æ—è‡ªæ²»å·æ²³å—è’™å¤æ—è‡ªæ²»å¿','area',1,NULL,NULL,NULL),('AreaCode','632500','é’æµ·çœæµ·å—è—æ—è‡ªæ²»å·','city',1,NULL,NULL,NULL),('AreaCode','632521','é’æµ·çœæµ·å—è—æ—è‡ªæ²»å·å…±å’Œå¿','area',1,NULL,NULL,NULL),('AreaCode','632522','é’æµ·çœæµ·å—è—æ—è‡ªæ²»å·åŒå¾·å¿','area',1,NULL,NULL,NULL),('AreaCode','632523','é’æµ·çœæµ·å—è—æ—è‡ªæ²»å·è´µå¾·å¿','area',1,NULL,NULL,NULL),('AreaCode','632524','é’æµ·çœæµ·å—è—æ—è‡ªæ²»å·å…´æµ·å¿','area',1,NULL,NULL,NULL),('AreaCode','632525','é’æµ·çœæµ·å—è—æ—è‡ªæ²»å·è´µå—å¿','area',1,NULL,NULL,NULL),('AreaCode','632600','é’æµ·çœæœæ´›è—æ—è‡ªæ²»å·','city',1,NULL,NULL,NULL),('AreaCode','632621','é’æµ·çœæœæ´›è—æ—è‡ªæ²»å·ç›æ²å¿','area',1,NULL,NULL,NULL),('AreaCode','632622','é’æµ·çœæœæ´›è—æ—è‡ªæ²»å·ç­ç›å¿','area',1,NULL,NULL,NULL),('AreaCode','632623','é’æµ·çœæœæ´›è—æ—è‡ªæ²»å·ç”˜å¾·å¿','area',1,NULL,NULL,NULL),('AreaCode','632624','é’æµ·çœæœæ´›è—æ—è‡ªæ²»å·è¾¾æ—¥å¿','area',1,NULL,NULL,NULL),('AreaCode','632625','é’æµ·çœæœæ´›è—æ—è‡ªæ²»å·ä¹…æ²»å¿','area',1,NULL,NULL,NULL),('AreaCode','632626','é’æµ·çœæœæ´›è—æ—è‡ªæ²»å·ç›å¤šå¿','area',1,NULL,NULL,NULL),('AreaCode','632700','é’æµ·çœç‰æ ‘è—æ—è‡ªæ²»å·','city',1,NULL,NULL,NULL),('AreaCode','632701','é’æµ·çœç‰æ ‘è—æ—è‡ªæ²»å·ç‰æ ‘å¸‚','area',1,NULL,NULL,NULL),('AreaCode','632722','é’æµ·çœç‰æ ‘è—æ—è‡ªæ²»å·æ‚å¤šå¿','area',1,NULL,NULL,NULL),('AreaCode','632723','é’æµ·çœç‰æ ‘è—æ—è‡ªæ²»å·ç§°å¤šå¿','area',1,NULL,NULL,NULL),('AreaCode','632724','é’æµ·çœç‰æ ‘è—æ—è‡ªæ²»å·æ²»å¤šå¿','area',1,NULL,NULL,NULL),('AreaCode','632725','é’æµ·çœç‰æ ‘è—æ—è‡ªæ²»å·å›Šè°¦å¿','area',1,NULL,NULL,NULL),('AreaCode','632726','é’æµ·çœç‰æ ‘è—æ—è‡ªæ²»å·æ›²éº»è±å¿','area',1,NULL,NULL,NULL),('AreaCode','632800','é’æµ·çœæµ·è¥¿è’™å¤æ—è—æ—è‡ªæ²»å·','city',1,NULL,NULL,NULL),('AreaCode','632801','é’æµ·çœæµ·è¥¿è’™å¤æ—è—æ—è‡ªæ²»å·æ ¼å°”æœ¨å¸‚','area',1,NULL,NULL,NULL),('AreaCode','632802','é’æµ·çœæµ·è¥¿è’™å¤æ—è—æ—è‡ªæ²»å·å¾·ä»¤å“ˆå¸‚','area',1,NULL,NULL,NULL),('AreaCode','632821','é’æµ·çœæµ·è¥¿è’™å¤æ—è—æ—è‡ªæ²»å·ä¹Œå…°å¿','area',1,NULL,NULL,NULL),('AreaCode','632822','é’æµ·çœæµ·è¥¿è’™å¤æ—è—æ—è‡ªæ²»å·éƒ½å…°å¿','area',1,NULL,NULL,NULL),('AreaCode','632823','é’æµ·çœæµ·è¥¿è’™å¤æ—è—æ—è‡ªæ²»å·å¤©å³»å¿','area',1,NULL,NULL,NULL),('AreaCode','640000','å®å¤å›æ—è‡ªæ²»åŒº','province',1,NULL,NULL,NULL),('AreaCode','640100','å®å¤å›æ—è‡ªæ²»åŒºé“¶å·å¸‚','city',1,NULL,NULL,NULL),('AreaCode','640101','å®å¤å›æ—è‡ªæ²»åŒºé“¶å·å¸‚å¸‚è¾–åŒº','area',1,NULL,NULL,NULL),('AreaCode','640104','å®å¤å›æ—è‡ªæ²»åŒºé“¶å·å¸‚å…´åº†åŒº','area',1,NULL,NULL,NULL),('AreaCode','640105','å®å¤å›æ—è‡ªæ²»åŒºé“¶å·å¸‚è¥¿å¤åŒº','area',1,NULL,NULL,NULL),('AreaCode','640106','å®å¤å›æ—è‡ªæ²»åŒºé“¶å·å¸‚é‡‘å‡¤åŒº','area',1,NULL,NULL,NULL),('AreaCode','640121','å®å¤å›æ—è‡ªæ²»åŒºé“¶å·å¸‚æ°¸å®å¿','area',1,NULL,NULL,NULL),('AreaCode','640122','å®å¤å›æ—è‡ªæ²»åŒºé“¶å·å¸‚è´ºå…°å¿','area',1,NULL,NULL,NULL),('AreaCode','640181','å®å¤å›æ—è‡ªæ²»åŒºé“¶å·å¸‚çµæ­¦å¸‚','area',1,NULL,NULL,NULL),('AreaCode','640200','å®å¤å›æ—è‡ªæ²»åŒºçŸ³å˜´å±±å¸‚','city',1,NULL,NULL,NULL),('AreaCode','640201','å®å¤å›æ—è‡ªæ²»åŒºçŸ³å˜´å±±å¸‚å¸‚è¾–åŒº','area',1,NULL,NULL,NULL),('AreaCode','640202','å®å¤å›æ—è‡ªæ²»åŒºçŸ³å˜´å±±å¸‚å¤§æ­¦å£åŒº','area',1,NULL,NULL,NULL),('AreaCode','640205','å®å¤å›æ—è‡ªæ²»åŒºçŸ³å˜´å±±å¸‚æƒ å†œåŒº','area',1,NULL,NULL,NULL),('AreaCode','640221','å®å¤å›æ—è‡ªæ²»åŒºçŸ³å˜´å±±å¸‚å¹³ç½—å¿','area',1,NULL,NULL,NULL),('AreaCode','640300','å®å¤å›æ—è‡ªæ²»åŒºå´å¿ å¸‚','city',1,NULL,NULL,NULL),('AreaCode','640301','å®å¤å›æ—è‡ªæ²»åŒºå´å¿ å¸‚å¸‚è¾–åŒº','area',1,NULL,NULL,NULL),('AreaCode','640302','å®å¤å›æ—è‡ªæ²»åŒºå´å¿ å¸‚åˆ©é€šåŒº','area',1,NULL,NULL,NULL),('AreaCode','640303','å®å¤å›æ—è‡ªæ²»åŒºå´å¿ å¸‚çº¢å¯ºå ¡åŒº','area',1,NULL,NULL,NULL),('AreaCode','640323','å®å¤å›æ—è‡ªæ²»åŒºå´å¿ å¸‚ç›æ± å¿','area',1,NULL,NULL,NULL),('AreaCode','640324','å®å¤å›æ—è‡ªæ²»åŒºå´å¿ å¸‚åŒå¿ƒå¿','area',1,NULL,NULL,NULL),('AreaCode','640381','å®å¤å›æ—è‡ªæ²»åŒºå´å¿ å¸‚é’é“œå³¡å¸‚','area',1,NULL,NULL,NULL),('AreaCode','640400','å®å¤å›æ—è‡ªæ²»åŒºå›ºåŸå¸‚','city',1,NULL,NULL,NULL),('AreaCode','640401','å®å¤å›æ—è‡ªæ²»åŒºå›ºåŸå¸‚å¸‚è¾–åŒº','area',1,NULL,NULL,NULL),('AreaCode','640402','å®å¤å›æ—è‡ªæ²»åŒºå›ºåŸå¸‚åŸå·åŒº','area',1,NULL,NULL,NULL),('AreaCode','640422','å®å¤å›æ—è‡ªæ²»åŒºå›ºåŸå¸‚è¥¿å‰å¿','area',1,NULL,NULL,NULL),('AreaCode','640423','å®å¤å›æ—è‡ªæ²»åŒºå›ºåŸå¸‚éš†å¾·å¿','area',1,NULL,NULL,NULL),('AreaCode','640424','å®å¤å›æ—è‡ªæ²»åŒºå›ºåŸå¸‚æ³¾æºå¿','area',1,NULL,NULL,NULL),('AreaCode','640425','å®å¤å›æ—è‡ªæ²»åŒºå›ºåŸå¸‚å½­é˜³å¿','area',1,NULL,NULL,NULL),('AreaCode','640500','å®å¤å›æ—è‡ªæ²»åŒºä¸­å«å¸‚','city',1,NULL,NULL,NULL),('AreaCode','640501','å®å¤å›æ—è‡ªæ²»åŒºä¸­å«å¸‚å¸‚è¾–åŒº','area',1,NULL,NULL,NULL),('AreaCode','640502','å®å¤å›æ—è‡ªæ²»åŒºä¸­å«å¸‚æ²™å¡å¤´åŒº','area',1,NULL,NULL,NULL),('AreaCode','640521','å®å¤å›æ—è‡ªæ²»åŒºä¸­å«å¸‚ä¸­å®å¿','area',1,NULL,NULL,NULL),('AreaCode','640522','å®å¤å›æ—è‡ªæ²»åŒºä¸­å«å¸‚æµ·åŸå¿','area',1,NULL,NULL,NULL),('AreaCode','650000','æ–°ç–†ç»´å¾å°”è‡ªæ²»åŒº','province',1,NULL,NULL,NULL),('AreaCode','650100','æ–°ç–†ç»´å¾å°”è‡ªæ²»åŒºä¹Œé²æœ¨é½å¸‚','city',1,NULL,NULL,NULL),('AreaCode','650101','æ–°ç–†ç»´å¾å°”è‡ªæ²»åŒºä¹Œé²æœ¨é½å¸‚å¸‚è¾–åŒº','area',1,NULL,NULL,NULL),('AreaCode','650102','æ–°ç–†ç»´å¾å°”è‡ªæ²»åŒºä¹Œé²æœ¨é½å¸‚å¤©å±±åŒº','area',1,NULL,NULL,NULL),('AreaCode','650103','æ–°ç–†ç»´å¾å°”è‡ªæ²»åŒºä¹Œé²æœ¨é½å¸‚æ²™ä¾å·´å…‹åŒº','area',1,NULL,NULL,NULL),('AreaCode','650104','æ–°ç–†ç»´å¾å°”è‡ªæ²»åŒºä¹Œé²æœ¨é½å¸‚æ–°å¸‚åŒº','area',1,NULL,NULL,NULL),('AreaCode','650105','æ–°ç–†ç»´å¾å°”è‡ªæ²»åŒºä¹Œé²æœ¨é½å¸‚æ°´ç£¨æ²ŸåŒº','area',1,NULL,NULL,NULL),('AreaCode','650106','æ–°ç–†ç»´å¾å°”è‡ªæ²»åŒºä¹Œé²æœ¨é½å¸‚å¤´å±¯æ²³åŒº','area',1,NULL,NULL,NULL),('AreaCode','650107','æ–°ç–†ç»´å¾å°”è‡ªæ²»åŒºä¹Œé²æœ¨é½å¸‚è¾¾å‚åŸåŒº','area',1,NULL,NULL,NULL),('AreaCode','650109','æ–°ç–†ç»´å¾å°”è‡ªæ²»åŒºä¹Œé²æœ¨é½å¸‚ç±³ä¸œåŒº','area',1,NULL,NULL,NULL),('AreaCode','650121','æ–°ç–†ç»´å¾å°”è‡ªæ²»åŒºä¹Œé²æœ¨é½å¸‚ä¹Œé²æœ¨é½å¿','area',1,NULL,NULL,NULL),('AreaCode','650200','æ–°ç–†ç»´å¾å°”è‡ªæ²»åŒºå…‹æ‹‰ç›ä¾å¸‚','city',1,NULL,NULL,NULL),('AreaCode','650201','æ–°ç–†ç»´å¾å°”è‡ªæ²»åŒºå…‹æ‹‰ç›ä¾å¸‚å¸‚è¾–åŒº','area',1,NULL,NULL,NULL),('AreaCode','650202','æ–°ç–†ç»´å¾å°”è‡ªæ²»åŒºå…‹æ‹‰ç›ä¾å¸‚ç‹¬å±±å­åŒº','area',1,NULL,NULL,NULL),('AreaCode','650203','æ–°ç–†ç»´å¾å°”è‡ªæ²»åŒºå…‹æ‹‰ç›ä¾å¸‚å…‹æ‹‰ç›ä¾åŒº','area',1,NULL,NULL,NULL),('AreaCode','650204','æ–°ç–†ç»´å¾å°”è‡ªæ²»åŒºå…‹æ‹‰ç›ä¾å¸‚ç™½ç¢±æ»©åŒº','area',1,NULL,NULL,NULL),('AreaCode','650205','æ–°ç–†ç»´å¾å°”è‡ªæ²»åŒºå…‹æ‹‰ç›ä¾å¸‚ä¹Œå°”ç¦¾åŒº','area',1,NULL,NULL,NULL),('AreaCode','650400','æ–°ç–†ç»´å¾å°”è‡ªæ²»åŒºåé²ç•ªå¸‚','city',1,NULL,NULL,NULL),('AreaCode','650402','æ–°ç–†ç»´å¾å°”è‡ªæ²»åŒºåé²ç•ªå¸‚é«˜æ˜ŒåŒº','area',1,NULL,NULL,NULL),('AreaCode','650421','æ–°ç–†ç»´å¾å°”è‡ªæ²»åŒºåé²ç•ªå¸‚é„¯å–„å¿','area',1,NULL,NULL,NULL),('AreaCode','650422','æ–°ç–†ç»´å¾å°”è‡ªæ²»åŒºåé²ç•ªå¸‚æ‰˜å…‹é€Šå¿','area',1,NULL,NULL,NULL),('AreaCode','650500','æ–°ç–†ç»´å¾å°”è‡ªæ²»åŒºå“ˆå¯†å¸‚','city',1,NULL,NULL,NULL),('AreaCode','650502','æ–°ç–†ç»´å¾å°”è‡ªæ²»åŒºå“ˆå¯†å¸‚ä¼Šå·åŒº','area',1,NULL,NULL,NULL),('AreaCode','650521','æ–°ç–†ç»´å¾å°”è‡ªæ²»åŒºå“ˆå¯†å¸‚å·´é‡Œå¤å“ˆè¨å…‹è‡ªæ²»å¿','area',1,NULL,NULL,NULL),('AreaCode','650522','æ–°ç–†ç»´å¾å°”è‡ªæ²»åŒºå“ˆå¯†å¸‚ä¼Šå¾å¿','area',1,NULL,NULL,NULL),('AreaCode','652300','æ–°ç–†ç»´å¾å°”è‡ªæ²»åŒºæ˜Œå‰å›æ—è‡ªæ²»å·','city',1,NULL,NULL,NULL),('AreaCode','652301','æ–°ç–†ç»´å¾å°”è‡ªæ²»åŒºæ˜Œå‰å›æ—è‡ªæ²»å·æ˜Œå‰å¸‚','area',1,NULL,NULL,NULL),('AreaCode','652302','æ–°ç–†ç»´å¾å°”è‡ªæ²»åŒºæ˜Œå‰å›æ—è‡ªæ²»å·é˜œåº·å¸‚','area',1,NULL,NULL,NULL),('AreaCode','652323','æ–°ç–†ç»´å¾å°”è‡ªæ²»åŒºæ˜Œå‰å›æ—è‡ªæ²»å·å‘¼å›¾å£å¿','area',1,NULL,NULL,NULL),('AreaCode','652324','æ–°ç–†ç»´å¾å°”è‡ªæ²»åŒºæ˜Œå‰å›æ—è‡ªæ²»å·ç›çº³æ–¯å¿','area',1,NULL,NULL,NULL),('AreaCode','652325','æ–°ç–†ç»´å¾å°”è‡ªæ²»åŒºæ˜Œå‰å›æ—è‡ªæ²»å·å¥‡å°å¿','area',1,NULL,NULL,NULL),('AreaCode','652327','æ–°ç–†ç»´å¾å°”è‡ªæ²»åŒºæ˜Œå‰å›æ—è‡ªæ²»å·å‰æœ¨è¨å°”å¿','area',1,NULL,NULL,NULL),('AreaCode','652328','æ–°ç–†ç»´å¾å°”è‡ªæ²»åŒºæ˜Œå‰å›æ—è‡ªæ²»å·æœ¨å’å“ˆè¨å…‹è‡ªæ²»å¿','area',1,NULL,NULL,NULL),('AreaCode','652700','æ–°ç–†ç»´å¾å°”è‡ªæ²»åŒºåšå°”å¡”æ‹‰è’™å¤è‡ªæ²»å·','city',1,NULL,NULL,NULL),('AreaCode','652701','æ–°ç–†ç»´å¾å°”è‡ªæ²»åŒºåšå°”å¡”æ‹‰è’™å¤è‡ªæ²»å·åšä¹å¸‚','area',1,NULL,NULL,NULL),('AreaCode','652702','æ–°ç–†ç»´å¾å°”è‡ªæ²»åŒºåšå°”å¡”æ‹‰è’™å¤è‡ªæ²»å·é˜¿æ‹‰å±±å£å¸‚','area',1,NULL,NULL,NULL),('AreaCode','652722','æ–°ç–†ç»´å¾å°”è‡ªæ²»åŒºåšå°”å¡”æ‹‰è’™å¤è‡ªæ²»å·ç²¾æ²³å¿','area',1,NULL,NULL,NULL),('AreaCode','652723','æ–°ç–†ç»´å¾å°”è‡ªæ²»åŒºåšå°”å¡”æ‹‰è’™å¤è‡ªæ²»å·æ¸©æ³‰å¿','area',1,NULL,NULL,NULL),('AreaCode','652800','æ–°ç–†ç»´å¾å°”è‡ªæ²»åŒºå·´éŸ³éƒ­æ¥è’™å¤è‡ªæ²»å·','city',1,NULL,NULL,NULL),('AreaCode','652801','æ–°ç–†ç»´å¾å°”è‡ªæ²»åŒºå·´éŸ³éƒ­æ¥è’™å¤è‡ªæ²»å·åº“å°”å‹’å¸‚','area',1,NULL,NULL,NULL),('AreaCode','652822','æ–°ç–†ç»´å¾å°”è‡ªæ²»åŒºå·´éŸ³éƒ­æ¥è’™å¤è‡ªæ²»å·è½®å°å¿','area',1,NULL,NULL,NULL),('AreaCode','652823','æ–°ç–†ç»´å¾å°”è‡ªæ²»åŒºå·´éŸ³éƒ­æ¥è’™å¤è‡ªæ²»å·å°‰çŠå¿','area',1,NULL,NULL,NULL),('AreaCode','652824','æ–°ç–†ç»´å¾å°”è‡ªæ²»åŒºå·´éŸ³éƒ­æ¥è’™å¤è‡ªæ²»å·è‹¥ç¾Œå¿','area',1,NULL,NULL,NULL),('AreaCode','652825','æ–°ç–†ç»´å¾å°”è‡ªæ²»åŒºå·´éŸ³éƒ­æ¥è’™å¤è‡ªæ²»å·ä¸”æœ«å¿','area',1,NULL,NULL,NULL),('AreaCode','652826','æ–°ç–†ç»´å¾å°”è‡ªæ²»åŒºå·´éŸ³éƒ­æ¥è’™å¤è‡ªæ²»å·ç„‰è€†å›æ—è‡ªæ²»å¿','area',1,NULL,NULL,NULL),('AreaCode','652827','æ–°ç–†ç»´å¾å°”è‡ªæ²»åŒºå·´éŸ³éƒ­æ¥è’™å¤è‡ªæ²»å·å’Œé™å¿','area',1,NULL,NULL,NULL),('AreaCode','652828','æ–°ç–†ç»´å¾å°”è‡ªæ²»åŒºå·´éŸ³éƒ­æ¥è’™å¤è‡ªæ²»å·å’Œç¡•å¿','area',1,NULL,NULL,NULL),('AreaCode','652829','æ–°ç–†ç»´å¾å°”è‡ªæ²»åŒºå·´éŸ³éƒ­æ¥è’™å¤è‡ªæ²»å·åšæ¹–å¿','area',1,NULL,NULL,NULL),('AreaCode','652900','æ–°ç–†ç»´å¾å°”è‡ªæ²»åŒºé˜¿å…‹è‹åœ°åŒº','city',1,NULL,NULL,NULL),('AreaCode','652901','æ–°ç–†ç»´å¾å°”è‡ªæ²»åŒºé˜¿å…‹è‹åœ°åŒºé˜¿å…‹è‹å¸‚','area',1,NULL,NULL,NULL),('AreaCode','652922','æ–°ç–†ç»´å¾å°”è‡ªæ²»åŒºé˜¿å…‹è‹åœ°åŒºæ¸©å®¿å¿','area',1,NULL,NULL,NULL),('AreaCode','652923','æ–°ç–†ç»´å¾å°”è‡ªæ²»åŒºé˜¿å…‹è‹åœ°åŒºåº“è½¦å¿','area',1,NULL,NULL,NULL),('AreaCode','652924','æ–°ç–†ç»´å¾å°”è‡ªæ²»åŒºé˜¿å…‹è‹åœ°åŒºæ²™é›…å¿','area',1,NULL,NULL,NULL),('AreaCode','652925','æ–°ç–†ç»´å¾å°”è‡ªæ²»åŒºé˜¿å…‹è‹åœ°åŒºæ–°å’Œå¿','area',1,NULL,NULL,NULL),('AreaCode','652926','æ–°ç–†ç»´å¾å°”è‡ªæ²»åŒºé˜¿å…‹è‹åœ°åŒºæ‹œåŸå¿','area',1,NULL,NULL,NULL),('AreaCode','652927','æ–°ç–†ç»´å¾å°”è‡ªæ²»åŒºé˜¿å…‹è‹åœ°åŒºä¹Œä»€å¿','area',1,NULL,NULL,NULL),('AreaCode','652928','æ–°ç–†ç»´å¾å°”è‡ªæ²»åŒºé˜¿å…‹è‹åœ°åŒºé˜¿ç“¦æå¿','area',1,NULL,NULL,NULL),('AreaCode','652929','æ–°ç–†ç»´å¾å°”è‡ªæ²»åŒºé˜¿å…‹è‹åœ°åŒºæŸ¯åªå¿','area',1,NULL,NULL,NULL),('AreaCode','653000','æ–°ç–†ç»´å¾å°”è‡ªæ²»åŒºå…‹å­œå‹’è‹æŸ¯å°”å…‹å­œè‡ªæ²»å·','city',1,NULL,NULL,NULL),('AreaCode','653001','æ–°ç–†ç»´å¾å°”è‡ªæ²»åŒºå…‹å­œå‹’è‹æŸ¯å°”å…‹å­œè‡ªæ²»å·é˜¿å›¾ä»€å¸‚','area',1,NULL,NULL,NULL),('AreaCode','653022','æ–°ç–†ç»´å¾å°”è‡ªæ²»åŒºå…‹å­œå‹’è‹æŸ¯å°”å…‹å­œè‡ªæ²»å·é˜¿å…‹é™¶å¿','area',1,NULL,NULL,NULL),('AreaCode','653023','æ–°ç–†ç»´å¾å°”è‡ªæ²»åŒºå…‹å­œå‹’è‹æŸ¯å°”å…‹å­œè‡ªæ²»å·é˜¿åˆå¥‡å¿','area',1,NULL,NULL,NULL),('AreaCode','653024','æ–°ç–†ç»´å¾å°”è‡ªæ²»åŒºå…‹å­œå‹’è‹æŸ¯å°”å…‹å­œè‡ªæ²»å·ä¹Œæ°å¿','area',1,NULL,NULL,NULL),('AreaCode','653100','æ–°ç–†ç»´å¾å°”è‡ªæ²»åŒºå–€ä»€åœ°åŒº','city',1,NULL,NULL,NULL),('AreaCode','653101','æ–°ç–†ç»´å¾å°”è‡ªæ²»åŒºå–€ä»€åœ°åŒºå–€ä»€å¸‚','area',1,NULL,NULL,NULL),('AreaCode','653121','æ–°ç–†ç»´å¾å°”è‡ªæ²»åŒºå–€ä»€åœ°åŒºç–é™„å¿','area',1,NULL,NULL,NULL),('AreaCode','653122','æ–°ç–†ç»´å¾å°”è‡ªæ²»åŒºå–€ä»€åœ°åŒºç–å‹’å¿','area',1,NULL,NULL,NULL),('AreaCode','653123','æ–°ç–†ç»´å¾å°”è‡ªæ²»åŒºå–€ä»€åœ°åŒºè‹±å‰æ²™å¿','area',1,NULL,NULL,NULL),('AreaCode','653124','æ–°ç–†ç»´å¾å°”è‡ªæ²»åŒºå–€ä»€åœ°åŒºæ³½æ™®å¿','area',1,NULL,NULL,NULL),('AreaCode','653125','æ–°ç–†ç»´å¾å°”è‡ªæ²»åŒºå–€ä»€åœ°åŒºèè½¦å¿','area',1,NULL,NULL,NULL),('AreaCode','653126','æ–°ç–†ç»´å¾å°”è‡ªæ²»åŒºå–€ä»€åœ°åŒºå¶åŸå¿','area',1,NULL,NULL,NULL),('AreaCode','653127','æ–°ç–†ç»´å¾å°”è‡ªæ²»åŒºå–€ä»€åœ°åŒºéº¦ç›–æå¿','area',1,NULL,NULL,NULL),('AreaCode','653128','æ–°ç–†ç»´å¾å°”è‡ªæ²»åŒºå–€ä»€åœ°åŒºå²³æ™®æ¹–å¿','area',1,NULL,NULL,NULL),('AreaCode','653129','æ–°ç–†ç»´å¾å°”è‡ªæ²»åŒºå–€ä»€åœ°åŒºä¼½å¸ˆå¿','area',1,NULL,NULL,NULL),('AreaCode','653130','æ–°ç–†ç»´å¾å°”è‡ªæ²»åŒºå–€ä»€åœ°åŒºå·´æ¥šå¿','area',1,NULL,NULL,NULL),('AreaCode','653131','æ–°ç–†ç»´å¾å°”è‡ªæ²»åŒºå–€ä»€åœ°åŒºå¡”ä»€åº“å°”å¹²å¡”å‰å…‹è‡ªæ²»å¿','area',1,NULL,NULL,NULL),('AreaCode','653200','æ–°ç–†ç»´å¾å°”è‡ªæ²»åŒºå’Œç”°åœ°åŒº','city',1,NULL,NULL,NULL),('AreaCode','653201','æ–°ç–†ç»´å¾å°”è‡ªæ²»åŒºå’Œç”°åœ°åŒºå’Œç”°å¸‚','area',1,NULL,NULL,NULL),('AreaCode','653221','æ–°ç–†ç»´å¾å°”è‡ªæ²»åŒºå’Œç”°åœ°åŒºå’Œç”°å¿','area',1,NULL,NULL,NULL),('AreaCode','653222','æ–°ç–†ç»´å¾å°”è‡ªæ²»åŒºå’Œç”°åœ°åŒºå¢¨ç‰å¿','area',1,NULL,NULL,NULL),('AreaCode','653223','æ–°ç–†ç»´å¾å°”è‡ªæ²»åŒºå’Œç”°åœ°åŒºçš®å±±å¿','area',1,NULL,NULL,NULL),('AreaCode','653224','æ–°ç–†ç»´å¾å°”è‡ªæ²»åŒºå’Œç”°åœ°åŒºæ´›æµ¦å¿','area',1,NULL,NULL,NULL),('AreaCode','653225','æ–°ç–†ç»´å¾å°”è‡ªæ²»åŒºå’Œç”°åœ°åŒºç­–å‹’å¿','area',1,NULL,NULL,NULL),('AreaCode','653226','æ–°ç–†ç»´å¾å°”è‡ªæ²»åŒºå’Œç”°åœ°åŒºäºç”°å¿','area',1,NULL,NULL,NULL),('AreaCode','653227','æ–°ç–†ç»´å¾å°”è‡ªæ²»åŒºå’Œç”°åœ°åŒºæ°‘ä¸°å¿','area',1,NULL,NULL,NULL),('AreaCode','654000','æ–°ç–†ç»´å¾å°”è‡ªæ²»åŒºä¼ŠçŠå“ˆè¨å…‹è‡ªæ²»å·','city',1,NULL,NULL,NULL),('AreaCode','654002','æ–°ç–†ç»´å¾å°”è‡ªæ²»åŒºä¼ŠçŠå“ˆè¨å…‹è‡ªæ²»å·ä¼Šå®å¸‚','area',1,NULL,NULL,NULL),('AreaCode','654003','æ–°ç–†ç»´å¾å°”è‡ªæ²»åŒºä¼ŠçŠå“ˆè¨å…‹è‡ªæ²»å·å¥å±¯å¸‚','area',1,NULL,NULL,NULL),('AreaCode','654004','æ–°ç–†ç»´å¾å°”è‡ªæ²»åŒºä¼ŠçŠå“ˆè¨å…‹è‡ªæ²»å·éœå°”æœæ–¯å¸‚','area',1,NULL,NULL,NULL),('AreaCode','654021','æ–°ç–†ç»´å¾å°”è‡ªæ²»åŒºä¼ŠçŠå“ˆè¨å…‹è‡ªæ²»å·ä¼Šå®å¿','area',1,NULL,NULL,NULL),('AreaCode','654022','æ–°ç–†ç»´å¾å°”è‡ªæ²»åŒºä¼ŠçŠå“ˆè¨å…‹è‡ªæ²»å·å¯Ÿå¸ƒæŸ¥å°”é”¡ä¼¯è‡ªæ²»å¿','area',1,NULL,NULL,NULL),('AreaCode','654023','æ–°ç–†ç»´å¾å°”è‡ªæ²»åŒºä¼ŠçŠå“ˆè¨å…‹è‡ªæ²»å·éœåŸå¿','area',1,NULL,NULL,NULL),('AreaCode','654024','æ–°ç–†ç»´å¾å°”è‡ªæ²»åŒºä¼ŠçŠå“ˆè¨å…‹è‡ªæ²»å·å·©ç•™å¿','area',1,NULL,NULL,NULL),('AreaCode','654025','æ–°ç–†ç»´å¾å°”è‡ªæ²»åŒºä¼ŠçŠå“ˆè¨å…‹è‡ªæ²»å·æ–°æºå¿','area',1,NULL,NULL,NULL),('AreaCode','654026','æ–°ç–†ç»´å¾å°”è‡ªæ²»åŒºä¼ŠçŠå“ˆè¨å…‹è‡ªæ²»å·æ˜­è‹å¿','area',1,NULL,NULL,NULL),('AreaCode','654027','æ–°ç–†ç»´å¾å°”è‡ªæ²»åŒºä¼ŠçŠå“ˆè¨å…‹è‡ªæ²»å·ç‰¹å…‹æ–¯å¿','area',1,NULL,NULL,NULL),('AreaCode','654028','æ–°ç–†ç»´å¾å°”è‡ªæ²»åŒºä¼ŠçŠå“ˆè¨å…‹è‡ªæ²»å·å°¼å‹’å…‹å¿','area',1,NULL,NULL,NULL),('AreaCode','654200','æ–°ç–†ç»´å¾å°”è‡ªæ²»åŒºå¡”åŸåœ°åŒº','city',1,NULL,NULL,NULL),('AreaCode','654201','æ–°ç–†ç»´å¾å°”è‡ªæ²»åŒºå¡”åŸåœ°åŒºå¡”åŸå¸‚','area',1,NULL,NULL,NULL),('AreaCode','654202','æ–°ç–†ç»´å¾å°”è‡ªæ²»åŒºå¡”åŸåœ°åŒºä¹Œè‹å¸‚','area',1,NULL,NULL,NULL),('AreaCode','654221','æ–°ç–†ç»´å¾å°”è‡ªæ²»åŒºå¡”åŸåœ°åŒºé¢æ•å¿','area',1,NULL,NULL,NULL),('AreaCode','654223','æ–°ç–†ç»´å¾å°”è‡ªæ²»åŒºå¡”åŸåœ°åŒºæ²™æ¹¾å¿','area',1,NULL,NULL,NULL),('AreaCode','654224','æ–°ç–†ç»´å¾å°”è‡ªæ²»åŒºå¡”åŸåœ°åŒºæ‰˜é‡Œå¿','area',1,NULL,NULL,NULL),('AreaCode','654225','æ–°ç–†ç»´å¾å°”è‡ªæ²»åŒºå¡”åŸåœ°åŒºè£•æ°‘å¿','area',1,NULL,NULL,NULL),('AreaCode','654226','æ–°ç–†ç»´å¾å°”è‡ªæ²»åŒºå¡”åŸåœ°åŒºå’Œå¸ƒå…‹èµ›å°”è’™å¤è‡ªæ²»å¿','area',1,NULL,NULL,NULL),('AreaCode','654300','æ–°ç–†ç»´å¾å°”è‡ªæ²»åŒºé˜¿å‹’æ³°åœ°åŒº','city',1,NULL,NULL,NULL),('AreaCode','654301','æ–°ç–†ç»´å¾å°”è‡ªæ²»åŒºé˜¿å‹’æ³°åœ°åŒºé˜¿å‹’æ³°å¸‚','area',1,NULL,NULL,NULL),('AreaCode','654321','æ–°ç–†ç»´å¾å°”è‡ªæ²»åŒºé˜¿å‹’æ³°åœ°åŒºå¸ƒå°”æ´¥å¿','area',1,NULL,NULL,NULL),('AreaCode','654322','æ–°ç–†ç»´å¾å°”è‡ªæ²»åŒºé˜¿å‹’æ³°åœ°åŒºå¯Œè•´å¿','area',1,NULL,NULL,NULL),('AreaCode','654323','æ–°ç–†ç»´å¾å°”è‡ªæ²»åŒºé˜¿å‹’æ³°åœ°åŒºç¦æµ·å¿','area',1,NULL,NULL,NULL),('AreaCode','654324','æ–°ç–†ç»´å¾å°”è‡ªæ²»åŒºé˜¿å‹’æ³°åœ°åŒºå“ˆå·´æ²³å¿','area',1,NULL,NULL,NULL),('AreaCode','654325','æ–°ç–†ç»´å¾å°”è‡ªæ²»åŒºé˜¿å‹’æ³°åœ°åŒºé’æ²³å¿','area',1,NULL,NULL,NULL),('AreaCode','654326','æ–°ç–†ç»´å¾å°”è‡ªæ²»åŒºé˜¿å‹’æ³°åœ°åŒºå‰æœ¨ä¹ƒå¿','area',1,NULL,NULL,NULL),('AreaCode','659000','æ–°ç–†ç»´å¾å°”è‡ªæ²»åŒºè‡ªæ²»åŒºç›´è¾–å¿çº§è¡Œæ”¿åŒºåˆ’','city',1,NULL,NULL,NULL),('AreaCode','659001','æ–°ç–†ç»´å¾å°”è‡ªæ²»åŒºè‡ªæ²»åŒºç›´è¾–å¿çº§è¡Œæ”¿åŒºåˆ’çŸ³æ²³å­å¸‚','area',1,NULL,NULL,NULL),('AreaCode','659002','æ–°ç–†ç»´å¾å°”è‡ªæ²»åŒºè‡ªæ²»åŒºç›´è¾–å¿çº§è¡Œæ”¿åŒºåˆ’é˜¿æ‹‰å°”å¸‚','area',1,NULL,NULL,NULL),('AreaCode','659003','æ–°ç–†ç»´å¾å°”è‡ªæ²»åŒºè‡ªæ²»åŒºç›´è¾–å¿çº§è¡Œæ”¿åŒºåˆ’å›¾æœ¨èˆ’å…‹å¸‚','area',1,NULL,NULL,NULL),('AreaCode','659004','æ–°ç–†ç»´å¾å°”è‡ªæ²»åŒºè‡ªæ²»åŒºç›´è¾–å¿çº§è¡Œæ”¿åŒºåˆ’äº”å®¶æ¸ å¸‚','area',1,NULL,NULL,NULL),('AreaCode','659006','æ–°ç–†ç»´å¾å°”è‡ªæ²»åŒºè‡ªæ²»åŒºç›´è¾–å¿çº§è¡Œæ”¿åŒºåˆ’é“é—¨å…³å¸‚','area',1,NULL,NULL,NULL),('AreaCode','710000','å°æ¹¾çœ','province',1,NULL,NULL,NULL),('AreaCode','810000','é¦™æ¸¯ç‰¹åˆ«è¡Œæ”¿åŒº','province',1,NULL,NULL,NULL),('AreaCode','820000','æ¾³é—¨ç‰¹åˆ«è¡Œæ”¿åŒº','province',1,NULL,NULL,NULL),('hobby','code','ç¼–ç ','',1,1,'2019-05-30 16:46:33',NULL),('hobby','game','æ¸¸æˆ','',1,1,'2019-05-30 16:47:15',NULL),('hobby','read','é˜…è¯»','',1,1,'2019-05-30 16:47:01',NULL),('MenuType','0','ç›®å½•','label-info',1,1,'2019-05-24 17:13:57','2019-05-24 17:16:50'),('MenuType','1','èœå•','label-success',1,1,'2019-05-24 17:14:10','2019-05-24 17:14:56'),('MenuType','2','æŒ‰é’®','label-warning',1,1,'2019-05-24 17:14:18','2019-05-24 17:15:05'),('OnlineStatus','off_line','ä¸‹çº¿','label-danger',1,NULL,NULL,NULL),('OnlineStatus','on_line','åœ¨çº¿','label-primary',1,NULL,NULL,'2019-05-24 11:42:10'),('Sex','1','ç”·',NULL,1,NULL,NULL,NULL),('Sex','2','å¥³',NULL,1,NULL,NULL,NULL),('Sex','3','æœªçŸ¥','',1,1,'2019-04-12 11:34:06',NULL),('Status','0','åœç”¨','label-danger',1,NULL,NULL,'2019-04-12 10:06:18'),('Status','1','æ­£å¸¸','label-primary',1,NULL,NULL,NULL);
/*!40000 ALTER TABLE `sys_dict_data` ENABLE KEYS */;
UNLOCK TABLES;

--
-- Table structure for table `sys_job`
--

DROP TABLE IF EXISTS `sys_job`;
/*!40101 SET @saved_cs_client     = @@character_set_client */;
/*!40101 SET character_set_client = utf8 */;
CREATE TABLE `sys_job` (
  `job_id` int(11) NOT NULL AUTO_INCREMENT COMMENT 'ä»»åŠ¡ID',
  `job_name` varchar(64) NOT NULL DEFAULT '' COMMENT 'ä»»åŠ¡åç§°',
  `job_group` varchar(64) NOT NULL DEFAULT '' COMMENT 'ä»»åŠ¡ç»„å',
  `job_class_name` varchar(500) DEFAULT '' COMMENT 'ä»»åŠ¡æ–¹æ³•',
  `method_params` varchar(50) DEFAULT NULL COMMENT 'æ–¹æ³•å‚æ•°',
  `cron_expression` varchar(255) DEFAULT '' COMMENT 'cronæ‰§è¡Œè¡¨è¾¾å¼',
  `misfire_policy` varchar(20) DEFAULT '3' COMMENT 'è®¡åˆ’æ‰§è¡Œé”™å¤±è§¦å‘ç­–ç•¥',
  `status` char(1) DEFAULT '0' COMMENT 'çŠ¶æ€ï¼ˆ0æ­£å¸¸ 1æš‚åœï¼‰',
  `create_user_id` varchar(64) DEFAULT '' COMMENT 'åˆ›å»ºè€…',
  `create_time` datetime DEFAULT NULL COMMENT 'åˆ›å»ºæ—¶é—´',
  `update_user_id` varchar(64) DEFAULT '' COMMENT 'æ›´æ–°è€…',
  `update_time` datetime DEFAULT NULL COMMENT 'æ›´æ–°æ—¶é—´',
  `remark` varchar(500) DEFAULT '' COMMENT 'å¤‡æ³¨ä¿¡æ¯',
  `description` varchar(100) DEFAULT NULL COMMENT 'ä»»åŠ¡æè¿°',
  PRIMARY KEY (`job_id`,`job_name`,`job_group`)
) ENGINE=InnoDB AUTO_INCREMENT=7 DEFAULT CHARSET=utf8 COMMENT='å®šæ—¶ä»»åŠ¡è°ƒåº¦è¡¨';
/*!40101 SET character_set_client = @saved_cs_client */;

--
-- Dumping data for table `sys_job`
--

LOCK TABLES `sys_job` WRITE;
/*!40000 ALTER TABLE `sys_job` DISABLE KEYS */;
INSERT INTO `sys_job` VALUES (4,'SyncOnlineStatusJob','myCronJob','top.yimo.common.quartz.job.SyncOnlineStatusJob','','0/30 * * * * ?','1','0','1','2019-03-26 11:07:19','0','2019-04-12 11:33:00','','åŒæ­¥åœ¨çº¿ç”¨æˆ·çŠ¶æ€'),(5,'WebSocketMessageJob','myCronJob','top.yimo.common.quartz.job.WebSocketMessageJob','','0/5 * * * * ?','3','0','1','2019-04-02 17:18:08',NULL,'2019-04-02 17:44:41','','è‡ªåŠ¨å‘é€webSocketæ¶ˆæ¯'),(6,'WebLogJob','myCronJob','top.yimo.common.quartz.job.WebLogJob','','0/1 * * * * ?',NULL,'0','1','2019-04-16 11:04:05','1','2019-04-16 14:28:02','','å®šæ—¶è½®è¯¢è¯»å–æœåŠ¡å™¨æ—¥å¿—');
/*!40000 ALTER TABLE `sys_job` ENABLE KEYS */;
UNLOCK TABLES;

--
-- Table structure for table `sys_log`
--

DROP TABLE IF EXISTS `sys_log`;
/*!40101 SET @saved_cs_client     = @@character_set_client */;
/*!40101 SET character_set_client = utf8 */;
CREATE TABLE `sys_log` (
  `id` bigint(20) NOT NULL AUTO_INCREMENT,
  `user_id` bigint(20) DEFAULT NULL COMMENT 'ç”¨æˆ·id',
  `user_name` varchar(50) DEFAULT NULL COMMENT 'ç”¨æˆ·å',
  `operation_type` varchar(50) DEFAULT NULL COMMENT 'ç”¨æˆ·æ“ä½œç±»å‹',
  `time` bigint(20) DEFAULT NULL COMMENT 'å“åº”æ—¶é—´',
  `method` varchar(200) DEFAULT NULL COMMENT 'è¯·æ±‚æ–¹æ³•',
  `params` varchar(5000) DEFAULT NULL COMMENT 'è¯·æ±‚å‚æ•°',
  `ip` varchar(64) DEFAULT NULL COMMENT 'IPåœ°å€',
  `create_time` datetime DEFAULT NULL COMMENT 'åˆ›å»ºæ—¶é—´',
  `url` varchar(200) DEFAULT NULL COMMENT 'æ“ä½œurl',
  `describe` varchar(100) DEFAULT NULL COMMENT 'æ—¥å¿—æè¿°',
  `title` varchar(50) DEFAULT NULL COMMENT 'æ ‡é¢˜',
  PRIMARY KEY (`id`)
) ENGINE=InnoDB DEFAULT CHARSET=utf8 COMMENT='ç³»ç»Ÿæ—¥å¿—';
/*!40101 SET character_set_client = @saved_cs_client */;

--
-- Dumping data for table `sys_log`
--

LOCK TABLES `sys_log` WRITE;
/*!40000 ALTER TABLE `sys_log` DISABLE KEYS */;
/*!40000 ALTER TABLE `sys_log` ENABLE KEYS */;
UNLOCK TABLES;

--
-- Table structure for table `sys_menu`
--

DROP TABLE IF EXISTS `sys_menu`;
/*!40101 SET @saved_cs_client     = @@character_set_client */;
/*!40101 SET character_set_client = utf8 */;
CREATE TABLE `sys_menu` (
  `menu_id` bigint(20) NOT NULL AUTO_INCREMENT,
  `parent_id` bigint(20) DEFAULT NULL COMMENT 'çˆ¶èœå•IDï¼Œä¸€çº§èœå•ä¸º0',
  `name` varchar(50) DEFAULT NULL COMMENT 'èœå•åç§°',
  `url` varchar(200) DEFAULT NULL COMMENT 'èœå•URL',
  `perms` varchar(500) DEFAULT NULL COMMENT 'æˆæƒ(å¤šä¸ªç”¨é€—å·åˆ†éš”ï¼Œå¦‚ï¼šuser:list,user:create)',
  `type` int(11) DEFAULT NULL COMMENT 'ç±»å‹   0ï¼šç›®å½•   1ï¼šèœå•   2ï¼šæŒ‰é’®',
  `icon` varchar(50) DEFAULT NULL COMMENT 'èœå•å›¾æ ‡',
  `order_no` int(11) DEFAULT NULL COMMENT 'æ’åºå·',
  `create_time` datetime DEFAULT NULL COMMENT 'åˆ›å»ºæ—¶é—´',
  `update_time` datetime DEFAULT NULL COMMENT 'ä¿®æ”¹æ—¶é—´',
  `status` varchar(1) DEFAULT NULL COMMENT 'èœå•çŠ¶æ€',
  PRIMARY KEY (`menu_id`)
) ENGINE=InnoDB AUTO_INCREMENT=63 DEFAULT CHARSET=utf8 COMMENT='èœå•ç®¡ç†';
/*!40101 SET character_set_client = @saved_cs_client */;

--
-- Dumping data for table `sys_menu`
--

LOCK TABLES `sys_menu` WRITE;
/*!40000 ALTER TABLE `sys_menu` DISABLE KEYS */;
INSERT INTO `sys_menu` VALUES (1,0,'ç³»ç»Ÿç®¡ç†','','',0,'fa fa-gears',10,'2017-08-09 22:49:47','2019-04-12 16:04:12','1'),(2,1,'ç³»ç»Ÿèœå•','sys/menu/','sys:menu:menu',1,'fa fa-th-list',13,'2017-08-09 22:55:15','2019-03-27 16:21:32','1'),(3,1,'éƒ¨é—¨ç®¡ç†','sys/dept/','sys:dept:dept',1,'fa fa-group',14,'2017-08-09 22:55:15','2019-03-27 16:21:35','1'),(4,1,'ç”¨æˆ·ç®¡ç†','sys/user/','sys:user:user',1,'fa fa-user',11,'2017-08-10 14:12:11','2019-03-27 16:21:24','1'),(5,1,'è§’è‰²ç®¡ç†','sys/role','sys:role:role',1,'fa fa-user-secret',12,'2017-08-10 14:13:19','2019-03-27 16:21:28','1'),(6,4,'ç¼–è¾‘','','sys:user:edit',2,'',0,'2017-08-14 10:51:35',NULL,'1'),(7,4,'æ–°å¢','','sys:user:add',2,'',0,'2017-08-14 10:51:35',NULL,'1'),(8,4,'åˆ é™¤','','sys:user:remove',2,'',0,'2017-08-14 10:51:35',NULL,'1'),(9,4,'é‡ç½®å¯†ç ','','sys:user:resetPwd',2,'',0,'2017-08-14 10:51:35',NULL,'1'),(10,4,'æ‰¹é‡åˆ é™¤','','sys:user:batchRemove',2,'',0,'2017-08-14 10:51:35',NULL,'1'),(11,2,'æ–°å¢','sys/menu/','sys:menu:add',2,'',3,'2017-08-09 22:55:15',NULL,'1'),(12,2,'ç¼–è¾‘','sys/menu/','sys:menu:edit',2,'',3,'2017-08-09 22:55:15',NULL,'1'),(13,2,'åˆ é™¤','sys/menu/','sys:menu:remove',2,'',3,'2017-08-09 22:55:15',NULL,'1'),(17,5,'ç¼–è¾‘','','sys:role:edit',2,'',0,'2017-08-14 10:51:35',NULL,'1'),(18,5,'åˆ é™¤','','sys:role:remove',2,'',0,'2017-08-14 10:51:35',NULL,'1'),(25,3,'æ–°å¢','','sys:dept:add',2,'',NULL,NULL,NULL,'1'),(26,3,'ç¼–è¾‘','','sys:dept:edit',2,'',NULL,NULL,NULL,'1'),(32,3,'åˆ é™¤','','sys:dept:remove',2,'',NULL,NULL,NULL,'1'),(37,0,'ç³»ç»Ÿå·¥å…·','','',0,'fa fa-cog fa-spin',20,'2019-03-01 14:16:05','2019-03-27 16:19:49','1'),(38,37,'è‡ªåŠ¨ç”Ÿæˆä»£ç ','generator','sys:generator:generator',1,'fa fa-anchor ',20,'2019-03-01 14:22:52','2019-03-27 16:19:41','1'),(39,0,'ç³»ç»Ÿç›‘æ§','','',0,'fa fa-tachometer',30,'2019-03-01 18:09:57','2019-04-23 14:47:35','1'),(40,39,'ç³»ç»Ÿæ“ä½œæ—¥å¿—','sys/log','sys:log:log',1,'fa fa-file-archive-o',31,'2019-03-01 18:11:48','2019-04-16 10:57:16','1'),(41,5,'æ–°å¢','','sys:role:add',2,'',NULL,'2019-03-05 11:53:48',NULL,'1'),(42,1,'æ•°æ®å­—å…¸','sys/dict','sys:dict:dict',1,'fa fa-book',15,'2019-03-07 17:26:16','2019-03-27 16:21:39','1'),(43,42,'æ–°å¢','','sys:dict:add',2,'',NULL,'2019-03-07 17:35:45',NULL,'1'),(44,42,'ç¼–è¾‘','','sys:dict:edit',2,'',NULL,'2019-03-07 17:36:08',NULL,'1'),(45,42,'åˆ é™¤','','sys:dict:remove',2,'',NULL,'2019-03-07 17:36:08',NULL,'1'),(46,42,'æ•°æ®å­—å…¸æ•°æ®','','sys:dictData',2,'',NULL,'2019-03-07 17:36:08',NULL,'1'),(47,42,'ç¼–è¾‘å­—å…¸æ•°æ®','','sys:dictData:edit',2,'',NULL,'2019-03-07 17:36:08',NULL,'1'),(48,42,'æ–°å¢å­—å…¸æ•°æ®','','sys:dictData:add',2,'',NULL,'2019-03-07 17:36:08',NULL,'1'),(49,42,'åˆ é™¤å­—å…¸æ•°æ®','','sys:dictData:remove',2,'',NULL,'2019-03-07 17:36:08',NULL,'1'),(50,39,'åœ¨çº¿ç”¨æˆ·','sys/userOnline','sys:userOnline:userOnline',1,'fa fa-user',32,'2019-03-18 15:16:35','2019-03-27 16:20:58','1'),(51,50,'å¼ºåˆ¶æå‡º','','sys:userOnline:kickout',2,'',NULL,'2019-03-18 15:29:08',NULL,'1'),(53,39,'å®šæ—¶ä»»åŠ¡ç®¡ç†','sys/job','sys:job:job',1,'fa fa-calendar',33,'2019-03-25 17:00:14','2019-03-27 16:21:02','1'),(54,37,'è¡¨å•æ„å»ºå™¨','common/frombuild','common:frombuild',1,'fa fa-arrows',21,'2019-03-27 16:19:30','2019-05-22 18:37:19','1'),(55,39,'æœåŠ¡å™¨æ—¥å¿—','sys/webLog/tail','sys:weblog:tail',1,'fa fa-calendar-o',34,'2019-04-16 10:58:34','2019-05-22 18:25:17','0'),(56,37,'swagger','sys/swagger/view','sys:swagger:view',1,'fa fa-file-archive-o',23,'2019-04-23 12:08:05','2019-04-23 12:08:15','1'),(57,39,'Druid','sys/druid/view','sys:druid:view',1,'fa fa-wrench',35,'2019-04-23 14:48:56',NULL,'1'),(58,1,'ç³»ç»Ÿæ¨¡å‹åº“','sys/modelLibaray','sys:modelLibaray:modelLibaray',1,'fa fa-object-ungroup',12,'2019-01-01 00:00:00',NULL,'1'),(59,58,'æ–°å¢','','sys:modelLibaray:add',2,'',0,'2019-01-01 00:00:00',NULL,'1'),(60,58,'ç¼–è¾‘','','sys:modelLibaray:edit',2,'',0,'2019-01-01 00:00:00',NULL,'1'),(61,58,'åˆ é™¤','','sys:modelLibaray:remove',2,'',0,'2019-01-01 00:00:00',NULL,'1'),(62,58,'å¯¼å‡º','','sys:modelLibaray:export',2,'',0,'2019-01-01 00:00:00',NULL,'1');
/*!40000 ALTER TABLE `sys_menu` ENABLE KEYS */;
UNLOCK TABLES;

--
-- Table structure for table `sys_model_catalog`
--

DROP TABLE IF EXISTS `sys_model_catalog`;
/*!40101 SET @saved_cs_client     = @@character_set_client */;
/*!40101 SET character_set_client = utf8 */;
CREATE TABLE `sys_model_catalog` (
  `id` bigint(20) NOT NULL AUTO_INCREMENT,
  `model_no` varchar(20) DEFAULT NULL COMMENT 'æ¨¡æ¿ç¼–å·',
  `model_name` varchar(50) DEFAULT NULL COMMENT 'æ¨¡æ¿åç§°',
  `model_describe` varchar(100) DEFAULT NULL COMMENT 'æ¨¡æ¿æè¿°',
  `model_type` varchar(50) DEFAULT NULL COMMENT 'æ¨¡å‹ç±»å‹List Or Info',
  `url` varchar(20) DEFAULT NULL COMMENT 'æ•°æ®æ¥æº',
  `model_version` varchar(10) DEFAULT 'V1.0' COMMENT 'æ¨¡å‹ç‰ˆæœ¬',
  `remark` varchar(100) DEFAULT NULL COMMENT 'å¤‡æ³¨',
  `create_user_id` bigint(255) DEFAULT NULL COMMENT 'åˆ›å»ºç”¨æˆ·id',
  `create_time` datetime DEFAULT NULL COMMENT 'åˆ›å»ºæ—¶é—´',
  `update_time` datetime DEFAULT NULL COMMENT 'æ›´æ–°æ—¶é—´',
  `status` varchar(100) DEFAULT NULL COMMENT 'çŠ¶æ€',
  PRIMARY KEY (`id`)
) ENGINE=InnoDB AUTO_INCREMENT=2 DEFAULT CHARSET=utf8 COMMENT='ç³»ç»Ÿæ¨¡å‹ç›®å½•';
/*!40101 SET character_set_client = @saved_cs_client */;

--
-- Dumping data for table `sys_model_catalog`
--

LOCK TABLES `sys_model_catalog` WRITE;
/*!40000 ALTER TABLE `sys_model_catalog` DISABLE KEYS */;
INSERT INTO `sys_model_catalog` VALUES (1,'UserList','ç”¨æˆ·åˆ—è¡¨','','List','/sys/user/user','V1.0',NULL,NULL,NULL,NULL,NULL);
/*!40000 ALTER TABLE `sys_model_catalog` ENABLE KEYS */;
UNLOCK TABLES;

--
-- Table structure for table `sys_model_libaray`
--

DROP TABLE IF EXISTS `sys_model_libaray`;
/*!40101 SET @saved_cs_client     = @@character_set_client */;
/*!40101 SET character_set_client = utf8 */;
CREATE TABLE `sys_model_libaray` (
  `id` bigint(20) NOT NULL AUTO_INCREMENT,
  `model_no` varchar(20) DEFAULT NULL COMMENT 'æ¨¡æ¿ç¼–å·',
  `col_index` varchar(5) DEFAULT NULL COMMENT 'ç¼–å·',
  `col_field` varchar(50) DEFAULT NULL COMMENT 'å­—æ®µ',
  `col_title` varchar(50) DEFAULT NULL COMMENT 'åˆ—å¤´',
  `col_toll_tip` varchar(50) DEFAULT NULL COMMENT 'æç¤ºæ–‡æœ¬ï¼Œæ”¯æŒHTML å±æ€§',
  `col_halign` varchar(50) DEFAULT NULL COMMENT 'åˆ—å¤´å¸ƒå±€',
  `col_align` varchar(50) DEFAULT NULL COMMENT 'æ•°æ®å¸ƒå±€',
  `col_visible` varchar(2) DEFAULT NULL COMMENT 'æ˜¯å¦æ˜¾ç¤º',
  `col_formatter` varchar(2) DEFAULT NULL COMMENT 'æ•°æ®çš„æ ¼å¼',
  `col_update` varchar(2) DEFAULT NULL COMMENT 'æ˜¯å¦æ›´æ–°',
  `col_sortable` varchar(2) DEFAULT NULL COMMENT 'æ˜¯å¦æ’åº',
  `col_button` varchar(2) DEFAULT NULL COMMENT 'æŒ‰é’®ç»„',
  `status` varchar(100) DEFAULT NULL COMMENT 'çŠ¶æ€',
  `remark` varchar(100) DEFAULT NULL COMMENT 'å¤‡æ³¨',
  `create_user_id` bigint(255) DEFAULT NULL COMMENT 'åˆ›å»ºç”¨æˆ·id',
  `create_time` datetime DEFAULT NULL COMMENT 'åˆ›å»ºæ—¶é—´',
  `update_time` datetime DEFAULT NULL COMMENT 'æ›´æ–°æ—¶é—´',
  PRIMARY KEY (`id`)
) ENGINE=InnoDB AUTO_INCREMENT=3 DEFAULT CHARSET=utf8 COMMENT='ç³»ç»Ÿæ¨¡å‹åº“';
/*!40101 SET character_set_client = @saved_cs_client */;

--
-- Dumping data for table `sys_model_libaray`
--

LOCK TABLES `sys_model_libaray` WRITE;
/*!40000 ALTER TABLE `sys_model_libaray` DISABLE KEYS */;
INSERT INTO `sys_model_libaray` VALUES (2,'UserList','1','name','å§“å','å§“å','center','center','1','0','1','1','1','1','1',1,'2019-06-08 13:44:21','2019-01-01 00:00:00');
/*!40000 ALTER TABLE `sys_model_libaray` ENABLE KEYS */;
UNLOCK TABLES;

--
-- Table structure for table `sys_role`
--

DROP TABLE IF EXISTS `sys_role`;
/*!40101 SET @saved_cs_client     = @@character_set_client */;
/*!40101 SET character_set_client = utf8 */;
CREATE TABLE `sys_role` (
  `role_id` bigint(20) NOT NULL AUTO_INCREMENT,
  `role_name` varchar(100) DEFAULT NULL COMMENT 'è§’è‰²åç§°',
  `role_sign` varchar(100) DEFAULT NULL COMMENT 'è§’è‰²æ ‡è¯†',
  `remark` varchar(100) DEFAULT NULL COMMENT 'å¤‡æ³¨',
  `create_user_id` bigint(255) DEFAULT NULL COMMENT 'åˆ›å»ºç”¨æˆ·id',
  `create_time` datetime DEFAULT NULL COMMENT 'åˆ›å»ºæ—¶é—´',
  `update_time` datetime DEFAULT NULL COMMENT 'æ›´æ–°æ—¶é—´',
  `status` varchar(100) DEFAULT NULL COMMENT 'è§’è‰²çŠ¶æ€',
  PRIMARY KEY (`role_id`)
) ENGINE=InnoDB AUTO_INCREMENT=5 DEFAULT CHARSET=utf8 COMMENT='è§’è‰²';
/*!40101 SET character_set_client = @saved_cs_client */;

--
-- Dumping data for table `sys_role`
--

LOCK TABLES `sys_role` WRITE;
/*!40000 ALTER TABLE `sys_role` DISABLE KEYS */;
INSERT INTO `sys_role` VALUES (1,'è¶…çº§ç®¡ç†å‘˜','superAdmin','',NULL,NULL,'2019-06-08 13:40:09','1'),(2,'ç”¨æˆ·ç®¡ç†å‘˜','userAdmin','ç”¨äºç®¡ç†ç”¨æˆ·ä¿¡æ¯',NULL,NULL,'2019-04-12 17:22:16','1'),(3,'ç³»ç»Ÿè¿ç»´å‘˜','operations','',NULL,NULL,'2019-06-08 12:31:11','1'),(4,'é»˜è®¤è§’è‰²','default','é»˜è®¤è§’è‰²',NULL,NULL,NULL,'1');
/*!40000 ALTER TABLE `sys_role` ENABLE KEYS */;
UNLOCK TABLES;

--
-- Table structure for table `sys_role_menu`
--

DROP TABLE IF EXISTS `sys_role_menu`;
/*!40101 SET @saved_cs_client     = @@character_set_client */;
/*!40101 SET character_set_client = utf8 */;
CREATE TABLE `sys_role_menu` (
  `id` bigint(20) NOT NULL AUTO_INCREMENT,
  `role_id` bigint(20) DEFAULT NULL COMMENT 'è§’è‰²ID',
  `menu_id` bigint(20) DEFAULT NULL COMMENT 'èœå•ID',
  PRIMARY KEY (`id`),
  KEY `sys_role_menu_sys_role_fk` (`role_id`),
  KEY `sys_role_menu_sys_menu_fk` (`menu_id`),
  CONSTRAINT `sys_role_menu_sys_menu_fk` FOREIGN KEY (`menu_id`) REFERENCES `sys_menu` (`menu_id`) ON DELETE CASCADE ON UPDATE CASCADE,
  CONSTRAINT `sys_role_menu_sys_role_fk` FOREIGN KEY (`role_id`) REFERENCES `sys_role` (`role_id`) ON DELETE CASCADE ON UPDATE CASCADE
) ENGINE=InnoDB AUTO_INCREMENT=580 DEFAULT CHARSET=utf8 COMMENT='è§’è‰²ä¸èœå•å¯¹åº”å…³ç³»';
/*!40101 SET character_set_client = @saved_cs_client */;

--
-- Dumping data for table `sys_role_menu`
--

LOCK TABLES `sys_role_menu` WRITE;
/*!40000 ALTER TABLE `sys_role_menu` DISABLE KEYS */;
INSERT INTO `sys_role_menu` VALUES (404,2,4),(405,2,5),(406,2,6),(407,2,7),(408,2,8),(409,2,9),(410,2,10),(411,2,17),(412,2,18),(413,2,41),(414,2,1),(532,3,39),(533,3,40),(534,3,50),(535,3,51),(536,3,53),(537,3,57),(538,1,1),(539,1,2),(540,1,3),(541,1,4),(542,1,5),(543,1,6),(544,1,7),(545,1,8),(546,1,9),(547,1,10),(548,1,11),(549,1,12),(550,1,13),(551,1,17),(552,1,18),(553,1,25),(554,1,26),(555,1,32),(556,1,37),(557,1,38),(558,1,39),(559,1,40),(560,1,41),(561,1,42),(562,1,43),(563,1,44),(564,1,45),(565,1,46),(566,1,47),(567,1,48),(568,1,49),(569,1,50),(570,1,51),(571,1,53),(572,1,54),(573,1,56),(574,1,57),(575,1,58),(576,1,59),(577,1,60),(578,1,61),(579,1,62);
/*!40000 ALTER TABLE `sys_role_menu` ENABLE KEYS */;
UNLOCK TABLES;

--
-- Table structure for table `sys_user`
--

DROP TABLE IF EXISTS `sys_user`;
/*!40101 SET @saved_cs_client     = @@character_set_client */;
/*!40101 SET character_set_client = utf8 */;
CREATE TABLE `sys_user` (
  `user_id` bigint(20) NOT NULL AUTO_INCREMENT,
  `user_name` varchar(50) DEFAULT NULL COMMENT 'ç”¨æˆ·å',
  `name` varchar(100) DEFAULT NULL COMMENT 'æ˜µç§°',
  `password` varchar(50) DEFAULT NULL COMMENT 'å¯†ç ',
  `dept_id` bigint(20) DEFAULT NULL COMMENT 'éƒ¨é—¨ID',
  `email` varchar(80) DEFAULT NULL COMMENT 'é‚®ç®±',
  `mobile` varchar(20) DEFAULT NULL COMMENT 'æ‰‹æœºå·',
  `status` tinyint(255) DEFAULT NULL COMMENT 'çŠ¶æ€ 0:ç¦ç”¨ï¼Œ1:æ­£å¸¸',
  `create_user_id` bigint(20) DEFAULT NULL COMMENT 'åˆ›å»ºç”¨æˆ·id',
  `create_time` varchar(20) DEFAULT NULL COMMENT 'åˆ›å»ºæ—¶é—´',
  `update_time` varchar(20) DEFAULT NULL COMMENT 'ä¿®æ”¹æ—¶é—´',
  `sex` bigint(3) DEFAULT NULL COMMENT 'æ€§åˆ«',
  `birth` varchar(10) DEFAULT NULL COMMENT 'å‡ºèº«æ—¥æœŸ',
  `pic_id` varchar(100) DEFAULT NULL,
  `address` varchar(500) DEFAULT NULL COMMENT 'ç°å±…ä½åœ°',
  `hobby` varchar(255) DEFAULT NULL COMMENT 'çˆ±å¥½',
  `province` varchar(255) DEFAULT NULL COMMENT 'çœä»½',
  `city` varchar(255) DEFAULT NULL COMMENT 'æ‰€åœ¨åŸå¸‚',
  `district` varchar(255) DEFAULT NULL COMMENT 'æ‰€åœ¨åœ°åŒº',
  PRIMARY KEY (`user_id`),
  KEY `sys_user_sys_dept_fk` (`dept_id`),
  CONSTRAINT `sys_user_sys_dept_fk` FOREIGN KEY (`dept_id`) REFERENCES `sys_dept` (`dept_id`)
) ENGINE=InnoDB AUTO_INCREMENT=56 DEFAULT CHARSET=utf8 COMMENT='ç³»ç»Ÿç”¨æˆ·è¡¨';
/*!40101 SET character_set_client = @saved_cs_client */;

--
-- Dumping data for table `sys_user`
--

LOCK TABLES `sys_user` WRITE;
/*!40000 ALTER TABLE `sys_user` DISABLE KEYS */;
INSERT INTO `sys_user` VALUES (1,'admin','ä¸€å¢¨å¤§ä¾ ','45b9bfb1d5f018a7fad7b38d0f10ec5b',1,'3123@qq.com','13112344321',1,1,NULL,'2019-06-08 12:25:19',1,'2019-05-31','/files/2019/06/08\\9fbd9876-3411-4802-8522-fbd22b2345e9.png','æ·±åœ³å¸‚','code,game',NULL,NULL,NULL),(55,'yimo','ä¸€å¢¨','fc1e126d32ecd7851533d3976c329aa6',1,'yimo@yimo.top','13112344322',1,1,'2019-05-31 11:56:12',NULL,NULL,NULL,NULL,NULL,NULL,NULL,NULL,NULL);
/*!40000 ALTER TABLE `sys_user` ENABLE KEYS */;
UNLOCK TABLES;

--
-- Table structure for table `sys_user_online`
--

DROP TABLE IF EXISTS `sys_user_online`;
/*!40101 SET @saved_cs_client     = @@character_set_client */;
/*!40101 SET character_set_client = utf8 */;
CREATE TABLE `sys_user_online` (
  `sessionId` varchar(50) NOT NULL DEFAULT '' COMMENT 'ç”¨æˆ·ä¼šè¯id',
  `user_id` bigint(20) DEFAULT NULL COMMENT 'ç™»å½•è´¦å·',
  `user_name` varchar(50) DEFAULT '' COMMENT 'ç™»å½•è´¦å·',
  `dept_id` bigint(20) DEFAULT NULL COMMENT 'éƒ¨é—¨åç§°',
  `dept_name` varchar(50) DEFAULT NULL COMMENT 'éƒ¨é—¨åç§°',
  `ip` varchar(50) DEFAULT NULL COMMENT 'ç™»å½•IPåœ°å€',
  `login_location` varchar(255) DEFAULT '' COMMENT 'ç™»å½•åœ°ç‚¹',
  `browser` varchar(50) DEFAULT '' COMMENT 'æµè§ˆå™¨ç±»å‹',
  `os` varchar(50) DEFAULT '' COMMENT 'æ“ä½œç³»ç»Ÿ',
  `status` varchar(10) DEFAULT '' COMMENT 'åœ¨çº¿çŠ¶æ€on_lineåœ¨çº¿off_lineç¦»çº¿',
  `begin_time` datetime DEFAULT NULL COMMENT 'sessionåˆ›å»ºæ—¶é—´',
  `end_time` datetime DEFAULT NULL COMMENT 'sessionæœ€åè®¿é—®æ—¶é—´',
  `out_time` int(5) DEFAULT '0' COMMENT 'è¶…æ—¶æ—¶é—´ï¼Œå•ä½ä¸ºåˆ†é’Ÿ',
  PRIMARY KEY (`sessionId`)
) ENGINE=InnoDB DEFAULT CHARSET=utf8 COMMENT='åœ¨çº¿ç”¨æˆ·è®°å½•';
/*!40101 SET character_set_client = @saved_cs_client */;

--
-- Dumping data for table `sys_user_online`
--

LOCK TABLES `sys_user_online` WRITE;
/*!40000 ALTER TABLE `sys_user_online` DISABLE KEYS */;
INSERT INTO `sys_user_online` VALUES ('6986a64e-6426-4e33-bd6a-10e593933209',1,'admin',1,'ä¸€å¢¨æœ‰é™å…¬å¸','127.0.0.1','æœªçŸ¥åœ°å€','Chrome','Windows 10','on_line','2019-06-08 13:11:06',NULL,NULL),('e76b1782-076c-4ef9-845c-2c6d42660719',1,'admin',1,'ä¸€å¢¨æœ‰é™å…¬å¸','127.0.0.1','æœªçŸ¥åœ°å€','Chrome','Windows 10','off_line','2019-06-08 12:23:17','2019-06-08 13:03:17',NULL);
/*!40000 ALTER TABLE `sys_user_online` ENABLE KEYS */;
UNLOCK TABLES;

--
-- Table structure for table `sys_user_role`
--

DROP TABLE IF EXISTS `sys_user_role`;
/*!40101 SET @saved_cs_client     = @@character_set_client */;
/*!40101 SET character_set_client = utf8 */;
CREATE TABLE `sys_user_role` (
  `id` bigint(20) NOT NULL AUTO_INCREMENT,
  `user_id` bigint(20) DEFAULT NULL COMMENT 'ç”¨æˆ·ID',
  `role_id` bigint(20) DEFAULT NULL COMMENT 'è§’è‰²ID',
  PRIMARY KEY (`id`),
  KEY `sys_user_role_sys_role_fk` (`role_id`),
  KEY `sys_user_role_sys_user_fk` (`user_id`),
  CONSTRAINT `sys_user_role_sys_role_fk` FOREIGN KEY (`role_id`) REFERENCES `sys_role` (`role_id`) ON DELETE CASCADE ON UPDATE CASCADE,
  CONSTRAINT `sys_user_role_sys_user_fk` FOREIGN KEY (`user_id`) REFERENCES `sys_user` (`user_id`) ON DELETE CASCADE ON UPDATE CASCADE
) ENGINE=InnoDB AUTO_INCREMENT=87 DEFAULT CHARSET=utf8 COMMENT='ç”¨æˆ·ä¸è§’è‰²å¯¹åº”å…³ç³»';
/*!40101 SET character_set_client = @saved_cs_client */;

--
-- Dumping data for table `sys_user_role`
--

LOCK TABLES `sys_user_role` WRITE;
/*!40000 ALTER TABLE `sys_user_role` DISABLE KEYS */;
INSERT INTO `sys_user_role` VALUES (86,1,1);
/*!40000 ALTER TABLE `sys_user_role` ENABLE KEYS */;
UNLOCK TABLES;

--
-- Dumping routines for database 'yimo'
--
/*!40103 SET TIME_ZONE=@OLD_TIME_ZONE */;

/*!40101 SET SQL_MODE=@OLD_SQL_MODE */;
/*!40014 SET FOREIGN_KEY_CHECKS=@OLD_FOREIGN_KEY_CHECKS */;
/*!40014 SET UNIQUE_CHECKS=@OLD_UNIQUE_CHECKS */;
/*!40101 SET CHARACTER_SET_CLIENT=@OLD_CHARACTER_SET_CLIENT */;
/*!40101 SET CHARACTER_SET_RESULTS=@OLD_CHARACTER_SET_RESULTS */;
/*!40101 SET COLLATION_CONNECTION=@OLD_COLLATION_CONNECTION */;
/*!40111 SET SQL_NOTES=@OLD_SQL_NOTES */;

-- Dump completed on 2019-06-09 23:10:28
