-- MySQL dump 10.13  Distrib 5.6.24, for Win64 (x86_64)
--
-- Host: localhost    Database: yimo
-- ------------------------------------------------------
-- Server version	5.6.24

/*!40101 SET @OLD_CHARACTER_SET_CLIENT=@@CHARACTER_SET_CLIENT */;
/*!40101 SET @OLD_CHARACTER_SET_RESULTS=@@CHARACTER_SET_RESULTS */;
/*!40101 SET @OLD_COLLATION_CONNECTION=@@COLLATION_CONNECTION */;
/*!40101 SET NAMES utf8 */;
/*!40103 SET @OLD_TIME_ZONE=@@TIME_ZONE */;
/*!40103 SET TIME_ZONE='+00:00' */;
/*!40014 SET @OLD_UNIQUE_CHECKS=@@UNIQUE_CHECKS, UNIQUE_CHECKS=0 */;
/*!40014 SET @OLD_FOREIGN_KEY_CHECKS=@@FOREIGN_KEY_CHECKS, FOREIGN_KEY_CHECKS=0 */;
/*!40101 SET @OLD_SQL_MODE=@@SQL_MODE, SQL_MODE='NO_AUTO_VALUE_ON_ZERO' */;
/*!40111 SET @OLD_SQL_NOTES=@@SQL_NOTES, SQL_NOTES=0 */;

--
-- Table structure for table `sys_dept`
--

DROP TABLE IF EXISTS `sys_dept`;
/*!40101 SET @saved_cs_client     = @@character_set_client */;
/*!40101 SET character_set_client = utf8 */;
CREATE TABLE `sys_dept` (
  `dept_id` bigint(20) NOT NULL AUTO_INCREMENT,
  `parent_id` bigint(20) DEFAULT NULL COMMENT '上级部门ID，一级部门为0',
  `dept_name` varchar(50) DEFAULT NULL COMMENT '部门名称',
  `order_no` int(11) DEFAULT NULL COMMENT '排序',
  `status` varchar(5) DEFAULT NULL COMMENT '状态',
  PRIMARY KEY (`dept_id`)
) ENGINE=InnoDB AUTO_INCREMENT=5 DEFAULT CHARSET=utf8 COMMENT='部门管理';
/*!40101 SET character_set_client = @saved_cs_client */;

--
-- Dumping data for table `sys_dept`
--

LOCK TABLES `sys_dept` WRITE;
/*!40000 ALTER TABLE `sys_dept` DISABLE KEYS */;
INSERT INTO `sys_dept` VALUES (1,0,'深圳市一墨科技有限公司',1,'1'),(2,1,'科技部',2,'1'),(4,1,'审批部',4,'1');
/*!40000 ALTER TABLE `sys_dept` ENABLE KEYS */;
UNLOCK TABLES;

--
-- Table structure for table `sys_dict`
--

DROP TABLE IF EXISTS `sys_dict`;
/*!40101 SET @saved_cs_client     = @@character_set_client */;
/*!40101 SET character_set_client = utf8 */;
CREATE TABLE `sys_dict` (
  `dict_type` varchar(50) NOT NULL DEFAULT '' COMMENT '字典类型',
  `dict_describe` varchar(50) DEFAULT NULL COMMENT '字典描述',
  `status` tinyint(255) DEFAULT NULL COMMENT '状态 0:禁用，1:正常',
  `create_user_id` bigint(255) DEFAULT NULL COMMENT '创建用户id',
  `create_time` datetime DEFAULT NULL COMMENT '创建时间',
  `update_time` datetime DEFAULT NULL COMMENT '修改时间',
  PRIMARY KEY (`dict_type`)
) ENGINE=InnoDB DEFAULT CHARSET=utf8 COMMENT='数据字典目标表';
/*!40101 SET character_set_client = @saved_cs_client */;

--
-- Dumping data for table `sys_dict`
--

LOCK TABLES `sys_dict` WRITE;
/*!40000 ALTER TABLE `sys_dict` DISABLE KEYS */;
INSERT INTO `sys_dict` VALUES ('Sex','性别',1,NULL,NULL,NULL);
/*!40000 ALTER TABLE `sys_dict` ENABLE KEYS */;
UNLOCK TABLES;

--
-- Table structure for table `sys_dict_data`
--

DROP TABLE IF EXISTS `sys_dict_data`;
/*!40101 SET @saved_cs_client     = @@character_set_client */;
/*!40101 SET character_set_client = utf8 */;
CREATE TABLE `sys_dict_data` (
  `dict_type` varchar(20) NOT NULL COMMENT '字典类型',
  `dict_no` varchar(50) NOT NULL COMMENT '字典编码',
  `dict_name` varchar(100) DEFAULT NULL COMMENT '字典含义',
  `dict_describe` varchar(50) DEFAULT NULL COMMENT '字典描述',
  `status` tinyint(255) DEFAULT NULL COMMENT '状态 0:禁用，1:正常',
  `create_user_id` bigint(255) DEFAULT NULL COMMENT '创建用户id',
  `create_time` datetime DEFAULT NULL COMMENT '创建时间',
  `update_time` datetime DEFAULT NULL COMMENT '修改时间',
  PRIMARY KEY (`dict_type`,`dict_no`),
  CONSTRAINT `sys_dict_data_sys_dict_fk` FOREIGN KEY (`dict_type`) REFERENCES `sys_dict` (`dict_type`) ON DELETE CASCADE
) ENGINE=InnoDB DEFAULT CHARSET=utf8 COMMENT='数据字典数据表';
/*!40101 SET character_set_client = @saved_cs_client */;

--
-- Dumping data for table `sys_dict_data`
--

LOCK TABLES `sys_dict_data` WRITE;
/*!40000 ALTER TABLE `sys_dict_data` DISABLE KEYS */;
INSERT INTO `sys_dict_data` VALUES ('Sex','1','男',NULL,1,NULL,NULL,NULL),('Sex','2','女',NULL,1,NULL,NULL,NULL);
/*!40000 ALTER TABLE `sys_dict_data` ENABLE KEYS */;
UNLOCK TABLES;

--
-- Table structure for table `sys_log`
--

DROP TABLE IF EXISTS `sys_log`;
/*!40101 SET @saved_cs_client     = @@character_set_client */;
/*!40101 SET character_set_client = utf8 */;
CREATE TABLE `sys_log` (
  `id` bigint(20) NOT NULL AUTO_INCREMENT,
  `user_id` bigint(20) DEFAULT NULL COMMENT '用户id',
  `user_name` varchar(50) DEFAULT NULL COMMENT '用户名',
  `operation_type` varchar(50) DEFAULT NULL COMMENT '用户操作类型',
  `time` bigint(20) DEFAULT NULL COMMENT '响应时间',
  `method` varchar(200) DEFAULT NULL COMMENT '请求方法',
  `params` varchar(5000) DEFAULT NULL COMMENT '请求参数',
  `ip` varchar(64) DEFAULT NULL COMMENT 'IP地址',
  `create_time` datetime DEFAULT NULL COMMENT '创建时间',
  `url` varchar(50) DEFAULT NULL COMMENT '操作url',
  `describe` varchar(100) DEFAULT NULL COMMENT '日志描述',
  `title` varchar(50) DEFAULT NULL COMMENT '标题',
  PRIMARY KEY (`id`)
) ENGINE=InnoDB AUTO_INCREMENT=374 DEFAULT CHARSET=utf8 COMMENT='系统日志';
/*!40101 SET character_set_client = @saved_cs_client */;

--
-- Dumping data for table `sys_log`
--

LOCK TABLES `sys_log` WRITE;
/*!40000 ALTER TABLE `sys_log` DISABLE KEYS */;
INSERT INTO `sys_log` VALUES (369,1,'沙漠骆驼','QUERY',17,'top.yimo.sys.controller.MenuController.list','[{sort=order_no}]','0:0:0:0:0:0:0:1','2019-03-11 10:50:05','http://localhost/YiMo/sys/menu/list','获取菜单管理 列表','菜单管理'),(370,1,'沙漠骆驼','QUERY',19,'top.yimo.sys.controller.LogController.listByPage',NULL,'0:0:0:0:0:0:0:1','2019-03-11 10:56:37','http://localhost/YiMo/sys/log/list','获取系统日志列表','系统日志'),(371,1,'沙漠骆驼','QUERY',13,'top.yimo.sys.controller.LogController.listByPage',NULL,'0:0:0:0:0:0:0:1','2019-03-11 10:56:42','http://localhost/YiMo/sys/log/list','获取系统日志列表','系统日志'),(372,1,'沙漠骆驼','QUERY',15,'top.yimo.sys.controller.MenuController.list',NULL,'0:0:0:0:0:0:0:1','2019-03-11 10:58:24','http://localhost/YiMo/sys/menu/list','获取菜单管理 列表','菜单管理'),(373,1,'沙漠骆驼','QUERY',19,'top.yimo.sys.controller.DeptController.list',NULL,'0:0:0:0:0:0:0:1','2019-03-11 10:58:25','http://localhost/YiMo/sys/dept/list','获取部门管理 列表','部门管理');
/*!40000 ALTER TABLE `sys_log` ENABLE KEYS */;
UNLOCK TABLES;

--
-- Table structure for table `sys_menu`
--

DROP TABLE IF EXISTS `sys_menu`;
/*!40101 SET @saved_cs_client     = @@character_set_client */;
/*!40101 SET character_set_client = utf8 */;
CREATE TABLE `sys_menu` (
  `menu_id` bigint(20) NOT NULL AUTO_INCREMENT,
  `parent_id` bigint(20) DEFAULT NULL COMMENT '父菜单ID，一级菜单为0',
  `name` varchar(50) DEFAULT NULL COMMENT '菜单名称',
  `url` varchar(200) DEFAULT NULL COMMENT '菜单URL',
  `perms` varchar(500) DEFAULT NULL COMMENT '授权(多个用逗号分隔，如：user:list,user:create)',
  `type` int(11) DEFAULT NULL COMMENT '类型   0：目录   1：菜单   2：按钮',
  `icon` varchar(50) DEFAULT NULL COMMENT '菜单图标',
  `order_no` int(11) DEFAULT NULL COMMENT '排序号',
  `create_time` datetime DEFAULT NULL COMMENT '创建时间',
  `update_time` datetime DEFAULT NULL COMMENT '修改时间',
  `status` varchar(1) DEFAULT NULL COMMENT '菜单状态',
  PRIMARY KEY (`menu_id`)
) ENGINE=InnoDB AUTO_INCREMENT=50 DEFAULT CHARSET=utf8 COMMENT='菜单管理';
/*!40101 SET character_set_client = @saved_cs_client */;

--
-- Dumping data for table `sys_menu`
--

LOCK TABLES `sys_menu` WRITE;
/*!40000 ALTER TABLE `sys_menu` DISABLE KEYS */;
INSERT INTO `sys_menu` VALUES (1,0,'系统管理','','',0,'fa fa-gears',0,'2017-08-09 22:49:47','2019-03-01 18:06:09','1'),(2,1,'系统菜单','sys/menu/','sys:menu:menu',1,'fa fa-th-list',3,'2017-08-09 22:55:15',NULL,'1'),(3,1,'部门管理','sys/dept/','sys:dept:dept',1,'fa fa-group',4,'2017-08-09 22:55:15',NULL,'1'),(4,1,'用户管理','sys/user/','sys:user:user',1,'fa fa-user',1,'2017-08-10 14:12:11',NULL,'1'),(5,1,'角色管理','sys/role','sys:role:role',1,'fa fa-user-secret',2,'2017-08-10 14:13:19',NULL,'1'),(6,4,'编辑','','sys:user:edit',2,'',0,'2017-08-14 10:51:35',NULL,'1'),(7,4,'新增','','sys:user:add',2,'',0,'2017-08-14 10:51:35',NULL,'1'),(8,4,'删除','','sys:user:remove',2,'',0,'2017-08-14 10:51:35',NULL,'1'),(9,4,'重置密码','','sys:user:resetPwd',2,'',0,'2017-08-14 10:51:35',NULL,'1'),(10,4,'批量删除','','sys:user:batchRemove',2,'',0,'2017-08-14 10:51:35',NULL,'1'),(11,2,'新增','sys/menu/','sys:menu:add',2,'',3,'2017-08-09 22:55:15',NULL,'1'),(12,2,'编辑','sys/menu/','sys:menu:edit',2,'',3,'2017-08-09 22:55:15',NULL,'1'),(13,2,'删除','sys/menu/','sys:menu:remove',2,'',3,'2017-08-09 22:55:15',NULL,'1'),(17,5,'编辑','','sys:role:edit',2,'',0,'2017-08-14 10:51:35',NULL,'1'),(18,5,'删除','','sys:role:remove',2,'',0,'2017-08-14 10:51:35',NULL,'1'),(25,3,'新增','','sys:dept:add',2,'',NULL,NULL,NULL,'1'),(26,3,'编辑','','sys:dept:edit',2,'',NULL,NULL,NULL,'1'),(32,3,'删除','','sys:dept:remove',2,'',NULL,NULL,NULL,'1'),(37,0,'系统工具','','',0,'fa fa-cog fa-spin',NULL,'2019-03-01 14:16:05','2019-03-01 16:12:33','1'),(38,37,'自动生成代码','generator','sys:generator:generator',1,'fa fa-anchor ',NULL,'2019-03-01 14:22:52','2019-03-01 17:54:59','1'),(39,0,'系统监控','','',0,'fa fa-tachometer',3,'2019-03-01 18:09:57',NULL,'1'),(40,39,'系统日志','sys/log','sys:log:log',1,'fa fa-file-archive-o',NULL,'2019-03-01 18:11:48',NULL,'1'),(41,5,'新增','','sys:role:add',2,'',NULL,'2019-03-05 11:53:48',NULL,'1'),(42,1,'数据字典','sys/dict','sys:dict:dict',1,'fa fa-book',NULL,'2019-03-07 17:26:16','2019-03-07 17:27:14','1'),(43,42,'新增','','sys:dict:add',2,'',NULL,'2019-03-07 17:35:45',NULL,'1'),(44,42,'编辑','','sys:dict:edit',2,'',NULL,'2019-03-07 17:36:08',NULL,'1'),(45,42,'删除','','sys:dict:remove',2,'',NULL,'2019-03-07 17:36:08',NULL,'1'),(46,1,'数据字典数据','','sys:dictData',2,'',NULL,'2019-03-07 17:36:08',NULL,'1'),(47,46,'编辑字典数据','','sys:dictData:edit',2,'',NULL,'2019-03-07 17:36:08',NULL,'1'),(48,46,'新增字典数据','','sys:dictData:add',2,'',NULL,'2019-03-07 17:36:08',NULL,'1'),(49,46,'删除字典数据','','sys:dictData:remove',2,'',NULL,'2019-03-07 17:36:08',NULL,'1');
/*!40000 ALTER TABLE `sys_menu` ENABLE KEYS */;
UNLOCK TABLES;

--
-- Table structure for table `sys_role`
--

DROP TABLE IF EXISTS `sys_role`;
/*!40101 SET @saved_cs_client     = @@character_set_client */;
/*!40101 SET character_set_client = utf8 */;
CREATE TABLE `sys_role` (
  `role_id` bigint(20) NOT NULL AUTO_INCREMENT,
  `role_name` varchar(100) DEFAULT NULL COMMENT '角色名称',
  `role_sign` varchar(100) DEFAULT NULL COMMENT '角色标识',
  `remark` varchar(100) DEFAULT NULL COMMENT '备注',
  `create_user_id` bigint(255) DEFAULT NULL COMMENT '创建用户id',
  `create_time` datetime DEFAULT NULL COMMENT '创建时间',
  `update_time` datetime DEFAULT NULL COMMENT '更新时间',
  `status` varchar(100) DEFAULT NULL COMMENT '角色状态',
  PRIMARY KEY (`role_id`)
) ENGINE=InnoDB AUTO_INCREMENT=7 DEFAULT CHARSET=utf8 COMMENT='角色';
/*!40101 SET character_set_client = @saved_cs_client */;

--
-- Dumping data for table `sys_role`
--

LOCK TABLES `sys_role` WRITE;
/*!40000 ALTER TABLE `sys_role` DISABLE KEYS */;
INSERT INTO `sys_role` VALUES (1,'超级管理员','superAdmin','',NULL,NULL,'2019-03-07 18:00:43','1'),(2,'用户管理员','userAdmin','用于管理用户信息',NULL,NULL,NULL,'1'),(3,'系统运维员','operations','',NULL,NULL,'2019-03-05 12:04:14','1');
/*!40000 ALTER TABLE `sys_role` ENABLE KEYS */;
UNLOCK TABLES;

--
-- Table structure for table `sys_role_menu`
--

DROP TABLE IF EXISTS `sys_role_menu`;
/*!40101 SET @saved_cs_client     = @@character_set_client */;
/*!40101 SET character_set_client = utf8 */;
CREATE TABLE `sys_role_menu` (
  `id` bigint(20) NOT NULL AUTO_INCREMENT,
  `role_id` bigint(20) DEFAULT NULL COMMENT '角色ID',
  `menu_id` bigint(20) DEFAULT NULL COMMENT '菜单ID',
  PRIMARY KEY (`id`),
  KEY `sys_role_menu_sys_role_fk` (`role_id`),
  KEY `sys_role_menu_sys_menu_fk` (`menu_id`),
  CONSTRAINT `sys_role_menu_sys_menu_fk` FOREIGN KEY (`menu_id`) REFERENCES `sys_menu` (`menu_id`),
  CONSTRAINT `sys_role_menu_sys_role_fk` FOREIGN KEY (`role_id`) REFERENCES `sys_role` (`role_id`) ON DELETE CASCADE ON UPDATE CASCADE
) ENGINE=InnoDB AUTO_INCREMENT=302 DEFAULT CHARSET=utf8 COMMENT='角色与菜单对应关系';
/*!40101 SET character_set_client = @saved_cs_client */;

--
-- Dumping data for table `sys_role_menu`
--

LOCK TABLES `sys_role_menu` WRITE;
/*!40000 ALTER TABLE `sys_role_menu` DISABLE KEYS */;
INSERT INTO `sys_role_menu` VALUES (57,2,4),(58,2,6),(59,2,7),(60,2,8),(61,2,9),(62,2,10),(63,2,1),(222,3,40),(223,3,39),(274,1,1),(275,1,2),(276,1,3),(277,1,4),(278,1,5),(279,1,6),(280,1,7),(281,1,8),(282,1,9),(283,1,10),(284,1,11),(285,1,12),(286,1,13),(287,1,17),(288,1,18),(289,1,25),(290,1,26),(291,1,32),(292,1,37),(293,1,38),(294,1,39),(295,1,40),(296,1,41),(297,1,42),(298,1,43),(299,1,44),(300,1,45),(301,1,46);
/*!40000 ALTER TABLE `sys_role_menu` ENABLE KEYS */;
UNLOCK TABLES;

--
-- Table structure for table `sys_user`
--

DROP TABLE IF EXISTS `sys_user`;
/*!40101 SET @saved_cs_client     = @@character_set_client */;
/*!40101 SET character_set_client = utf8 */;
CREATE TABLE `sys_user` (
  `user_id` bigint(20) NOT NULL AUTO_INCREMENT,
  `user_name` varchar(50) DEFAULT NULL COMMENT '用户名',
  `name` varchar(100) DEFAULT NULL COMMENT '昵称',
  `password` varchar(50) DEFAULT NULL COMMENT '密码',
  `dept_id` bigint(20) DEFAULT NULL COMMENT '部门ID',
  `email` varchar(80) DEFAULT NULL COMMENT '邮箱',
  `mobile` varchar(20) DEFAULT NULL COMMENT '手机号',
  `status` tinyint(255) DEFAULT NULL COMMENT '状态 0:禁用，1:正常',
  `create_user_id` bigint(20) DEFAULT NULL COMMENT '创建用户id',
  `create_time` varchar(20) DEFAULT NULL COMMENT '创建时间',
  `update_time` varchar(20) DEFAULT NULL COMMENT '修改时间',
  `sex` bigint(3) DEFAULT NULL COMMENT '性别',
  `birth` varchar(10) DEFAULT NULL COMMENT '出身日期',
  `pic_id` bigint(32) DEFAULT NULL,
  `address` varchar(500) DEFAULT NULL COMMENT '现居住地',
  `hobby` varchar(255) DEFAULT NULL COMMENT '爱好',
  `province` varchar(255) DEFAULT NULL COMMENT '省份',
  `city` varchar(255) DEFAULT NULL COMMENT '所在城市',
  `district` varchar(255) DEFAULT NULL COMMENT '所在地区',
  PRIMARY KEY (`user_id`),
  KEY `sys_user_sys_dept_fk` (`dept_id`),
  CONSTRAINT `sys_user_sys_dept_fk` FOREIGN KEY (`dept_id`) REFERENCES `sys_dept` (`dept_id`)
) ENGINE=InnoDB AUTO_INCREMENT=14 DEFAULT CHARSET=utf8 COMMENT='系统用户表';
/*!40101 SET character_set_client = @saved_cs_client */;

--
-- Dumping data for table `sys_user`
--

LOCK TABLES `sys_user` WRITE;
/*!40000 ALTER TABLE `sys_user` DISABLE KEYS */;
INSERT INTO `sys_user` VALUES (1,'tayle','沙漠骆驼','a91f1e137d8d6d94fd865266a664948c',2,'123@qq.com','13112344321',1,NULL,'','2019-03-01 14:21:13',1,'',NULL,'','','','','');
/*!40000 ALTER TABLE `sys_user` ENABLE KEYS */;
UNLOCK TABLES;

--
-- Table structure for table `sys_user_role`
--

DROP TABLE IF EXISTS `sys_user_role`;
/*!40101 SET @saved_cs_client     = @@character_set_client */;
/*!40101 SET character_set_client = utf8 */;
CREATE TABLE `sys_user_role` (
  `id` bigint(20) NOT NULL AUTO_INCREMENT,
  `user_id` bigint(20) DEFAULT NULL COMMENT '用户ID',
  `role_id` bigint(20) DEFAULT NULL COMMENT '角色ID',
  PRIMARY KEY (`id`),
  KEY `sys_user_role_sys_role_fk` (`role_id`),
  KEY `sys_user_role_sys_user_fk` (`user_id`),
  CONSTRAINT `sys_user_role_sys_role_fk` FOREIGN KEY (`role_id`) REFERENCES `sys_role` (`role_id`) ON DELETE CASCADE ON UPDATE CASCADE,
  CONSTRAINT `sys_user_role_sys_user_fk` FOREIGN KEY (`user_id`) REFERENCES `sys_user` (`user_id`)
) ENGINE=InnoDB AUTO_INCREMENT=44 DEFAULT CHARSET=utf8 COMMENT='用户与角色对应关系';
/*!40101 SET character_set_client = @saved_cs_client */;

--
-- Dumping data for table `sys_user_role`
--

LOCK TABLES `sys_user_role` WRITE;
/*!40000 ALTER TABLE `sys_user_role` DISABLE KEYS */;
INSERT INTO `sys_user_role` VALUES (38,1,1),(43,1,1);
/*!40000 ALTER TABLE `sys_user_role` ENABLE KEYS */;
UNLOCK TABLES;

--
-- Dumping routines for database 'yimo'
--
/*!40103 SET TIME_ZONE=@OLD_TIME_ZONE */;

/*!40101 SET SQL_MODE=@OLD_SQL_MODE */;
/*!40014 SET FOREIGN_KEY_CHECKS=@OLD_FOREIGN_KEY_CHECKS */;
/*!40014 SET UNIQUE_CHECKS=@OLD_UNIQUE_CHECKS */;
/*!40101 SET CHARACTER_SET_CLIENT=@OLD_CHARACTER_SET_CLIENT */;
/*!40101 SET CHARACTER_SET_RESULTS=@OLD_CHARACTER_SET_RESULTS */;
/*!40101 SET COLLATION_CONNECTION=@OLD_COLLATION_CONNECTION */;
/*!40111 SET SQL_NOTES=@OLD_SQL_NOTES */;

-- Dump completed on 2019-03-11 11:15:32
