-- MySQL dump 10.13  Distrib 5.6.24, for Win64 (x86_64)
--
-- Host: localhost    Database: yimo
-- ------------------------------------------------------
-- Server version	5.6.24

/*!40101 SET @OLD_CHARACTER_SET_CLIENT=@@CHARACTER_SET_CLIENT */;
/*!40101 SET @OLD_CHARACTER_SET_RESULTS=@@CHARACTER_SET_RESULTS */;
/*!40101 SET @OLD_COLLATION_CONNECTION=@@COLLATION_CONNECTION */;
/*!40101 SET NAMES utf8 */;
/*!40103 SET @OLD_TIME_ZONE=@@TIME_ZONE */;
/*!40103 SET TIME_ZONE='+00:00' */;
/*!40014 SET @OLD_UNIQUE_CHECKS=@@UNIQUE_CHECKS, UNIQUE_CHECKS=0 */;
/*!40014 SET @OLD_FOREIGN_KEY_CHECKS=@@FOREIGN_KEY_CHECKS, FOREIGN_KEY_CHECKS=0 */;
/*!40101 SET @OLD_SQL_MODE=@@SQL_MODE, SQL_MODE='NO_AUTO_VALUE_ON_ZERO' */;
/*!40111 SET @OLD_SQL_NOTES=@@SQL_NOTES, SQL_NOTES=0 */;

--
-- Table structure for table `qrtz_blob_triggers`
--

DROP TABLE IF EXISTS `qrtz_blob_triggers`;
/*!40101 SET @saved_cs_client     = @@character_set_client */;
/*!40101 SET character_set_client = utf8 */;
CREATE TABLE `qrtz_blob_triggers` (
  `SCHED_NAME` varchar(120) NOT NULL,
  `TRIGGER_NAME` varchar(190) NOT NULL,
  `TRIGGER_GROUP` varchar(190) NOT NULL,
  `BLOB_DATA` blob,
  PRIMARY KEY (`SCHED_NAME`,`TRIGGER_NAME`,`TRIGGER_GROUP`),
  KEY `SCHED_NAME` (`SCHED_NAME`,`TRIGGER_NAME`,`TRIGGER_GROUP`),
  CONSTRAINT `qrtz_blob_triggers_ibfk_1` FOREIGN KEY (`SCHED_NAME`, `TRIGGER_NAME`, `TRIGGER_GROUP`) REFERENCES `qrtz_triggers` (`SCHED_NAME`, `TRIGGER_NAME`, `TRIGGER_GROUP`)
) ENGINE=InnoDB DEFAULT CHARSET=utf8;
/*!40101 SET character_set_client = @saved_cs_client */;

--
-- Dumping data for table `qrtz_blob_triggers`
--

LOCK TABLES `qrtz_blob_triggers` WRITE;
/*!40000 ALTER TABLE `qrtz_blob_triggers` DISABLE KEYS */;
/*!40000 ALTER TABLE `qrtz_blob_triggers` ENABLE KEYS */;
UNLOCK TABLES;

--
-- Table structure for table `qrtz_calendars`
--

DROP TABLE IF EXISTS `qrtz_calendars`;
/*!40101 SET @saved_cs_client     = @@character_set_client */;
/*!40101 SET character_set_client = utf8 */;
CREATE TABLE `qrtz_calendars` (
  `SCHED_NAME` varchar(120) NOT NULL,
  `CALENDAR_NAME` varchar(190) NOT NULL,
  `CALENDAR` blob NOT NULL,
  PRIMARY KEY (`SCHED_NAME`,`CALENDAR_NAME`)
) ENGINE=InnoDB DEFAULT CHARSET=utf8;
/*!40101 SET character_set_client = @saved_cs_client */;

--
-- Dumping data for table `qrtz_calendars`
--

LOCK TABLES `qrtz_calendars` WRITE;
/*!40000 ALTER TABLE `qrtz_calendars` DISABLE KEYS */;
/*!40000 ALTER TABLE `qrtz_calendars` ENABLE KEYS */;
UNLOCK TABLES;

--
-- Table structure for table `qrtz_cron_triggers`
--

DROP TABLE IF EXISTS `qrtz_cron_triggers`;
/*!40101 SET @saved_cs_client     = @@character_set_client */;
/*!40101 SET character_set_client = utf8 */;
CREATE TABLE `qrtz_cron_triggers` (
  `SCHED_NAME` varchar(120) NOT NULL,
  `TRIGGER_NAME` varchar(190) NOT NULL,
  `TRIGGER_GROUP` varchar(190) NOT NULL,
  `CRON_EXPRESSION` varchar(120) NOT NULL,
  `TIME_ZONE_ID` varchar(80) DEFAULT NULL,
  PRIMARY KEY (`SCHED_NAME`,`TRIGGER_NAME`,`TRIGGER_GROUP`),
  CONSTRAINT `qrtz_cron_triggers_ibfk_1` FOREIGN KEY (`SCHED_NAME`, `TRIGGER_NAME`, `TRIGGER_GROUP`) REFERENCES `qrtz_triggers` (`SCHED_NAME`, `TRIGGER_NAME`, `TRIGGER_GROUP`)
) ENGINE=InnoDB DEFAULT CHARSET=utf8;
/*!40101 SET character_set_client = @saved_cs_client */;

--
-- Dumping data for table `qrtz_cron_triggers`
--

LOCK TABLES `qrtz_cron_triggers` WRITE;
/*!40000 ALTER TABLE `qrtz_cron_triggers` DISABLE KEYS */;
INSERT INTO `qrtz_cron_triggers` VALUES ('YiMoScheduler','trigger-SyncOnlineStatusJob','trigger-myCronJob','0/30 * * * * ?','Asia/Shanghai'),('YiMoScheduler','trigger-WebLogJob','trigger-myCronJob','0/1 * * * * ?','Asia/Shanghai'),('YiMoScheduler','trigger-WebSocketMessageJob','trigger-myCronJob','0/5 * * * * ?','Asia/Shanghai');
/*!40000 ALTER TABLE `qrtz_cron_triggers` ENABLE KEYS */;
UNLOCK TABLES;

--
-- Table structure for table `qrtz_fired_triggers`
--

DROP TABLE IF EXISTS `qrtz_fired_triggers`;
/*!40101 SET @saved_cs_client     = @@character_set_client */;
/*!40101 SET character_set_client = utf8 */;
CREATE TABLE `qrtz_fired_triggers` (
  `SCHED_NAME` varchar(120) NOT NULL,
  `ENTRY_ID` varchar(95) NOT NULL,
  `TRIGGER_NAME` varchar(190) NOT NULL,
  `TRIGGER_GROUP` varchar(190) NOT NULL,
  `INSTANCE_NAME` varchar(190) NOT NULL,
  `FIRED_TIME` bigint(13) NOT NULL,
  `SCHED_TIME` bigint(13) NOT NULL,
  `PRIORITY` int(11) NOT NULL,
  `STATE` varchar(16) NOT NULL,
  `JOB_NAME` varchar(190) DEFAULT NULL,
  `JOB_GROUP` varchar(190) DEFAULT NULL,
  `IS_NONCONCURRENT` varchar(1) DEFAULT NULL,
  `REQUESTS_RECOVERY` varchar(1) DEFAULT NULL,
  PRIMARY KEY (`SCHED_NAME`,`ENTRY_ID`),
  KEY `IDX_QRTZ_FT_TRIG_INST_NAME` (`SCHED_NAME`,`INSTANCE_NAME`),
  KEY `IDX_QRTZ_FT_INST_JOB_REQ_RCVRY` (`SCHED_NAME`,`INSTANCE_NAME`,`REQUESTS_RECOVERY`),
  KEY `IDX_QRTZ_FT_J_G` (`SCHED_NAME`,`JOB_NAME`,`JOB_GROUP`),
  KEY `IDX_QRTZ_FT_JG` (`SCHED_NAME`,`JOB_GROUP`),
  KEY `IDX_QRTZ_FT_T_G` (`SCHED_NAME`,`TRIGGER_NAME`,`TRIGGER_GROUP`),
  KEY `IDX_QRTZ_FT_TG` (`SCHED_NAME`,`TRIGGER_GROUP`)
) ENGINE=InnoDB DEFAULT CHARSET=utf8;
/*!40101 SET character_set_client = @saved_cs_client */;

--
-- Dumping data for table `qrtz_fired_triggers`
--

LOCK TABLES `qrtz_fired_triggers` WRITE;
/*!40000 ALTER TABLE `qrtz_fired_triggers` DISABLE KEYS */;
/*!40000 ALTER TABLE `qrtz_fired_triggers` ENABLE KEYS */;
UNLOCK TABLES;

--
-- Table structure for table `qrtz_job_details`
--

DROP TABLE IF EXISTS `qrtz_job_details`;
/*!40101 SET @saved_cs_client     = @@character_set_client */;
/*!40101 SET character_set_client = utf8 */;
CREATE TABLE `qrtz_job_details` (
  `SCHED_NAME` varchar(120) NOT NULL,
  `JOB_NAME` varchar(190) NOT NULL,
  `JOB_GROUP` varchar(190) NOT NULL,
  `DESCRIPTION` varchar(250) DEFAULT NULL,
  `JOB_CLASS_NAME` varchar(250) NOT NULL,
  `IS_DURABLE` varchar(1) NOT NULL,
  `IS_NONCONCURRENT` varchar(1) NOT NULL,
  `IS_UPDATE_DATA` varchar(1) NOT NULL,
  `REQUESTS_RECOVERY` varchar(1) NOT NULL,
  `JOB_DATA` blob,
  PRIMARY KEY (`SCHED_NAME`,`JOB_NAME`,`JOB_GROUP`),
  KEY `IDX_QRTZ_J_REQ_RECOVERY` (`SCHED_NAME`,`REQUESTS_RECOVERY`),
  KEY `IDX_QRTZ_J_GRP` (`SCHED_NAME`,`JOB_GROUP`)
) ENGINE=InnoDB DEFAULT CHARSET=utf8;
/*!40101 SET character_set_client = @saved_cs_client */;

--
-- Dumping data for table `qrtz_job_details`
--

LOCK TABLES `qrtz_job_details` WRITE;
/*!40000 ALTER TABLE `qrtz_job_details` DISABLE KEYS */;
INSERT INTO `qrtz_job_details` VALUES ('YiMoScheduler','SyncOnlineStatusJob','myCronJob','ÂêåÊ≠•Âú®Á∫øÁî®Êà∑Áä∂ÊÄÅ','top.yimo.common.quartz.job.SyncOnlineStatusJob','0','0','0','0','¨Ì\0sr\0org.quartz.JobDataMapü∞ÉËø©∞À\0\0xr\0&org.quartz.utils.StringKeyDirtyFlagMapÇË√˚≈](\0Z\0allowsTransientDataxr\0org.quartz.utils.DirtyFlagMapÊ.≠(v\nŒ\0Z\0dirtyL\0mapt\0Ljava/util/Map;xp\0sr\0java.util.HashMap⁄¡√`—\0F\0\nloadFactorI\0	thresholdxp?@\0\0\0\0\0w\0\0\0\0\0\0\0x\0'),('YiMoScheduler','WebLogJob','myCronJob','ÂÆöÊó∂ËΩÆËØ¢ËØªÂèñÊúçÂä°Âô®Êó•Âøó','top.yimo.common.quartz.job.WebLogJob','0','0','0','0','¨Ì\0sr\0org.quartz.JobDataMapü∞ÉËø©∞À\0\0xr\0&org.quartz.utils.StringKeyDirtyFlagMapÇË√˚≈](\0Z\0allowsTransientDataxr\0org.quartz.utils.DirtyFlagMapÊ.≠(v\nŒ\0Z\0dirtyL\0mapt\0Ljava/util/Map;xp\0sr\0java.util.HashMap⁄¡√`—\0F\0\nloadFactorI\0	thresholdxp?@\0\0\0\0\0w\0\0\0\0\0\0\0x\0'),('YiMoScheduler','WebSocketMessageJob','myCronJob','Ëá™Âä®ÂèëÈÄÅwebSocketÊ∂àÊÅØ','top.yimo.common.quartz.job.WebSocketMessageJob','0','0','0','0','¨Ì\0sr\0org.quartz.JobDataMapü∞ÉËø©∞À\0\0xr\0&org.quartz.utils.StringKeyDirtyFlagMapÇË√˚≈](\0Z\0allowsTransientDataxr\0org.quartz.utils.DirtyFlagMapÊ.≠(v\nŒ\0Z\0dirtyL\0mapt\0Ljava/util/Map;xp\0sr\0java.util.HashMap⁄¡√`—\0F\0\nloadFactorI\0	thresholdxp?@\0\0\0\0\0w\0\0\0\0\0\0\0x\0');
/*!40000 ALTER TABLE `qrtz_job_details` ENABLE KEYS */;
UNLOCK TABLES;

--
-- Table structure for table `qrtz_locks`
--

DROP TABLE IF EXISTS `qrtz_locks`;
/*!40101 SET @saved_cs_client     = @@character_set_client */;
/*!40101 SET character_set_client = utf8 */;
CREATE TABLE `qrtz_locks` (
  `SCHED_NAME` varchar(120) NOT NULL,
  `LOCK_NAME` varchar(40) NOT NULL,
  PRIMARY KEY (`SCHED_NAME`,`LOCK_NAME`)
) ENGINE=InnoDB DEFAULT CHARSET=utf8;
/*!40101 SET character_set_client = @saved_cs_client */;

--
-- Dumping data for table `qrtz_locks`
--

LOCK TABLES `qrtz_locks` WRITE;
/*!40000 ALTER TABLE `qrtz_locks` DISABLE KEYS */;
INSERT INTO `qrtz_locks` VALUES ('clusteredScheduler','TRIGGER_ACCESS'),('YiMoScheduler','TRIGGER_ACCESS');
/*!40000 ALTER TABLE `qrtz_locks` ENABLE KEYS */;
UNLOCK TABLES;

--
-- Table structure for table `qrtz_paused_trigger_grps`
--

DROP TABLE IF EXISTS `qrtz_paused_trigger_grps`;
/*!40101 SET @saved_cs_client     = @@character_set_client */;
/*!40101 SET character_set_client = utf8 */;
CREATE TABLE `qrtz_paused_trigger_grps` (
  `SCHED_NAME` varchar(120) NOT NULL,
  `TRIGGER_GROUP` varchar(190) NOT NULL,
  PRIMARY KEY (`SCHED_NAME`,`TRIGGER_GROUP`)
) ENGINE=InnoDB DEFAULT CHARSET=utf8;
/*!40101 SET character_set_client = @saved_cs_client */;

--
-- Dumping data for table `qrtz_paused_trigger_grps`
--

LOCK TABLES `qrtz_paused_trigger_grps` WRITE;
/*!40000 ALTER TABLE `qrtz_paused_trigger_grps` DISABLE KEYS */;
/*!40000 ALTER TABLE `qrtz_paused_trigger_grps` ENABLE KEYS */;
UNLOCK TABLES;

--
-- Table structure for table `qrtz_scheduler_state`
--

DROP TABLE IF EXISTS `qrtz_scheduler_state`;
/*!40101 SET @saved_cs_client     = @@character_set_client */;
/*!40101 SET character_set_client = utf8 */;
CREATE TABLE `qrtz_scheduler_state` (
  `SCHED_NAME` varchar(120) NOT NULL,
  `INSTANCE_NAME` varchar(190) NOT NULL,
  `LAST_CHECKIN_TIME` bigint(13) NOT NULL,
  `CHECKIN_INTERVAL` bigint(13) NOT NULL,
  PRIMARY KEY (`SCHED_NAME`,`INSTANCE_NAME`)
) ENGINE=InnoDB DEFAULT CHARSET=utf8;
/*!40101 SET character_set_client = @saved_cs_client */;

--
-- Dumping data for table `qrtz_scheduler_state`
--

LOCK TABLES `qrtz_scheduler_state` WRITE;
/*!40000 ALTER TABLE `qrtz_scheduler_state` DISABLE KEYS */;
/*!40000 ALTER TABLE `qrtz_scheduler_state` ENABLE KEYS */;
UNLOCK TABLES;

--
-- Table structure for table `qrtz_simple_triggers`
--

DROP TABLE IF EXISTS `qrtz_simple_triggers`;
/*!40101 SET @saved_cs_client     = @@character_set_client */;
/*!40101 SET character_set_client = utf8 */;
CREATE TABLE `qrtz_simple_triggers` (
  `SCHED_NAME` varchar(120) NOT NULL,
  `TRIGGER_NAME` varchar(190) NOT NULL,
  `TRIGGER_GROUP` varchar(190) NOT NULL,
  `REPEAT_COUNT` bigint(7) NOT NULL,
  `REPEAT_INTERVAL` bigint(12) NOT NULL,
  `TIMES_TRIGGERED` bigint(10) NOT NULL,
  PRIMARY KEY (`SCHED_NAME`,`TRIGGER_NAME`,`TRIGGER_GROUP`),
  CONSTRAINT `qrtz_simple_triggers_ibfk_1` FOREIGN KEY (`SCHED_NAME`, `TRIGGER_NAME`, `TRIGGER_GROUP`) REFERENCES `qrtz_triggers` (`SCHED_NAME`, `TRIGGER_NAME`, `TRIGGER_GROUP`)
) ENGINE=InnoDB DEFAULT CHARSET=utf8;
/*!40101 SET character_set_client = @saved_cs_client */;

--
-- Dumping data for table `qrtz_simple_triggers`
--

LOCK TABLES `qrtz_simple_triggers` WRITE;
/*!40000 ALTER TABLE `qrtz_simple_triggers` DISABLE KEYS */;
/*!40000 ALTER TABLE `qrtz_simple_triggers` ENABLE KEYS */;
UNLOCK TABLES;

--
-- Table structure for table `qrtz_simprop_triggers`
--

DROP TABLE IF EXISTS `qrtz_simprop_triggers`;
/*!40101 SET @saved_cs_client     = @@character_set_client */;
/*!40101 SET character_set_client = utf8 */;
CREATE TABLE `qrtz_simprop_triggers` (
  `SCHED_NAME` varchar(120) NOT NULL,
  `TRIGGER_NAME` varchar(190) NOT NULL,
  `TRIGGER_GROUP` varchar(190) NOT NULL,
  `STR_PROP_1` varchar(512) DEFAULT NULL,
  `STR_PROP_2` varchar(512) DEFAULT NULL,
  `STR_PROP_3` varchar(512) DEFAULT NULL,
  `INT_PROP_1` int(11) DEFAULT NULL,
  `INT_PROP_2` int(11) DEFAULT NULL,
  `LONG_PROP_1` bigint(20) DEFAULT NULL,
  `LONG_PROP_2` bigint(20) DEFAULT NULL,
  `DEC_PROP_1` decimal(13,4) DEFAULT NULL,
  `DEC_PROP_2` decimal(13,4) DEFAULT NULL,
  `BOOL_PROP_1` varchar(1) DEFAULT NULL,
  `BOOL_PROP_2` varchar(1) DEFAULT NULL,
  PRIMARY KEY (`SCHED_NAME`,`TRIGGER_NAME`,`TRIGGER_GROUP`),
  CONSTRAINT `qrtz_simprop_triggers_ibfk_1` FOREIGN KEY (`SCHED_NAME`, `TRIGGER_NAME`, `TRIGGER_GROUP`) REFERENCES `qrtz_triggers` (`SCHED_NAME`, `TRIGGER_NAME`, `TRIGGER_GROUP`)
) ENGINE=InnoDB DEFAULT CHARSET=utf8;
/*!40101 SET character_set_client = @saved_cs_client */;

--
-- Dumping data for table `qrtz_simprop_triggers`
--

LOCK TABLES `qrtz_simprop_triggers` WRITE;
/*!40000 ALTER TABLE `qrtz_simprop_triggers` DISABLE KEYS */;
/*!40000 ALTER TABLE `qrtz_simprop_triggers` ENABLE KEYS */;
UNLOCK TABLES;

--
-- Table structure for table `qrtz_triggers`
--

DROP TABLE IF EXISTS `qrtz_triggers`;
/*!40101 SET @saved_cs_client     = @@character_set_client */;
/*!40101 SET character_set_client = utf8 */;
CREATE TABLE `qrtz_triggers` (
  `SCHED_NAME` varchar(120) NOT NULL,
  `TRIGGER_NAME` varchar(190) NOT NULL,
  `TRIGGER_GROUP` varchar(190) NOT NULL,
  `JOB_NAME` varchar(190) NOT NULL,
  `JOB_GROUP` varchar(190) NOT NULL,
  `DESCRIPTION` varchar(250) DEFAULT NULL,
  `NEXT_FIRE_TIME` bigint(13) DEFAULT NULL,
  `PREV_FIRE_TIME` bigint(13) DEFAULT NULL,
  `PRIORITY` int(11) DEFAULT NULL,
  `TRIGGER_STATE` varchar(16) NOT NULL,
  `TRIGGER_TYPE` varchar(8) NOT NULL,
  `START_TIME` bigint(13) NOT NULL,
  `END_TIME` bigint(13) DEFAULT NULL,
  `CALENDAR_NAME` varchar(190) DEFAULT NULL,
  `MISFIRE_INSTR` smallint(2) DEFAULT NULL,
  `JOB_DATA` blob,
  PRIMARY KEY (`SCHED_NAME`,`TRIGGER_NAME`,`TRIGGER_GROUP`),
  KEY `IDX_QRTZ_T_J` (`SCHED_NAME`,`JOB_NAME`,`JOB_GROUP`),
  KEY `IDX_QRTZ_T_JG` (`SCHED_NAME`,`JOB_GROUP`),
  KEY `IDX_QRTZ_T_C` (`SCHED_NAME`,`CALENDAR_NAME`),
  KEY `IDX_QRTZ_T_G` (`SCHED_NAME`,`TRIGGER_GROUP`),
  KEY `IDX_QRTZ_T_STATE` (`SCHED_NAME`,`TRIGGER_STATE`),
  KEY `IDX_QRTZ_T_N_STATE` (`SCHED_NAME`,`TRIGGER_NAME`,`TRIGGER_GROUP`,`TRIGGER_STATE`),
  KEY `IDX_QRTZ_T_N_G_STATE` (`SCHED_NAME`,`TRIGGER_GROUP`,`TRIGGER_STATE`),
  KEY `IDX_QRTZ_T_NEXT_FIRE_TIME` (`SCHED_NAME`,`NEXT_FIRE_TIME`),
  KEY `IDX_QRTZ_T_NFT_ST` (`SCHED_NAME`,`TRIGGER_STATE`,`NEXT_FIRE_TIME`),
  KEY `IDX_QRTZ_T_NFT_MISFIRE` (`SCHED_NAME`,`MISFIRE_INSTR`,`NEXT_FIRE_TIME`),
  KEY `IDX_QRTZ_T_NFT_ST_MISFIRE` (`SCHED_NAME`,`MISFIRE_INSTR`,`NEXT_FIRE_TIME`,`TRIGGER_STATE`),
  KEY `IDX_QRTZ_T_NFT_ST_MISFIRE_GRP` (`SCHED_NAME`,`MISFIRE_INSTR`,`NEXT_FIRE_TIME`,`TRIGGER_GROUP`,`TRIGGER_STATE`),
  CONSTRAINT `qrtz_triggers_ibfk_1` FOREIGN KEY (`SCHED_NAME`, `JOB_NAME`, `JOB_GROUP`) REFERENCES `qrtz_job_details` (`SCHED_NAME`, `JOB_NAME`, `JOB_GROUP`)
) ENGINE=InnoDB DEFAULT CHARSET=utf8;
/*!40101 SET character_set_client = @saved_cs_client */;

--
-- Dumping data for table `qrtz_triggers`
--

LOCK TABLES `qrtz_triggers` WRITE;
/*!40000 ALTER TABLE `qrtz_triggers` DISABLE KEYS */;
INSERT INTO `qrtz_triggers` VALUES ('YiMoScheduler','trigger-SyncOnlineStatusJob','trigger-myCronJob','SyncOnlineStatusJob','myCronJob',NULL,1557913350000,1557913320000,5,'PAUSED','CRON',1555039980000,0,NULL,0,''),('YiMoScheduler','trigger-WebLogJob','trigger-myCronJob','WebLogJob','myCronJob',NULL,1558340621131,1557913330000,5,'PAUSED','CRON',1555396082000,0,NULL,0,''),('YiMoScheduler','trigger-WebSocketMessageJob','trigger-myCronJob','WebSocketMessageJob','myCronJob',NULL,1557913340000,1557913335000,5,'PAUSED','CRON',1554198281000,0,NULL,0,'');
/*!40000 ALTER TABLE `qrtz_triggers` ENABLE KEYS */;
UNLOCK TABLES;

--
-- Table structure for table `sys_dept`
--

DROP TABLE IF EXISTS `sys_dept`;
/*!40101 SET @saved_cs_client     = @@character_set_client */;
/*!40101 SET character_set_client = utf8 */;
CREATE TABLE `sys_dept` (
  `dept_id` bigint(20) NOT NULL AUTO_INCREMENT,
  `parent_id` bigint(20) DEFAULT NULL COMMENT '‰∏äÁ∫ßÈÉ®Èó®IDÔºå‰∏ÄÁ∫ßÈÉ®Èó®‰∏∫0',
  `dept_name` varchar(50) DEFAULT NULL COMMENT 'ÈÉ®Èó®ÂêçÁß∞',
  `order_no` int(11) DEFAULT NULL COMMENT 'ÊéíÂ∫è',
  `status` varchar(5) DEFAULT NULL COMMENT 'Áä∂ÊÄÅ',
  PRIMARY KEY (`dept_id`)
) ENGINE=InnoDB AUTO_INCREMENT=8 DEFAULT CHARSET=utf8 COMMENT='ÈÉ®Èó®ÁÆ°ÁêÜ';
/*!40101 SET character_set_client = @saved_cs_client */;

--
-- Dumping data for table `sys_dept`
--

LOCK TABLES `sys_dept` WRITE;
/*!40000 ALTER TABLE `sys_dept` DISABLE KEYS */;
INSERT INTO `sys_dept` VALUES (1,0,'‰∏ÄÂ¢®ÊúâÈôêÂÖ¨Âè∏',1,'1'),(2,1,'ÁßëÊäÄÈÉ®',2,'1'),(4,1,'ÂÆ°ÊâπÈÉ®',4,'1'),(5,1,'‰∏öÂä°ÈÉ®',3,'1'),(6,1,'Â∏ÇÂú∫ÈÉ®',5,'1'),(7,1,'‰∫∫‰∫ãÈÉ®',6,'1');
/*!40000 ALTER TABLE `sys_dept` ENABLE KEYS */;
UNLOCK TABLES;

--
-- Table structure for table `sys_dict`
--

DROP TABLE IF EXISTS `sys_dict`;
/*!40101 SET @saved_cs_client     = @@character_set_client */;
/*!40101 SET character_set_client = utf8 */;
CREATE TABLE `sys_dict` (
  `dict_type` varchar(50) NOT NULL DEFAULT '' COMMENT 'Â≠óÂÖ∏Á±ªÂûã',
  `dict_describe` varchar(50) DEFAULT NULL COMMENT 'Â≠óÂÖ∏ÊèèËø∞',
  `status` tinyint(255) DEFAULT NULL COMMENT 'Áä∂ÊÄÅ 0:Á¶ÅÁî®Ôºå1:Ê≠£Â∏∏',
  `create_user_id` bigint(255) DEFAULT NULL COMMENT 'ÂàõÂª∫Áî®Êà∑id',
  `create_time` datetime DEFAULT NULL COMMENT 'ÂàõÂª∫Êó∂Èó¥',
  `update_time` datetime DEFAULT NULL COMMENT '‰øÆÊîπÊó∂Èó¥',
  PRIMARY KEY (`dict_type`)
) ENGINE=InnoDB DEFAULT CHARSET=utf8 COMMENT='Êï∞ÊçÆÂ≠óÂÖ∏ÁõÆÊ†áË°®';
/*!40101 SET character_set_client = @saved_cs_client */;

--
-- Dumping data for table `sys_dict`
--

LOCK TABLES `sys_dict` WRITE;
/*!40000 ALTER TABLE `sys_dict` DISABLE KEYS */;
INSERT INTO `sys_dict` VALUES ('OnlineStatus','Âú®Á∫øÁä∂ÊÄÅ',1,1,'2019-04-11 17:27:51','2019-04-11 17:27:51'),('Sex','ÊÄßÂà´',1,1,'2019-04-11 17:27:51','2019-04-11 17:27:48'),('Status','Áä∂ÊÄÅ',1,1,'2019-04-11 17:27:51','2019-04-11 17:27:45');
/*!40000 ALTER TABLE `sys_dict` ENABLE KEYS */;
UNLOCK TABLES;

--
-- Table structure for table `sys_dict_data`
--

DROP TABLE IF EXISTS `sys_dict_data`;
/*!40101 SET @saved_cs_client     = @@character_set_client */;
/*!40101 SET character_set_client = utf8 */;
CREATE TABLE `sys_dict_data` (
  `dict_type` varchar(20) NOT NULL COMMENT 'Â≠óÂÖ∏Á±ªÂûã',
  `dict_no` varchar(50) NOT NULL COMMENT 'Â≠óÂÖ∏ÁºñÁ†Å',
  `dict_name` varchar(100) DEFAULT NULL COMMENT 'Â≠óÂÖ∏Âê´‰πâ',
  `dict_describe` varchar(50) DEFAULT NULL COMMENT 'Â≠óÂÖ∏ÊèèËø∞',
  `status` tinyint(255) DEFAULT NULL COMMENT 'Áä∂ÊÄÅ 0:Á¶ÅÁî®Ôºå1:Ê≠£Â∏∏',
  `create_user_id` bigint(255) DEFAULT NULL COMMENT 'ÂàõÂª∫Áî®Êà∑id',
  `create_time` datetime DEFAULT NULL COMMENT 'ÂàõÂª∫Êó∂Èó¥',
  `update_time` datetime DEFAULT NULL COMMENT '‰øÆÊîπÊó∂Èó¥',
  PRIMARY KEY (`dict_type`,`dict_no`),
  CONSTRAINT `sys_dict_data_sys_dict_fk` FOREIGN KEY (`dict_type`) REFERENCES `sys_dict` (`dict_type`) ON DELETE CASCADE ON UPDATE CASCADE
) ENGINE=InnoDB DEFAULT CHARSET=utf8 COMMENT='Êï∞ÊçÆÂ≠óÂÖ∏Êï∞ÊçÆË°®';
/*!40101 SET character_set_client = @saved_cs_client */;

--
-- Dumping data for table `sys_dict_data`
--

LOCK TABLES `sys_dict_data` WRITE;
/*!40000 ALTER TABLE `sys_dict_data` DISABLE KEYS */;
INSERT INTO `sys_dict_data` VALUES ('OnlineStatus','off_line','‰∏ãÁ∫ø','label-danger',1,NULL,NULL,NULL),('OnlineStatus','on_line','Âú®Á∫ø','label-primary',1,NULL,NULL,'2019-05-24 11:42:10'),('Sex','1','Áî∑',NULL,1,NULL,NULL,NULL),('Sex','2','Â•≥',NULL,1,NULL,NULL,NULL),('Sex','3','Êú™Áü•','',1,1,'2019-04-12 11:34:06',NULL),('Status','0','ÂÅúÁî®','label-danger',1,NULL,NULL,'2019-04-12 10:06:18'),('Status','1','Ê≠£Â∏∏','label-primary',1,NULL,NULL,NULL);
/*!40000 ALTER TABLE `sys_dict_data` ENABLE KEYS */;
UNLOCK TABLES;

--
-- Table structure for table `sys_job`
--

DROP TABLE IF EXISTS `sys_job`;
/*!40101 SET @saved_cs_client     = @@character_set_client */;
/*!40101 SET character_set_client = utf8 */;
CREATE TABLE `sys_job` (
  `job_id` int(11) NOT NULL AUTO_INCREMENT COMMENT '‰ªªÂä°ID',
  `job_name` varchar(64) NOT NULL DEFAULT '' COMMENT '‰ªªÂä°ÂêçÁß∞',
  `job_group` varchar(64) NOT NULL DEFAULT '' COMMENT '‰ªªÂä°ÁªÑÂêç',
  `job_class_name` varchar(500) DEFAULT '' COMMENT '‰ªªÂä°ÊñπÊ≥ï',
  `method_params` varchar(50) DEFAULT NULL COMMENT 'ÊñπÊ≥ïÂèÇÊï∞',
  `cron_expression` varchar(255) DEFAULT '' COMMENT 'cronÊâßË°åË°®ËææÂºè',
  `misfire_policy` varchar(20) DEFAULT '3' COMMENT 'ËÆ°ÂàíÊâßË°åÈîôÂ§±Ëß¶ÂèëÁ≠ñÁï•',
  `status` char(1) DEFAULT '0' COMMENT 'Áä∂ÊÄÅÔºà0Ê≠£Â∏∏ 1ÊöÇÂÅúÔºâ',
  `create_user_id` varchar(64) DEFAULT '' COMMENT 'ÂàõÂª∫ËÄÖ',
  `create_time` datetime DEFAULT NULL COMMENT 'ÂàõÂª∫Êó∂Èó¥',
  `update_user_id` varchar(64) DEFAULT '' COMMENT 'Êõ¥Êñ∞ËÄÖ',
  `update_time` datetime DEFAULT NULL COMMENT 'Êõ¥Êñ∞Êó∂Èó¥',
  `remark` varchar(500) DEFAULT '' COMMENT 'Â§áÊ≥®‰ø°ÊÅØ',
  `description` varchar(100) DEFAULT NULL COMMENT '‰ªªÂä°ÊèèËø∞',
  PRIMARY KEY (`job_id`,`job_name`,`job_group`)
) ENGINE=InnoDB AUTO_INCREMENT=7 DEFAULT CHARSET=utf8 COMMENT='ÂÆöÊó∂‰ªªÂä°Ë∞ÉÂ∫¶Ë°®';
/*!40101 SET character_set_client = @saved_cs_client */;

--
-- Dumping data for table `sys_job`
--

LOCK TABLES `sys_job` WRITE;
/*!40000 ALTER TABLE `sys_job` DISABLE KEYS */;
INSERT INTO `sys_job` VALUES (4,'SyncOnlineStatusJob','myCronJob','top.yimo.common.quartz.job.SyncOnlineStatusJob','','0/30 * * * * ?','1','0','1','2019-03-26 11:07:19','0','2019-04-12 11:33:00','','ÂêåÊ≠•Âú®Á∫øÁî®Êà∑Áä∂ÊÄÅ'),(5,'WebSocketMessageJob','myCronJob','top.yimo.common.quartz.job.WebSocketMessageJob','','0/5 * * * * ?','3','0','1','2019-04-02 17:18:08',NULL,'2019-04-02 17:44:41','','Ëá™Âä®ÂèëÈÄÅwebSocketÊ∂àÊÅØ'),(6,'WebLogJob','myCronJob','top.yimo.common.quartz.job.WebLogJob','','0/1 * * * * ?',NULL,'0','1','2019-04-16 11:04:05','1','2019-04-16 14:28:02','','ÂÆöÊó∂ËΩÆËØ¢ËØªÂèñÊúçÂä°Âô®Êó•Âøó');
/*!40000 ALTER TABLE `sys_job` ENABLE KEYS */;
UNLOCK TABLES;

--
-- Table structure for table `sys_log`
--

DROP TABLE IF EXISTS `sys_log`;
/*!40101 SET @saved_cs_client     = @@character_set_client */;
/*!40101 SET character_set_client = utf8 */;
CREATE TABLE `sys_log` (
  `id` bigint(20) NOT NULL AUTO_INCREMENT,
  `user_id` bigint(20) DEFAULT NULL COMMENT 'Áî®Êà∑id',
  `user_name` varchar(50) DEFAULT NULL COMMENT 'Áî®Êà∑Âêç',
  `operation_type` varchar(50) DEFAULT NULL COMMENT 'Áî®Êà∑Êìç‰ΩúÁ±ªÂûã',
  `time` bigint(20) DEFAULT NULL COMMENT 'ÂìçÂ∫îÊó∂Èó¥',
  `method` varchar(200) DEFAULT NULL COMMENT 'ËØ∑Ê±ÇÊñπÊ≥ï',
  `params` varchar(5000) DEFAULT NULL COMMENT 'ËØ∑Ê±ÇÂèÇÊï∞',
  `ip` varchar(64) DEFAULT NULL COMMENT 'IPÂú∞ÂùÄ',
  `create_time` datetime DEFAULT NULL COMMENT 'ÂàõÂª∫Êó∂Èó¥',
  `url` varchar(200) DEFAULT NULL COMMENT 'Êìç‰Ωúurl',
  `describe` varchar(100) DEFAULT NULL COMMENT 'Êó•ÂøóÊèèËø∞',
  `title` varchar(50) DEFAULT NULL COMMENT 'Ê†áÈ¢ò',
  PRIMARY KEY (`id`)
) ENGINE=InnoDB AUTO_INCREMENT=5366 DEFAULT CHARSET=utf8 COMMENT='Á≥ªÁªüÊó•Âøó';
/*!40101 SET character_set_client = @saved_cs_client */;

--
-- Dumping data for table `sys_log`
--

LOCK TABLES `sys_log` WRITE;
/*!40000 ALTER TABLE `sys_log` DISABLE KEYS */;
/*!40000 ALTER TABLE `sys_log` ENABLE KEYS */;
UNLOCK TABLES;

--
-- Table structure for table `sys_menu`
--

DROP TABLE IF EXISTS `sys_menu`;
/*!40101 SET @saved_cs_client     = @@character_set_client */;
/*!40101 SET character_set_client = utf8 */;
CREATE TABLE `sys_menu` (
  `menu_id` bigint(20) NOT NULL AUTO_INCREMENT,
  `parent_id` bigint(20) DEFAULT NULL COMMENT 'Áà∂ËèúÂçïIDÔºå‰∏ÄÁ∫ßËèúÂçï‰∏∫0',
  `name` varchar(50) DEFAULT NULL COMMENT 'ËèúÂçïÂêçÁß∞',
  `url` varchar(200) DEFAULT NULL COMMENT 'ËèúÂçïURL',
  `perms` varchar(500) DEFAULT NULL COMMENT 'ÊéàÊùÉ(Â§ö‰∏™Áî®ÈÄóÂè∑ÂàÜÈöîÔºåÂ¶ÇÔºöuser:list,user:create)',
  `type` int(11) DEFAULT NULL COMMENT 'Á±ªÂûã   0ÔºöÁõÆÂΩï   1ÔºöËèúÂçï   2ÔºöÊåâÈíÆ',
  `icon` varchar(50) DEFAULT NULL COMMENT 'ËèúÂçïÂõæÊ†á',
  `order_no` int(11) DEFAULT NULL COMMENT 'ÊéíÂ∫èÂè∑',
  `create_time` datetime DEFAULT NULL COMMENT 'ÂàõÂª∫Êó∂Èó¥',
  `update_time` datetime DEFAULT NULL COMMENT '‰øÆÊîπÊó∂Èó¥',
  `status` varchar(1) DEFAULT NULL COMMENT 'ËèúÂçïÁä∂ÊÄÅ',
  PRIMARY KEY (`menu_id`)
) ENGINE=InnoDB AUTO_INCREMENT=58 DEFAULT CHARSET=utf8 COMMENT='ËèúÂçïÁÆ°ÁêÜ';
/*!40101 SET character_set_client = @saved_cs_client */;

--
-- Dumping data for table `sys_menu`
--

LOCK TABLES `sys_menu` WRITE;
/*!40000 ALTER TABLE `sys_menu` DISABLE KEYS */;
INSERT INTO `sys_menu` VALUES (1,0,'Á≥ªÁªüÁÆ°ÁêÜ','','',0,'fa fa-gears',10,'2017-08-09 22:49:47','2019-04-12 16:04:12','1'),(2,1,'Á≥ªÁªüËèúÂçï','sys/menu/','sys:menu:menu',1,'fa fa-th-list',13,'2017-08-09 22:55:15','2019-03-27 16:21:32','1'),(3,1,'ÈÉ®Èó®ÁÆ°ÁêÜ','sys/dept/','sys:dept:dept',1,'fa fa-group',14,'2017-08-09 22:55:15','2019-03-27 16:21:35','1'),(4,1,'Áî®Êà∑ÁÆ°ÁêÜ','sys/user/','sys:user:user',1,'fa fa-user',11,'2017-08-10 14:12:11','2019-03-27 16:21:24','1'),(5,1,'ËßíËâ≤ÁÆ°ÁêÜ','sys/role','sys:role:role',1,'fa fa-user-secret',12,'2017-08-10 14:13:19','2019-03-27 16:21:28','1'),(6,4,'ÁºñËæë','','sys:user:edit',2,'',0,'2017-08-14 10:51:35',NULL,'1'),(7,4,'Êñ∞Â¢û','','sys:user:add',2,'',0,'2017-08-14 10:51:35',NULL,'1'),(8,4,'Âà†Èô§','','sys:user:remove',2,'',0,'2017-08-14 10:51:35',NULL,'1'),(9,4,'ÈáçÁΩÆÂØÜÁ†Å','','sys:user:resetPwd',2,'',0,'2017-08-14 10:51:35',NULL,'1'),(10,4,'ÊâπÈáèÂà†Èô§','','sys:user:batchRemove',2,'',0,'2017-08-14 10:51:35',NULL,'1'),(11,2,'Êñ∞Â¢û','sys/menu/','sys:menu:add',2,'',3,'2017-08-09 22:55:15',NULL,'1'),(12,2,'ÁºñËæë','sys/menu/','sys:menu:edit',2,'',3,'2017-08-09 22:55:15',NULL,'1'),(13,2,'Âà†Èô§','sys/menu/','sys:menu:remove',2,'',3,'2017-08-09 22:55:15',NULL,'1'),(17,5,'ÁºñËæë','','sys:role:edit',2,'',0,'2017-08-14 10:51:35',NULL,'1'),(18,5,'Âà†Èô§','','sys:role:remove',2,'',0,'2017-08-14 10:51:35',NULL,'1'),(25,3,'Êñ∞Â¢û','','sys:dept:add',2,'',NULL,NULL,NULL,'1'),(26,3,'ÁºñËæë','','sys:dept:edit',2,'',NULL,NULL,NULL,'1'),(32,3,'Âà†Èô§','','sys:dept:remove',2,'',NULL,NULL,NULL,'1'),(37,0,'Á≥ªÁªüÂ∑•ÂÖ∑','','',0,'fa fa-cog fa-spin',20,'2019-03-01 14:16:05','2019-03-27 16:19:49','1'),(38,37,'Ëá™Âä®ÁîüÊàê‰ª£Á†Å','generator','sys:generator:generator',1,'fa fa-anchor ',20,'2019-03-01 14:22:52','2019-03-27 16:19:41','1'),(39,0,'Á≥ªÁªüÁõëÊéß','','',0,'fa fa-tachometer',30,'2019-03-01 18:09:57','2019-04-23 14:47:35','1'),(40,39,'Á≥ªÁªüÊìç‰ΩúÊó•Âøó','sys/log','sys:log:log',1,'fa fa-file-archive-o',31,'2019-03-01 18:11:48','2019-04-16 10:57:16','1'),(41,5,'Êñ∞Â¢û','','sys:role:add',2,'',NULL,'2019-03-05 11:53:48',NULL,'1'),(42,1,'Êï∞ÊçÆÂ≠óÂÖ∏','sys/dict','sys:dict:dict',1,'fa fa-book',15,'2019-03-07 17:26:16','2019-03-27 16:21:39','1'),(43,42,'Êñ∞Â¢û','','sys:dict:add',2,'',NULL,'2019-03-07 17:35:45',NULL,'1'),(44,42,'ÁºñËæë','','sys:dict:edit',2,'',NULL,'2019-03-07 17:36:08',NULL,'1'),(45,42,'Âà†Èô§','','sys:dict:remove',2,'',NULL,'2019-03-07 17:36:08',NULL,'1'),(46,42,'Êï∞ÊçÆÂ≠óÂÖ∏Êï∞ÊçÆ','','sys:dictData',2,'',NULL,'2019-03-07 17:36:08',NULL,'1'),(47,42,'ÁºñËæëÂ≠óÂÖ∏Êï∞ÊçÆ','','sys:dictData:edit',2,'',NULL,'2019-03-07 17:36:08',NULL,'1'),(48,42,'Êñ∞Â¢ûÂ≠óÂÖ∏Êï∞ÊçÆ','','sys:dictData:add',2,'',NULL,'2019-03-07 17:36:08',NULL,'1'),(49,42,'Âà†Èô§Â≠óÂÖ∏Êï∞ÊçÆ','','sys:dictData:remove',2,'',NULL,'2019-03-07 17:36:08',NULL,'1'),(50,39,'Âú®Á∫øÁî®Êà∑','sys/userOnline','sys:userOnline:userOnline',1,'fa fa-user',32,'2019-03-18 15:16:35','2019-03-27 16:20:58','1'),(51,50,'Âº∫Âà∂ÊèêÂá∫','','sys:userOnline:kickout',2,'',NULL,'2019-03-18 15:29:08',NULL,'1'),(53,39,'ÂÆöÊó∂‰ªªÂä°ÁÆ°ÁêÜ','sys/job','sys:job:job',1,'fa fa-calendar',33,'2019-03-25 17:00:14','2019-03-27 16:21:02','1'),(54,37,'Ë°®ÂçïÊûÑÂª∫Âô®','common/frombuild','common:frombuild',1,'fa fa-arrows',21,'2019-03-27 16:19:30','2019-05-22 18:37:19','1'),(55,39,'ÊúçÂä°Âô®Êó•Âøó','sys/webLog/tail','sys:weblog:tail',1,'fa fa-calendar-o',34,'2019-04-16 10:58:34','2019-05-22 18:25:17','0'),(56,37,'swagger','sys/swagger/view','sys:swagger:view',1,'fa fa-file-archive-o',23,'2019-04-23 12:08:05','2019-04-23 12:08:15','1'),(57,39,'Druid','sys/druid/view','sys:druid:view',1,'fa fa-wrench',35,'2019-04-23 14:48:56',NULL,'1');
/*!40000 ALTER TABLE `sys_menu` ENABLE KEYS */;
UNLOCK TABLES;

--
-- Table structure for table `sys_role`
--

DROP TABLE IF EXISTS `sys_role`;
/*!40101 SET @saved_cs_client     = @@character_set_client */;
/*!40101 SET character_set_client = utf8 */;
CREATE TABLE `sys_role` (
  `role_id` bigint(20) NOT NULL AUTO_INCREMENT,
  `role_name` varchar(100) DEFAULT NULL COMMENT 'ËßíËâ≤ÂêçÁß∞',
  `role_sign` varchar(100) DEFAULT NULL COMMENT 'ËßíËâ≤Ê†áËØÜ',
  `remark` varchar(100) DEFAULT NULL COMMENT 'Â§áÊ≥®',
  `create_user_id` bigint(255) DEFAULT NULL COMMENT 'ÂàõÂª∫Áî®Êà∑id',
  `create_time` datetime DEFAULT NULL COMMENT 'ÂàõÂª∫Êó∂Èó¥',
  `update_time` datetime DEFAULT NULL COMMENT 'Êõ¥Êñ∞Êó∂Èó¥',
  `status` varchar(100) DEFAULT NULL COMMENT 'ËßíËâ≤Áä∂ÊÄÅ',
  PRIMARY KEY (`role_id`)
) ENGINE=InnoDB AUTO_INCREMENT=5 DEFAULT CHARSET=utf8 COMMENT='ËßíËâ≤';
/*!40101 SET character_set_client = @saved_cs_client */;

--
-- Dumping data for table `sys_role`
--

LOCK TABLES `sys_role` WRITE;
/*!40000 ALTER TABLE `sys_role` DISABLE KEYS */;
INSERT INTO `sys_role` VALUES (1,'Ë∂ÖÁ∫ßÁÆ°ÁêÜÂëò','superAdmin','',NULL,NULL,'2019-04-23 14:49:06','1'),(2,'Áî®Êà∑ÁÆ°ÁêÜÂëò','userAdmin','Áî®‰∫éÁÆ°ÁêÜÁî®Êà∑‰ø°ÊÅØ',NULL,NULL,'2019-04-12 17:22:16','1'),(3,'Á≥ªÁªüËøêÁª¥Âëò','operations','',NULL,NULL,'2019-04-16 10:59:03','1'),(4,'ÈªòËÆ§ËßíËâ≤','default','ÈªòËÆ§ËßíËâ≤',NULL,NULL,NULL,'1');
/*!40000 ALTER TABLE `sys_role` ENABLE KEYS */;
UNLOCK TABLES;

--
-- Table structure for table `sys_role_menu`
--

DROP TABLE IF EXISTS `sys_role_menu`;
/*!40101 SET @saved_cs_client     = @@character_set_client */;
/*!40101 SET character_set_client = utf8 */;
CREATE TABLE `sys_role_menu` (
  `id` bigint(20) NOT NULL AUTO_INCREMENT,
  `role_id` bigint(20) DEFAULT NULL COMMENT 'ËßíËâ≤ID',
  `menu_id` bigint(20) DEFAULT NULL COMMENT 'ËèúÂçïID',
  PRIMARY KEY (`id`),
  KEY `sys_role_menu_sys_role_fk` (`role_id`),
  KEY `sys_role_menu_sys_menu_fk` (`menu_id`),
  CONSTRAINT `sys_role_menu_sys_menu_fk` FOREIGN KEY (`menu_id`) REFERENCES `sys_menu` (`menu_id`) ON DELETE CASCADE ON UPDATE CASCADE,
  CONSTRAINT `sys_role_menu_sys_role_fk` FOREIGN KEY (`role_id`) REFERENCES `sys_role` (`role_id`) ON DELETE CASCADE ON UPDATE CASCADE
) ENGINE=InnoDB AUTO_INCREMENT=532 DEFAULT CHARSET=utf8 COMMENT='ËßíËâ≤‰∏éËèúÂçïÂØπÂ∫îÂÖ≥Á≥ª';
/*!40101 SET character_set_client = @saved_cs_client */;

--
-- Dumping data for table `sys_role_menu`
--

LOCK TABLES `sys_role_menu` WRITE;
/*!40000 ALTER TABLE `sys_role_menu` DISABLE KEYS */;
INSERT INTO `sys_role_menu` VALUES (404,2,4),(405,2,5),(406,2,6),(407,2,7),(408,2,8),(409,2,9),(410,2,10),(411,2,17),(412,2,18),(413,2,41),(414,2,1),(415,3,39),(416,3,40),(417,3,50),(418,3,51),(419,3,53),(420,3,55),(494,1,1),(495,1,2),(496,1,3),(497,1,4),(498,1,5),(499,1,6),(500,1,7),(501,1,8),(502,1,9),(503,1,10),(504,1,11),(505,1,12),(506,1,13),(507,1,17),(508,1,18),(509,1,25),(510,1,26),(511,1,32),(512,1,37),(513,1,38),(514,1,39),(515,1,40),(516,1,41),(517,1,42),(518,1,43),(519,1,44),(520,1,45),(521,1,46),(522,1,47),(523,1,48),(524,1,49),(525,1,50),(526,1,51),(527,1,53),(528,1,54),(529,1,55),(530,1,56),(531,1,57);
/*!40000 ALTER TABLE `sys_role_menu` ENABLE KEYS */;
UNLOCK TABLES;

--
-- Table structure for table `sys_user`
--

DROP TABLE IF EXISTS `sys_user`;
/*!40101 SET @saved_cs_client     = @@character_set_client */;
/*!40101 SET character_set_client = utf8 */;
CREATE TABLE `sys_user` (
  `user_id` bigint(20) NOT NULL AUTO_INCREMENT,
  `user_name` varchar(50) DEFAULT NULL COMMENT 'Áî®Êà∑Âêç',
  `name` varchar(100) DEFAULT NULL COMMENT 'ÊòµÁß∞',
  `password` varchar(50) DEFAULT NULL COMMENT 'ÂØÜÁ†Å',
  `dept_id` bigint(20) DEFAULT NULL COMMENT 'ÈÉ®Èó®ID',
  `email` varchar(80) DEFAULT NULL COMMENT 'ÈÇÆÁÆ±',
  `mobile` varchar(20) DEFAULT NULL COMMENT 'ÊâãÊú∫Âè∑',
  `status` tinyint(255) DEFAULT NULL COMMENT 'Áä∂ÊÄÅ 0:Á¶ÅÁî®Ôºå1:Ê≠£Â∏∏',
  `create_user_id` bigint(20) DEFAULT NULL COMMENT 'ÂàõÂª∫Áî®Êà∑id',
  `create_time` varchar(20) DEFAULT NULL COMMENT 'ÂàõÂª∫Êó∂Èó¥',
  `update_time` varchar(20) DEFAULT NULL COMMENT '‰øÆÊîπÊó∂Èó¥',
  `sex` bigint(3) DEFAULT NULL COMMENT 'ÊÄßÂà´',
  `birth` varchar(10) DEFAULT NULL COMMENT 'Âá∫Ë∫´Êó•Êúü',
  `pic_id` bigint(32) DEFAULT NULL,
  `address` varchar(500) DEFAULT NULL COMMENT 'Áé∞Â±Ö‰ΩèÂú∞',
  `hobby` varchar(255) DEFAULT NULL COMMENT 'Áà±Â•Ω',
  `province` varchar(255) DEFAULT NULL COMMENT 'ÁúÅ‰ªΩ',
  `city` varchar(255) DEFAULT NULL COMMENT 'ÊâÄÂú®ÂüéÂ∏Ç',
  `district` varchar(255) DEFAULT NULL COMMENT 'ÊâÄÂú®Âú∞Âå∫',
  PRIMARY KEY (`user_id`),
  KEY `sys_user_sys_dept_fk` (`dept_id`),
  CONSTRAINT `sys_user_sys_dept_fk` FOREIGN KEY (`dept_id`) REFERENCES `sys_dept` (`dept_id`)
) ENGINE=InnoDB AUTO_INCREMENT=54 DEFAULT CHARSET=utf8 COMMENT='Á≥ªÁªüÁî®Êà∑Ë°®';
/*!40101 SET character_set_client = @saved_cs_client */;

--
-- Dumping data for table `sys_user`
--

LOCK TABLES `sys_user` WRITE;
/*!40000 ALTER TABLE `sys_user` DISABLE KEYS */;
INSERT INTO `sys_user` VALUES (1,'tayle','‰∏ÄÂ¢®Â§ß‰æ†','824cdb88ed59a91d4d8132eeb34ab154',1,'123@qq.com','13112344321',1,1,NULL,'2019-05-23 16:55:06',1,'2018-01-01',NULL,NULL,NULL,NULL,NULL,NULL),(36,'hehe','ÂëµÂëµ','974c74fde828f76312668ffd5d74108d',1,'12@123.com','13112344321',1,1,NULL,'2019-05-23 16:55:06',1,'2010-10-10',NULL,'Âπø‰∏úÁúÅ','game&Code&Study',NULL,NULL,NULL),(48,'test','ÊµãËØï','4ef935d142ee2742daa3c2e6e478cdbd',1,'test@aa.com','13112344321',1,1,NULL,NULL,1,'2018-01-01',NULL,NULL,NULL,NULL,NULL,NULL),(49,'hah','hah','f1b7b64dd9fd8de8a981ccc980d91afc',1,'12@123.com','13112344321',1,1,NULL,NULL,1,'2010-10-10',NULL,'Âπø‰∏úÁúÅ','game&Code&Study',NULL,NULL,NULL),(52,'4','333','a3464e562988a28465eeff141ad808fd',1,'12@123.com','13112344321',1,1,NULL,NULL,1,'2010-10-10',NULL,'Âπø‰∏úÁúÅ','game&Code&Study',NULL,NULL,NULL),(53,'5','444','d7073c099b6712d8023e48ee11e5cb5d',1,'12@123.com','13112344321',1,1,NULL,NULL,1,'2010-10-10',NULL,'Âπø‰∏úÁúÅ','game&Code&Study',NULL,NULL,NULL);
/*!40000 ALTER TABLE `sys_user` ENABLE KEYS */;
UNLOCK TABLES;

--
-- Table structure for table `sys_user_online`
--

DROP TABLE IF EXISTS `sys_user_online`;
/*!40101 SET @saved_cs_client     = @@character_set_client */;
/*!40101 SET character_set_client = utf8 */;
CREATE TABLE `sys_user_online` (
  `sessionId` varchar(50) NOT NULL DEFAULT '' COMMENT 'Áî®Êà∑‰ºöËØùid',
  `user_id` bigint(20) DEFAULT NULL COMMENT 'ÁôªÂΩïË¥¶Âè∑',
  `user_name` varchar(50) DEFAULT '' COMMENT 'ÁôªÂΩïË¥¶Âè∑',
  `dept_id` bigint(20) DEFAULT NULL COMMENT 'ÈÉ®Èó®ÂêçÁß∞',
  `dept_name` varchar(50) DEFAULT NULL COMMENT 'ÈÉ®Èó®ÂêçÁß∞',
  `ip` varchar(50) DEFAULT NULL COMMENT 'ÁôªÂΩïIPÂú∞ÂùÄ',
  `login_location` varchar(255) DEFAULT '' COMMENT 'ÁôªÂΩïÂú∞ÁÇπ',
  `browser` varchar(50) DEFAULT '' COMMENT 'ÊµèËßàÂô®Á±ªÂûã',
  `os` varchar(50) DEFAULT '' COMMENT 'Êìç‰ΩúÁ≥ªÁªü',
  `status` varchar(10) DEFAULT '' COMMENT 'Âú®Á∫øÁä∂ÊÄÅon_lineÂú®Á∫øoff_lineÁ¶ªÁ∫ø',
  `begin_time` datetime DEFAULT NULL COMMENT 'sessionÂàõÂª∫Êó∂Èó¥',
  `end_time` datetime DEFAULT NULL COMMENT 'sessionÊúÄÂêéËÆøÈóÆÊó∂Èó¥',
  `out_time` int(5) DEFAULT '0' COMMENT 'Ë∂ÖÊó∂Êó∂Èó¥ÔºåÂçï‰Ωç‰∏∫ÂàÜÈíü',
  PRIMARY KEY (`sessionId`)
) ENGINE=InnoDB DEFAULT CHARSET=utf8 COMMENT='Âú®Á∫øÁî®Êà∑ËÆ∞ÂΩï';
/*!40101 SET character_set_client = @saved_cs_client */;

--
-- Dumping data for table `sys_user_online`
--

LOCK TABLES `sys_user_online` WRITE;
/*!40000 ALTER TABLE `sys_user_online` DISABLE KEYS */;
/*!40000 ALTER TABLE `sys_user_online` ENABLE KEYS */;
UNLOCK TABLES;

--
-- Table structure for table `sys_user_role`
--

DROP TABLE IF EXISTS `sys_user_role`;
/*!40101 SET @saved_cs_client     = @@character_set_client */;
/*!40101 SET character_set_client = utf8 */;
CREATE TABLE `sys_user_role` (
  `id` bigint(20) NOT NULL AUTO_INCREMENT,
  `user_id` bigint(20) DEFAULT NULL COMMENT 'Áî®Êà∑ID',
  `role_id` bigint(20) DEFAULT NULL COMMENT 'ËßíËâ≤ID',
  PRIMARY KEY (`id`),
  KEY `sys_user_role_sys_role_fk` (`role_id`),
  KEY `sys_user_role_sys_user_fk` (`user_id`),
  CONSTRAINT `sys_user_role_sys_role_fk` FOREIGN KEY (`role_id`) REFERENCES `sys_role` (`role_id`) ON DELETE CASCADE ON UPDATE CASCADE,
  CONSTRAINT `sys_user_role_sys_user_fk` FOREIGN KEY (`user_id`) REFERENCES `sys_user` (`user_id`) ON DELETE CASCADE ON UPDATE CASCADE
) ENGINE=InnoDB AUTO_INCREMENT=87 DEFAULT CHARSET=utf8 COMMENT='Áî®Êà∑‰∏éËßíËâ≤ÂØπÂ∫îÂÖ≥Á≥ª';
/*!40101 SET character_set_client = @saved_cs_client */;

--
-- Dumping data for table `sys_user_role`
--

LOCK TABLES `sys_user_role` WRITE;
/*!40000 ALTER TABLE `sys_user_role` DISABLE KEYS */;
INSERT INTO `sys_user_role` VALUES (86,1,1);
/*!40000 ALTER TABLE `sys_user_role` ENABLE KEYS */;
UNLOCK TABLES;

--
-- Dumping routines for database 'yimo'
--
/*!40103 SET TIME_ZONE=@OLD_TIME_ZONE */;

/*!40101 SET SQL_MODE=@OLD_SQL_MODE */;
/*!40014 SET FOREIGN_KEY_CHECKS=@OLD_FOREIGN_KEY_CHECKS */;
/*!40014 SET UNIQUE_CHECKS=@OLD_UNIQUE_CHECKS */;
/*!40101 SET CHARACTER_SET_CLIENT=@OLD_CHARACTER_SET_CLIENT */;
/*!40101 SET CHARACTER_SET_RESULTS=@OLD_CHARACTER_SET_RESULTS */;
/*!40101 SET COLLATION_CONNECTION=@OLD_COLLATION_CONNECTION */;
/*!40111 SET SQL_NOTES=@OLD_SQL_NOTES */;

-- Dump completed on 2019-05-24 11:57:13
