-- MySQL dump 10.13  Distrib 5.6.24, for Win64 (x86_64)
--
-- Host: localhost    Database: yimo
-- ------------------------------------------------------
-- Server version	5.6.24

/*!40101 SET @OLD_CHARACTER_SET_CLIENT=@@CHARACTER_SET_CLIENT */;
/*!40101 SET @OLD_CHARACTER_SET_RESULTS=@@CHARACTER_SET_RESULTS */;
/*!40101 SET @OLD_COLLATION_CONNECTION=@@COLLATION_CONNECTION */;
/*!40101 SET NAMES utf8 */;
/*!40103 SET @OLD_TIME_ZONE=@@TIME_ZONE */;
/*!40103 SET TIME_ZONE='+00:00' */;
/*!40014 SET @OLD_UNIQUE_CHECKS=@@UNIQUE_CHECKS, UNIQUE_CHECKS=0 */;
/*!40014 SET @OLD_FOREIGN_KEY_CHECKS=@@FOREIGN_KEY_CHECKS, FOREIGN_KEY_CHECKS=0 */;
/*!40101 SET @OLD_SQL_MODE=@@SQL_MODE, SQL_MODE='NO_AUTO_VALUE_ON_ZERO' */;
/*!40111 SET @OLD_SQL_NOTES=@@SQL_NOTES, SQL_NOTES=0 */;

--
-- Table structure for table `sys_dept`
--

DROP TABLE IF EXISTS `sys_dept`;
/*!40101 SET @saved_cs_client     = @@character_set_client */;
/*!40101 SET character_set_client = utf8 */;
CREATE TABLE `sys_dept` (
  `dept_id` bigint(20) NOT NULL AUTO_INCREMENT,
  `parent_id` bigint(20) DEFAULT NULL COMMENT '上级部门ID，一级部门为0',
  `dept_name` varchar(50) DEFAULT NULL COMMENT '部门名称',
  `order_no` int(11) DEFAULT NULL COMMENT '排序',
  `status` varchar(5) DEFAULT NULL COMMENT '状态',
  PRIMARY KEY (`dept_id`)
) ENGINE=InnoDB AUTO_INCREMENT=24 DEFAULT CHARSET=utf8 COMMENT='部门管理';
/*!40101 SET character_set_client = @saved_cs_client */;

--
-- Dumping data for table `sys_dept`
--

LOCK TABLES `sys_dept` WRITE;
/*!40000 ALTER TABLE `sys_dept` DISABLE KEYS */;
INSERT INTO `sys_dept` VALUES (1,0,'深圳市一墨科技有限公司',1,'1'),(2,1,'科技部',2,'1'),(4,1,'审批部',4,'1');
/*!40000 ALTER TABLE `sys_dept` ENABLE KEYS */;
UNLOCK TABLES;

--
-- Table structure for table `sys_dict`
--

DROP TABLE IF EXISTS `sys_dict`;
/*!40101 SET @saved_cs_client     = @@character_set_client */;
/*!40101 SET character_set_client = utf8 */;
CREATE TABLE `sys_dict` (
  `dict_no` bigint(20) NOT NULL COMMENT '字典类型',
  `dict_id` varchar(50) NOT NULL COMMENT '字典编码',
  `dict_name` varchar(100) DEFAULT NULL COMMENT '字典含义',
  `dict_describe` varchar(50) DEFAULT NULL COMMENT '字典描述',
  `status` tinyint(255) DEFAULT NULL COMMENT '状态 0:禁用，1:正常',
  `create_user_id` bigint(255) DEFAULT NULL COMMENT '创建用户id',
  `create_time` datetime DEFAULT NULL COMMENT '创建时间',
  `update_time` datetime DEFAULT NULL COMMENT '修改时间',
  PRIMARY KEY (`dict_no`,`dict_id`)
) ENGINE=InnoDB DEFAULT CHARSET=utf8;
/*!40101 SET character_set_client = @saved_cs_client */;

--
-- Dumping data for table `sys_dict`
--

LOCK TABLES `sys_dict` WRITE;
/*!40000 ALTER TABLE `sys_dict` DISABLE KEYS */;
/*!40000 ALTER TABLE `sys_dict` ENABLE KEYS */;
UNLOCK TABLES;

--
-- Table structure for table `sys_log`
--

DROP TABLE IF EXISTS `sys_log`;
/*!40101 SET @saved_cs_client     = @@character_set_client */;
/*!40101 SET character_set_client = utf8 */;
CREATE TABLE `sys_log` (
  `id` bigint(20) NOT NULL AUTO_INCREMENT,
  `user_id` bigint(20) DEFAULT NULL COMMENT '用户id',
  `user_name` varchar(50) DEFAULT NULL COMMENT '用户名',
  `operation` varchar(50) DEFAULT NULL COMMENT '用户操作',
  `time` bigint(20) DEFAULT NULL COMMENT '响应时间',
  `method` varchar(200) DEFAULT NULL COMMENT '请求方法',
  `params` varchar(5000) DEFAULT NULL COMMENT '请求参数',
  `ip` varchar(64) DEFAULT NULL COMMENT 'IP地址',
  `create_time` datetime DEFAULT NULL COMMENT '创建时间',
  PRIMARY KEY (`id`)
) ENGINE=InnoDB DEFAULT CHARSET=utf8 COMMENT='系统日志';
/*!40101 SET character_set_client = @saved_cs_client */;

--
-- Dumping data for table `sys_log`
--

LOCK TABLES `sys_log` WRITE;
/*!40000 ALTER TABLE `sys_log` DISABLE KEYS */;
/*!40000 ALTER TABLE `sys_log` ENABLE KEYS */;
UNLOCK TABLES;

--
-- Table structure for table `sys_menu`
--

DROP TABLE IF EXISTS `sys_menu`;
/*!40101 SET @saved_cs_client     = @@character_set_client */;
/*!40101 SET character_set_client = utf8 */;
CREATE TABLE `sys_menu` (
  `menu_id` bigint(20) NOT NULL AUTO_INCREMENT,
  `parent_id` bigint(20) DEFAULT NULL COMMENT '父菜单ID，一级菜单为0',
  `name` varchar(50) DEFAULT NULL COMMENT '菜单名称',
  `url` varchar(200) DEFAULT NULL COMMENT '菜单URL',
  `perms` varchar(500) DEFAULT NULL COMMENT '授权(多个用逗号分隔，如：user:list,user:create)',
  `type` int(11) DEFAULT NULL COMMENT '类型   0：目录   1：菜单   2：按钮',
  `icon` varchar(50) DEFAULT NULL COMMENT '菜单图标',
  `order_no` int(11) DEFAULT NULL COMMENT '排序号',
  `create_time` datetime DEFAULT NULL COMMENT '创建时间',
  `update_time` datetime DEFAULT NULL COMMENT '修改时间',
  `status` varchar(1) DEFAULT NULL COMMENT '菜单状态',
  PRIMARY KEY (`menu_id`)
) ENGINE=InnoDB AUTO_INCREMENT=41 DEFAULT CHARSET=utf8 COMMENT='菜单管理';
/*!40101 SET character_set_client = @saved_cs_client */;

--
-- Dumping data for table `sys_menu`
--

LOCK TABLES `sys_menu` WRITE;
/*!40000 ALTER TABLE `sys_menu` DISABLE KEYS */;
INSERT INTO `sys_menu` VALUES (1,0,'系统管理','','',0,'fa fa-gears',0,'2017-08-09 22:49:47','2019-03-01 18:06:09','1'),(2,1,'系统菜单','sys/menu/','sys:menu:menu',1,'fa fa-th-list',3,'2017-08-09 22:55:15',NULL,'1'),(3,1,'部门管理','sys/dept/','sys:dept:dept',1,'fa fa-group',4,'2017-08-09 22:55:15',NULL,'1'),(4,1,'用户管理','sys/user/','sys:user:user',1,'fa fa-user',1,'2017-08-10 14:12:11',NULL,'1'),(5,1,'角色管理','sys/role','sys:role:role',1,'fa fa-user-secret',2,'2017-08-10 14:13:19',NULL,'1'),(6,4,'编辑','','sys:user:edit',2,'',0,'2017-08-14 10:51:35',NULL,'1'),(7,4,'新增','','sys:user:add',2,'',0,'2017-08-14 10:51:35',NULL,'1'),(8,4,'删除','','sys:user:remove',2,'',0,'2017-08-14 10:51:35',NULL,'1'),(9,4,'重置密码','','sys:user:resetPwd',2,'',0,'2017-08-14 10:51:35',NULL,'1'),(10,4,'批量删除','','sys:user:batchRemove',2,'',0,'2017-08-14 10:51:35',NULL,'1'),(11,2,'新增','sys/menu/','sys:menu:add',2,'',3,'2017-08-09 22:55:15',NULL,'1'),(12,2,'编辑','sys/menu/','sys:menu:edit',2,'',3,'2017-08-09 22:55:15',NULL,'1'),(13,2,'删除','sys/menu/','sys:menu:remove',2,'',3,'2017-08-09 22:55:15',NULL,'1'),(17,5,'编辑','','sys:role:edit',2,'',0,'2017-08-14 10:51:35',NULL,'1'),(18,5,'删除','','sys:role:remove',2,'',0,'2017-08-14 10:51:35',NULL,'1'),(25,3,'新增','','sys:dept:add',2,'',NULL,NULL,NULL,'1'),(26,3,'编辑','','sys:dept:edit',2,'',NULL,NULL,NULL,'1'),(32,3,'删除','','sys:dept:remove',2,'',NULL,NULL,NULL,'1'),(37,0,'系统工具','','',0,'fa fa-cog fa-spin',NULL,'2019-03-01 14:16:05','2019-03-01 16:12:33','1'),(38,37,'自动生成代码','generator','sys:generator:generator',1,'fa fa-anchor ',NULL,'2019-03-01 14:22:52','2019-03-01 17:54:59','1'),(39,0,'系统监控','','',0,'fa fa-tachometer',3,'2019-03-01 18:09:57',NULL,'1'),(40,39,'系统日志','sys/log','sys:log:log',1,'fa fa-file-archive-o',NULL,'2019-03-01 18:11:48',NULL,'1');
/*!40000 ALTER TABLE `sys_menu` ENABLE KEYS */;
UNLOCK TABLES;

--
-- Table structure for table `sys_role`
--

DROP TABLE IF EXISTS `sys_role`;
/*!40101 SET @saved_cs_client     = @@character_set_client */;
/*!40101 SET character_set_client = utf8 */;
CREATE TABLE `sys_role` (
  `role_id` bigint(20) NOT NULL AUTO_INCREMENT,
  `role_name` varchar(100) DEFAULT NULL COMMENT '角色名称',
  `role_sign` varchar(100) DEFAULT NULL COMMENT '角色标识',
  `remark` varchar(100) DEFAULT NULL COMMENT '备注',
  `create_user_id` bigint(255) DEFAULT NULL COMMENT '创建用户id',
  `create_time` datetime DEFAULT NULL COMMENT '创建时间',
  `update_time` datetime DEFAULT NULL COMMENT '更新时间',
  `status` varchar(100) DEFAULT NULL COMMENT '角色状态',
  PRIMARY KEY (`role_id`)
) ENGINE=InnoDB AUTO_INCREMENT=3 DEFAULT CHARSET=utf8 COMMENT='角色';
/*!40101 SET character_set_client = @saved_cs_client */;

--
-- Dumping data for table `sys_role`
--

LOCK TABLES `sys_role` WRITE;
/*!40000 ALTER TABLE `sys_role` DISABLE KEYS */;
INSERT INTO `sys_role` VALUES (1,'超级管理员','superAdmin','',NULL,NULL,NULL,'1'),(2,'用户管理员','userAdmin','用于管理用户信息',NULL,NULL,NULL,'1');
/*!40000 ALTER TABLE `sys_role` ENABLE KEYS */;
UNLOCK TABLES;

--
-- Table structure for table `sys_role_menu`
--

DROP TABLE IF EXISTS `sys_role_menu`;
/*!40101 SET @saved_cs_client     = @@character_set_client */;
/*!40101 SET character_set_client = utf8 */;
CREATE TABLE `sys_role_menu` (
  `id` bigint(20) NOT NULL AUTO_INCREMENT,
  `role_id` bigint(20) DEFAULT NULL COMMENT '角色ID',
  `menu_id` bigint(20) DEFAULT NULL COMMENT '菜单ID',
  PRIMARY KEY (`id`)
) ENGINE=InnoDB AUTO_INCREMENT=191 DEFAULT CHARSET=utf8 COMMENT='角色与菜单对应关系';
/*!40101 SET character_set_client = @saved_cs_client */;

--
-- Dumping data for table `sys_role_menu`
--

LOCK TABLES `sys_role_menu` WRITE;
/*!40000 ALTER TABLE `sys_role_menu` DISABLE KEYS */;
INSERT INTO `sys_role_menu` VALUES (57,2,4),(58,2,6),(59,2,7),(60,2,8),(61,2,9),(62,2,10),(63,2,1),(169,1,1),(170,1,2),(171,1,3),(172,1,4),(173,1,5),(174,1,6),(175,1,7),(176,1,8),(177,1,9),(178,1,10),(179,1,11),(180,1,12),(181,1,13),(182,1,17),(183,1,18),(184,1,25),(185,1,26),(186,1,32),(187,1,37),(188,1,38),(189,1,39),(190,1,40);
/*!40000 ALTER TABLE `sys_role_menu` ENABLE KEYS */;
UNLOCK TABLES;

--
-- Table structure for table `sys_user`
--

DROP TABLE IF EXISTS `sys_user`;
/*!40101 SET @saved_cs_client     = @@character_set_client */;
/*!40101 SET character_set_client = utf8 */;
CREATE TABLE `sys_user` (
  `user_id` bigint(20) NOT NULL AUTO_INCREMENT,
  `user_name` varchar(50) DEFAULT NULL COMMENT '用户名',
  `name` varchar(100) DEFAULT NULL COMMENT '昵称',
  `password` varchar(50) DEFAULT NULL COMMENT '密码',
  `dept_id` bigint(20) DEFAULT NULL COMMENT '部门ID',
  `email` varchar(80) DEFAULT NULL COMMENT '邮箱',
  `mobile` varchar(20) DEFAULT NULL COMMENT '手机号',
  `status` tinyint(255) DEFAULT NULL COMMENT '状态 0:禁用，1:正常',
  `create_user_id` bigint(20) DEFAULT NULL COMMENT '创建用户id',
  `create_time` varchar(20) DEFAULT NULL COMMENT '创建时间',
  `update_time` varchar(20) DEFAULT NULL COMMENT '修改时间',
  `sex` bigint(3) DEFAULT NULL COMMENT '性别',
  `birth` varchar(10) DEFAULT NULL COMMENT '出身日期',
  `pic_id` bigint(32) DEFAULT NULL,
  `address` varchar(500) DEFAULT NULL COMMENT '现居住地',
  `hobby` varchar(255) DEFAULT NULL COMMENT '爱好',
  `province` varchar(255) DEFAULT NULL COMMENT '省份',
  `city` varchar(255) DEFAULT NULL COMMENT '所在城市',
  `district` varchar(255) DEFAULT NULL COMMENT '所在地区',
  PRIMARY KEY (`user_id`)
) ENGINE=InnoDB AUTO_INCREMENT=15 DEFAULT CHARSET=utf8;
/*!40101 SET character_set_client = @saved_cs_client */;

--
-- Dumping data for table `sys_user`
--

LOCK TABLES `sys_user` WRITE;
/*!40000 ALTER TABLE `sys_user` DISABLE KEYS */;
INSERT INTO `sys_user` VALUES (1,'tayle','沙漠骆驼','a91f1e137d8d6d94fd865266a664948c',2,'123@qq.com','13112344321',1,NULL,'','2019-03-01 14:21:13',1,'',NULL,'','','','',''),(4,'tayle1','55','05c6c1badbdfc23c62c25386d3c403cf',3,'123@qq.com','13112',1,NULL,'','',1,'',NULL,'','','','',''),(5,'tayle2','演示用44户','d4439d96c97bd176240c8305ad9d722e',5,'123@qq.com','13112',1,NULL,'','',1,'',NULL,'','','','',''),(7,'tayle4','演示用户','8e30fe20acaf006d94449ad7204b6628',4,'123@qq.com','13112',1,NULL,'','',1,'',NULL,'','','','',''),(13,'22','2','fbd0953a8e0e38b021ad5787bcfd19c5',NULL,'11@qq.com','13112344321',1,1,'2019-02-28 10:54:20',NULL,NULL,NULL,NULL,NULL,NULL,NULL,NULL,NULL);
/*!40000 ALTER TABLE `sys_user` ENABLE KEYS */;
UNLOCK TABLES;

--
-- Table structure for table `sys_user_role`
--

DROP TABLE IF EXISTS `sys_user_role`;
/*!40101 SET @saved_cs_client     = @@character_set_client */;
/*!40101 SET character_set_client = utf8 */;
CREATE TABLE `sys_user_role` (
  `id` bigint(20) NOT NULL AUTO_INCREMENT,
  `user_id` bigint(20) DEFAULT NULL COMMENT '用户ID',
  `role_id` bigint(20) DEFAULT NULL COMMENT '角色ID',
  PRIMARY KEY (`id`)
) ENGINE=InnoDB AUTO_INCREMENT=44 DEFAULT CHARSET=utf8 COMMENT='用户与角色对应关系';
/*!40101 SET character_set_client = @saved_cs_client */;

--
-- Dumping data for table `sys_user_role`
--

LOCK TABLES `sys_user_role` WRITE;
/*!40000 ALTER TABLE `sys_user_role` DISABLE KEYS */;
INSERT INTO `sys_user_role` VALUES (38,6,1),(43,1,1);
/*!40000 ALTER TABLE `sys_user_role` ENABLE KEYS */;
UNLOCK TABLES;

--
-- Dumping routines for database 'yimo'
--
/*!40103 SET TIME_ZONE=@OLD_TIME_ZONE */;

/*!40101 SET SQL_MODE=@OLD_SQL_MODE */;
/*!40014 SET FOREIGN_KEY_CHECKS=@OLD_FOREIGN_KEY_CHECKS */;
/*!40014 SET UNIQUE_CHECKS=@OLD_UNIQUE_CHECKS */;
/*!40101 SET CHARACTER_SET_CLIENT=@OLD_CHARACTER_SET_CLIENT */;
/*!40101 SET CHARACTER_SET_RESULTS=@OLD_CHARACTER_SET_RESULTS */;
/*!40101 SET COLLATION_CONNECTION=@OLD_COLLATION_CONNECTION */;
/*!40111 SET SQL_NOTES=@OLD_SQL_NOTES */;

-- Dump completed on 2019-03-01 18:50:12
